0,1,682,1797,Adams
1,2,682,1797,Adams
2,3,682,1797,Adams
3,4,682,1797,Adams
4,5,682,1797,Adams
5,6,682,1797,Adams
6,7,682,1797,Adams
7,8,682,1797,Adams
8,9,682,1797,Adams
9,10,682,1797,Adams
10,11,682,1797,Adams
11,12,682,1797,Adams
12,13,682,1797,Adams
13,14,682,1797,Adams
14,15,682,1797,Adams
15,16,682,1797,Adams
16,17,682,1797,Adams
17,18,682,1797,Adams
18,19,682,1797,Adams
19,20,682,1797,Adams
20,21,682,1797,Adams
21,22,682,1797,Adams
22,23,682,1797,Adams
23,24,682,1797,Adams
24,25,682,1797,Adams
25,26,682,1797,Adams
26,27,682,1797,Adams
27,28,682,1797,Adams
28,29,682,1797,Adams
29,30,682,1797,Adams
30,31,682,1797,Adams
31,32,682,1797,Adams
32,33,682,1797,Adams
33,34,682,1797,Adams
34,35,682,1797,Adams
35,36,682,1797,Adams
36,37,682,1797,Adams
37,38,682,1797,Adams
38,39,682,1797,Adams
39,40,682,1797,Adams
40,41,682,1797,Adams
41,42,682,1797,Adams
42,43,682,1797,Adams
43,44,682,1797,Adams
44,45,682,1797,Adams
45,46,682,1797,Adams
46,47,682,1797,Adams
47,48,682,1797,Adams
48,49,682,1797,Adams
49,50,682,1797,Adams
50,51,682,1797,Adams
51,52,682,1797,Adams
52,53,682,1797,Adams
53,54,682,1797,Adams
54,54,682,1797,Adams
55,54,682,1797,Adams
56,55,682,1797,Adams
57,56,682,1797,Adams
58,57,682,1797,Adams
59,58,682,1797,Adams
60,59,682,1797,Adams
61,60,682,1797,Adams
62,61,682,1797,Adams
63,62,682,1797,Adams
64,63,682,1797,Adams
65,64,682,1797,Adams
66,65,682,1797,Adams
67,66,682,1797,Adams
68,67,682,1797,Adams
69,68,682,1797,Adams
70,69,682,1797,Adams
71,70,682,1797,Adams
72,71,682,1797,Adams
73,72,682,1797,Adams
74,73,682,1797,Adams
75,74,682,1797,Adams
76,75,682,1797,Adams
77,76,682,1797,Adams
78,77,682,1797,Adams
79,78,682,1797,Adams
80,79,682,1797,Adams
81,79,682,1797,Adams
82,80,682,1797,Adams
83,81,682,1797,Adams
84,82,682,1797,Adams
85,83,682,1797,Adams
86,83,682,1797,Adams
87,84,682,1797,Adams
88,85,682,1797,Adams
89,86,682,1797,Adams
90,87,682,1797,Adams
91,88,682,1797,Adams
92,89,682,1797,Adams
93,90,682,1797,Adams
94,91,682,1797,Adams
95,91,682,1797,Adams
96,92,682,1797,Adams
97,92,682,1797,Adams
98,93,682,1797,Adams
99,94,682,1797,Adams
100,95,682,1797,Adams
101,96,682,1797,Adams
102,97,682,1797,Adams
103,98,682,1797,Adams
104,99,682,1797,Adams
105,100,682,1797,Adams
106,101,682,1797,Adams
107,102,682,1797,Adams
108,103,682,1797,Adams
109,104,682,1797,Adams
110,104,682,1797,Adams
111,105,682,1797,Adams
112,105,682,1797,Adams
113,106,682,1797,Adams
114,107,682,1797,Adams
115,108,682,1797,Adams
116,109,682,1797,Adams
117,110,682,1797,Adams
118,111,682,1797,Adams
119,112,682,1797,Adams
120,113,682,1797,Adams
121,114,682,1797,Adams
122,114,682,1797,Adams
123,115,682,1797,Adams
124,116,682,1797,Adams
125,117,682,1797,Adams
126,118,682,1797,Adams
127,118,682,1797,Adams
128,119,682,1797,Adams
129,120,682,1797,Adams
130,121,682,1797,Adams
131,121,682,1797,Adams
132,122,682,1797,Adams
133,123,682,1797,Adams
134,124,682,1797,Adams
135,125,682,1797,Adams
136,126,682,1797,Adams
137,127,682,1797,Adams
138,128,682,1797,Adams
139,129,682,1797,Adams
140,130,682,1797,Adams
141,131,682,1797,Adams
142,132,682,1797,Adams
143,133,682,1797,Adams
144,134,682,1797,Adams
145,135,682,1797,Adams
146,136,682,1797,Adams
147,137,682,1797,Adams
148,138,682,1797,Adams
149,139,682,1797,Adams
150,140,682,1797,Adams
151,141,682,1797,Adams
152,142,682,1797,Adams
153,143,682,1797,Adams
154,143,682,1797,Adams
155,144,682,1797,Adams
156,145,682,1797,Adams
157,146,682,1797,Adams
158,147,682,1797,Adams
159,147,682,1797,Adams
160,148,682,1797,Adams
161,148,682,1797,Adams
162,149,682,1797,Adams
163,150,682,1797,Adams
164,151,682,1797,Adams
165,152,682,1797,Adams
166,153,682,1797,Adams
167,154,682,1797,Adams
168,155,682,1797,Adams
169,156,682,1797,Adams
170,157,682,1797,Adams
171,158,682,1797,Adams
172,159,682,1797,Adams
173,159,682,1797,Adams
174,159,682,1797,Adams
175,160,682,1797,Adams
176,161,682,1797,Adams
177,162,682,1797,Adams
178,163,682,1797,Adams
179,164,682,1797,Adams
180,165,682,1797,Adams
181,166,682,1797,Adams
182,167,682,1797,Adams
183,168,682,1797,Adams
184,169,682,1797,Adams
185,170,682,1797,Adams
186,171,682,1797,Adams
187,172,682,1797,Adams
188,173,682,1797,Adams
189,173,682,1797,Adams
190,173,682,1797,Adams
191,174,682,1797,Adams
192,175,682,1797,Adams
193,176,682,1797,Adams
194,177,682,1797,Adams
195,178,682,1797,Adams
196,179,682,1797,Adams
197,180,682,1797,Adams
198,180,682,1797,Adams
199,181,682,1797,Adams
200,182,682,1797,Adams
201,183,682,1797,Adams
202,184,682,1797,Adams
203,184,682,1797,Adams
204,185,682,1797,Adams
205,186,682,1797,Adams
206,187,682,1797,Adams
207,187,682,1797,Adams
208,188,682,1797,Adams
209,189,682,1797,Adams
210,190,682,1797,Adams
211,191,682,1797,Adams
212,192,682,1797,Adams
213,193,682,1797,Adams
214,194,682,1797,Adams
215,195,682,1797,Adams
216,196,682,1797,Adams
217,197,682,1797,Adams
218,198,682,1797,Adams
219,199,682,1797,Adams
220,199,682,1797,Adams
221,199,682,1797,Adams
222,200,682,1797,Adams
223,201,682,1797,Adams
224,202,682,1797,Adams
225,203,682,1797,Adams
226,203,682,1797,Adams
227,204,682,1797,Adams
228,205,682,1797,Adams
229,205,682,1797,Adams
230,206,682,1797,Adams
231,207,682,1797,Adams
232,207,682,1797,Adams
233,208,682,1797,Adams
234,208,682,1797,Adams
235,208,682,1797,Adams
236,209,682,1797,Adams
237,210,682,1797,Adams
238,210,682,1797,Adams
239,211,682,1797,Adams
240,211,682,1797,Adams
241,212,682,1797,Adams
242,212,682,1797,Adams
243,212,682,1797,Adams
244,212,682,1797,Adams
245,213,682,1797,Adams
246,214,682,1797,Adams
247,215,682,1797,Adams
248,216,682,1797,Adams
249,216,682,1797,Adams
250,217,682,1797,Adams
251,218,682,1797,Adams
252,219,682,1797,Adams
253,219,682,1797,Adams
254,219,682,1797,Adams
255,220,682,1797,Adams
256,220,682,1797,Adams
257,221,682,1797,Adams
258,222,682,1797,Adams
259,222,682,1797,Adams
260,223,682,1797,Adams
261,224,682,1797,Adams
262,224,682,1797,Adams
263,225,682,1797,Adams
264,226,682,1797,Adams
265,227,682,1797,Adams
266,228,682,1797,Adams
267,229,682,1797,Adams
268,230,682,1797,Adams
269,231,682,1797,Adams
270,232,682,1797,Adams
271,232,682,1797,Adams
272,232,682,1797,Adams
273,232,682,1797,Adams
274,233,682,1797,Adams
275,234,682,1797,Adams
276,234,682,1797,Adams
277,234,682,1797,Adams
278,235,682,1797,Adams
279,235,682,1797,Adams
280,236,682,1797,Adams
281,237,682,1797,Adams
282,238,682,1797,Adams
283,238,682,1797,Adams
284,238,682,1797,Adams
285,238,682,1797,Adams
286,239,682,1797,Adams
287,239,682,1797,Adams
288,240,682,1797,Adams
289,240,682,1797,Adams
290,240,682,1797,Adams
291,241,682,1797,Adams
292,241,682,1797,Adams
293,242,682,1797,Adams
294,243,682,1797,Adams
295,244,682,1797,Adams
296,244,682,1797,Adams
297,245,682,1797,Adams
298,246,682,1797,Adams
299,247,682,1797,Adams
300,248,682,1797,Adams
301,248,682,1797,Adams
302,249,682,1797,Adams
303,250,682,1797,Adams
304,251,682,1797,Adams
305,251,682,1797,Adams
306,252,682,1797,Adams
307,253,682,1797,Adams
308,254,682,1797,Adams
309,255,682,1797,Adams
310,255,682,1797,Adams
311,255,682,1797,Adams
312,256,682,1797,Adams
313,257,682,1797,Adams
314,258,682,1797,Adams
315,258,682,1797,Adams
316,259,682,1797,Adams
317,260,682,1797,Adams
318,261,682,1797,Adams
319,262,682,1797,Adams
320,262,682,1797,Adams
321,262,682,1797,Adams
322,263,682,1797,Adams
323,264,682,1797,Adams
324,265,682,1797,Adams
325,266,682,1797,Adams
326,266,682,1797,Adams
327,266,682,1797,Adams
328,267,682,1797,Adams
329,268,682,1797,Adams
330,269,682,1797,Adams
331,269,682,1797,Adams
332,270,682,1797,Adams
333,270,682,1797,Adams
334,270,682,1797,Adams
335,270,682,1797,Adams
336,270,682,1797,Adams
337,271,682,1797,Adams
338,271,682,1797,Adams
339,272,682,1797,Adams
340,273,682,1797,Adams
341,274,682,1797,Adams
342,275,682,1797,Adams
343,275,682,1797,Adams
344,276,682,1797,Adams
345,277,682,1797,Adams
346,278,682,1797,Adams
347,279,682,1797,Adams
348,279,682,1797,Adams
349,280,682,1797,Adams
350,281,682,1797,Adams
351,282,682,1797,Adams
352,283,682,1797,Adams
353,283,682,1797,Adams
354,284,682,1797,Adams
355,284,682,1797,Adams
356,285,682,1797,Adams
357,286,682,1797,Adams
358,287,682,1797,Adams
359,288,682,1797,Adams
360,289,682,1797,Adams
361,289,682,1797,Adams
362,289,682,1797,Adams
363,290,682,1797,Adams
364,291,682,1797,Adams
365,292,682,1797,Adams
366,293,682,1797,Adams
367,294,682,1797,Adams
368,295,682,1797,Adams
369,296,682,1797,Adams
370,296,682,1797,Adams
371,297,682,1797,Adams
372,298,682,1797,Adams
373,299,682,1797,Adams
374,300,682,1797,Adams
375,301,682,1797,Adams
376,301,682,1797,Adams
377,302,682,1797,Adams
378,303,682,1797,Adams
379,303,682,1797,Adams
380,303,682,1797,Adams
381,304,682,1797,Adams
382,304,682,1797,Adams
383,305,682,1797,Adams
384,306,682,1797,Adams
385,307,682,1797,Adams
386,307,682,1797,Adams
387,307,682,1797,Adams
388,308,682,1797,Adams
389,308,682,1797,Adams
390,309,682,1797,Adams
391,310,682,1797,Adams
392,311,682,1797,Adams
393,312,682,1797,Adams
394,312,682,1797,Adams
395,312,682,1797,Adams
396,313,682,1797,Adams
397,314,682,1797,Adams
398,315,682,1797,Adams
399,316,682,1797,Adams
400,316,682,1797,Adams
401,317,682,1797,Adams
402,317,682,1797,Adams
403,318,682,1797,Adams
404,319,682,1797,Adams
405,320,682,1797,Adams
406,321,682,1797,Adams
407,321,682,1797,Adams
408,322,682,1797,Adams
409,323,682,1797,Adams
410,324,682,1797,Adams
411,324,682,1797,Adams
412,325,682,1797,Adams
413,326,682,1797,Adams
414,326,682,1797,Adams
415,326,682,1797,Adams
416,327,682,1797,Adams
417,328,682,1797,Adams
418,329,682,1797,Adams
419,330,682,1797,Adams
420,331,682,1797,Adams
421,332,682,1797,Adams
422,333,682,1797,Adams
423,334,682,1797,Adams
424,334,682,1797,Adams
425,334,682,1797,Adams
426,334,682,1797,Adams
427,334,682,1797,Adams
428,334,682,1797,Adams
429,335,682,1797,Adams
430,335,682,1797,Adams
431,336,682,1797,Adams
432,336,682,1797,Adams
433,337,682,1797,Adams
434,338,682,1797,Adams
435,339,682,1797,Adams
436,340,682,1797,Adams
437,341,682,1797,Adams
438,342,682,1797,Adams
439,343,682,1797,Adams
440,343,682,1797,Adams
441,343,682,1797,Adams
442,344,682,1797,Adams
443,345,682,1797,Adams
444,346,682,1797,Adams
445,346,682,1797,Adams
446,347,682,1797,Adams
447,348,682,1797,Adams
448,349,682,1797,Adams
449,350,682,1797,Adams
450,351,682,1797,Adams
451,352,682,1797,Adams
452,352,682,1797,Adams
453,352,682,1797,Adams
454,353,682,1797,Adams
455,354,682,1797,Adams
456,355,682,1797,Adams
457,356,682,1797,Adams
458,357,682,1797,Adams
459,358,682,1797,Adams
460,359,682,1797,Adams
461,360,682,1797,Adams
462,361,682,1797,Adams
463,362,682,1797,Adams
464,362,682,1797,Adams
465,363,682,1797,Adams
466,364,682,1797,Adams
467,365,682,1797,Adams
468,365,682,1797,Adams
469,366,682,1797,Adams
470,366,682,1797,Adams
471,367,682,1797,Adams
472,367,682,1797,Adams
473,367,682,1797,Adams
474,368,682,1797,Adams
475,369,682,1797,Adams
476,369,682,1797,Adams
477,370,682,1797,Adams
478,371,682,1797,Adams
479,371,682,1797,Adams
480,372,682,1797,Adams
481,372,682,1797,Adams
482,372,682,1797,Adams
483,373,682,1797,Adams
484,373,682,1797,Adams
485,374,682,1797,Adams
486,374,682,1797,Adams
487,374,682,1797,Adams
488,374,682,1797,Adams
489,375,682,1797,Adams
490,376,682,1797,Adams
491,376,682,1797,Adams
492,377,682,1797,Adams
493,378,682,1797,Adams
494,379,682,1797,Adams
495,380,682,1797,Adams
496,380,682,1797,Adams
497,381,682,1797,Adams
498,381,682,1797,Adams
499,382,682,1797,Adams
500,382,682,1797,Adams
501,382,682,1797,Adams
502,382,682,1797,Adams
503,382,682,1797,Adams
504,382,682,1797,Adams
505,382,682,1797,Adams
506,383,682,1797,Adams
507,383,682,1797,Adams
508,384,682,1797,Adams
509,384,682,1797,Adams
510,385,682,1797,Adams
511,386,682,1797,Adams
512,386,682,1797,Adams
513,386,682,1797,Adams
514,387,682,1797,Adams
515,388,682,1797,Adams
516,389,682,1797,Adams
517,390,682,1797,Adams
518,390,682,1797,Adams
519,391,682,1797,Adams
520,392,682,1797,Adams
521,393,682,1797,Adams
522,393,682,1797,Adams
523,394,682,1797,Adams
524,394,682,1797,Adams
525,394,682,1797,Adams
526,395,682,1797,Adams
527,395,682,1797,Adams
528,396,682,1797,Adams
529,396,682,1797,Adams
530,396,682,1797,Adams
531,396,682,1797,Adams
532,396,682,1797,Adams
533,396,682,1797,Adams
534,397,682,1797,Adams
535,398,682,1797,Adams
536,398,682,1797,Adams
537,399,682,1797,Adams
538,400,682,1797,Adams
539,401,682,1797,Adams
540,402,682,1797,Adams
541,403,682,1797,Adams
542,403,682,1797,Adams
543,403,682,1797,Adams
544,404,682,1797,Adams
545,405,682,1797,Adams
546,405,682,1797,Adams
547,406,682,1797,Adams
548,407,682,1797,Adams
549,407,682,1797,Adams
550,408,682,1797,Adams
551,409,682,1797,Adams
552,409,682,1797,Adams
553,409,682,1797,Adams
554,410,682,1797,Adams
555,410,682,1797,Adams
556,411,682,1797,Adams
557,411,682,1797,Adams
558,411,682,1797,Adams
559,411,682,1797,Adams
560,411,682,1797,Adams
561,412,682,1797,Adams
562,412,682,1797,Adams
563,413,682,1797,Adams
564,413,682,1797,Adams
565,413,682,1797,Adams
566,414,682,1797,Adams
567,415,682,1797,Adams
568,416,682,1797,Adams
569,417,682,1797,Adams
570,418,682,1797,Adams
571,419,682,1797,Adams
572,420,682,1797,Adams
573,420,682,1797,Adams
574,420,682,1797,Adams
575,420,682,1797,Adams
576,421,682,1797,Adams
577,421,682,1797,Adams
578,421,682,1797,Adams
579,421,682,1797,Adams
580,421,682,1797,Adams
581,421,682,1797,Adams
582,421,682,1797,Adams
583,421,682,1797,Adams
584,422,682,1797,Adams
585,423,682,1797,Adams
586,423,682,1797,Adams
587,423,682,1797,Adams
588,424,682,1797,Adams
589,424,682,1797,Adams
590,425,682,1797,Adams
591,426,682,1797,Adams
592,426,682,1797,Adams
593,426,682,1797,Adams
594,426,682,1797,Adams
595,427,682,1797,Adams
596,428,682,1797,Adams
597,429,682,1797,Adams
598,430,682,1797,Adams
599,431,682,1797,Adams
600,431,682,1797,Adams
601,432,682,1797,Adams
602,432,682,1797,Adams
603,432,682,1797,Adams
604,433,682,1797,Adams
605,433,682,1797,Adams
606,434,682,1797,Adams
607,434,682,1797,Adams
608,434,682,1797,Adams
609,435,682,1797,Adams
610,436,682,1797,Adams
611,437,682,1797,Adams
612,438,682,1797,Adams
613,438,682,1797,Adams
614,438,682,1797,Adams
615,439,682,1797,Adams
616,439,682,1797,Adams
617,439,682,1797,Adams
618,439,682,1797,Adams
619,440,682,1797,Adams
620,440,682,1797,Adams
621,440,682,1797,Adams
622,441,682,1797,Adams
623,442,682,1797,Adams
624,443,682,1797,Adams
625,443,682,1797,Adams
626,444,682,1797,Adams
627,445,682,1797,Adams
628,446,682,1797,Adams
629,446,682,1797,Adams
630,447,682,1797,Adams
631,447,682,1797,Adams
632,447,682,1797,Adams
633,448,682,1797,Adams
634,449,682,1797,Adams
635,449,682,1797,Adams
636,449,682,1797,Adams
637,449,682,1797,Adams
638,449,682,1797,Adams
639,450,682,1797,Adams
640,451,682,1797,Adams
641,452,682,1797,Adams
642,452,682,1797,Adams
643,453,682,1797,Adams
644,454,682,1797,Adams
645,454,682,1797,Adams
646,454,682,1797,Adams
647,454,682,1797,Adams
648,455,682,1797,Adams
649,456,682,1797,Adams
650,456,682,1797,Adams
651,456,682,1797,Adams
652,457,682,1797,Adams
653,458,682,1797,Adams
654,458,682,1797,Adams
655,458,682,1797,Adams
656,458,682,1797,Adams
657,459,682,1797,Adams
658,460,682,1797,Adams
659,460,682,1797,Adams
660,460,682,1797,Adams
661,460,682,1797,Adams
662,461,682,1797,Adams
663,462,682,1797,Adams
664,463,682,1797,Adams
665,464,682,1797,Adams
666,464,682,1797,Adams
667,464,682,1797,Adams
668,465,682,1797,Adams
669,465,682,1797,Adams
670,466,682,1797,Adams
671,467,682,1797,Adams
672,468,682,1797,Adams
673,468,682,1797,Adams
674,469,682,1797,Adams
675,470,682,1797,Adams
676,471,682,1797,Adams
677,472,682,1797,Adams
678,472,682,1797,Adams
679,473,682,1797,Adams
680,473,682,1797,Adams
681,473,682,1797,Adams
682,474,682,1797,Adams
683,475,682,1797,Adams
684,475,682,1797,Adams
685,476,682,1797,Adams
686,477,682,1797,Adams
687,477,682,1797,Adams
688,478,682,1797,Adams
689,479,682,1797,Adams
690,480,682,1797,Adams
691,481,682,1797,Adams
692,482,682,1797,Adams
693,482,682,1797,Adams
694,482,682,1797,Adams
695,483,682,1797,Adams
696,483,682,1797,Adams
697,484,682,1797,Adams
698,485,682,1797,Adams
699,486,682,1797,Adams
700,487,682,1797,Adams
701,487,682,1797,Adams
702,488,682,1797,Adams
703,488,682,1797,Adams
704,488,682,1797,Adams
705,488,682,1797,Adams
706,488,682,1797,Adams
707,489,682,1797,Adams
708,490,682,1797,Adams
709,491,682,1797,Adams
710,492,682,1797,Adams
711,492,682,1797,Adams
712,493,682,1797,Adams
713,494,682,1797,Adams
714,495,682,1797,Adams
715,496,682,1797,Adams
716,496,682,1797,Adams
717,497,682,1797,Adams
718,497,682,1797,Adams
719,497,682,1797,Adams
720,498,682,1797,Adams
721,499,682,1797,Adams
722,500,682,1797,Adams
723,500,682,1797,Adams
724,501,682,1797,Adams
725,502,682,1797,Adams
726,503,682,1797,Adams
727,503,682,1797,Adams
728,503,682,1797,Adams
729,503,682,1797,Adams
730,504,682,1797,Adams
731,504,682,1797,Adams
732,505,682,1797,Adams
733,505,682,1797,Adams
734,505,682,1797,Adams
735,505,682,1797,Adams
736,505,682,1797,Adams
737,506,682,1797,Adams
738,507,682,1797,Adams
739,508,682,1797,Adams
740,509,682,1797,Adams
741,509,682,1797,Adams
742,509,682,1797,Adams
743,509,682,1797,Adams
744,509,682,1797,Adams
745,510,682,1797,Adams
746,511,682,1797,Adams
747,511,682,1797,Adams
748,512,682,1797,Adams
749,513,682,1797,Adams
750,513,682,1797,Adams
751,514,682,1797,Adams
752,514,682,1797,Adams
753,515,682,1797,Adams
754,516,682,1797,Adams
755,517,682,1797,Adams
756,518,682,1797,Adams
757,518,682,1797,Adams
758,518,682,1797,Adams
759,518,682,1797,Adams
760,518,682,1797,Adams
761,519,682,1797,Adams
762,520,682,1797,Adams
763,521,682,1797,Adams
764,522,682,1797,Adams
765,522,682,1797,Adams
766,522,682,1797,Adams
767,523,682,1797,Adams
768,523,682,1797,Adams
769,524,682,1797,Adams
770,524,682,1797,Adams
771,525,682,1797,Adams
772,525,682,1797,Adams
773,525,682,1797,Adams
774,525,682,1797,Adams
775,525,682,1797,Adams
776,526,682,1797,Adams
777,526,682,1797,Adams
778,526,682,1797,Adams
779,527,682,1797,Adams
780,528,682,1797,Adams
781,529,682,1797,Adams
782,530,682,1797,Adams
783,531,682,1797,Adams
784,532,682,1797,Adams
785,533,682,1797,Adams
786,534,682,1797,Adams
787,535,682,1797,Adams
788,536,682,1797,Adams
789,537,682,1797,Adams
790,537,682,1797,Adams
791,537,682,1797,Adams
792,537,682,1797,Adams
793,537,682,1797,Adams
794,537,682,1797,Adams
795,538,682,1797,Adams
796,538,682,1797,Adams
797,539,682,1797,Adams
798,540,682,1797,Adams
799,540,682,1797,Adams
800,541,682,1797,Adams
801,541,682,1797,Adams
802,542,682,1797,Adams
803,543,682,1797,Adams
804,544,682,1797,Adams
805,545,682,1797,Adams
806,546,682,1797,Adams
807,547,682,1797,Adams
808,548,682,1797,Adams
809,548,682,1797,Adams
810,548,682,1797,Adams
811,549,682,1797,Adams
812,549,682,1797,Adams
813,549,682,1797,Adams
814,550,682,1797,Adams
815,551,682,1797,Adams
816,552,682,1797,Adams
817,552,682,1797,Adams
818,553,682,1797,Adams
819,554,682,1797,Adams
820,554,682,1797,Adams
821,554,682,1797,Adams
822,555,682,1797,Adams
823,555,682,1797,Adams
824,555,682,1797,Adams
825,555,682,1797,Adams
826,556,682,1797,Adams
827,557,682,1797,Adams
828,557,682,1797,Adams
829,558,682,1797,Adams
830,558,682,1797,Adams
831,559,682,1797,Adams
832,560,682,1797,Adams
833,560,682,1797,Adams
834,560,682,1797,Adams
835,560,682,1797,Adams
836,560,682,1797,Adams
837,561,682,1797,Adams
838,561,682,1797,Adams
839,562,682,1797,Adams
840,562,682,1797,Adams
841,562,682,1797,Adams
842,563,682,1797,Adams
843,564,682,1797,Adams
844,565,682,1797,Adams
845,565,682,1797,Adams
846,565,682,1797,Adams
847,565,682,1797,Adams
848,565,682,1797,Adams
849,565,682,1797,Adams
850,566,682,1797,Adams
851,567,682,1797,Adams
852,567,682,1797,Adams
853,568,682,1797,Adams
854,569,682,1797,Adams
855,570,682,1797,Adams
856,570,682,1797,Adams
857,571,682,1797,Adams
858,572,682,1797,Adams
859,573,682,1797,Adams
860,573,682,1797,Adams
861,573,682,1797,Adams
862,574,682,1797,Adams
863,574,682,1797,Adams
864,574,682,1797,Adams
865,575,682,1797,Adams
866,575,682,1797,Adams
867,575,682,1797,Adams
868,576,682,1797,Adams
869,577,682,1797,Adams
870,578,682,1797,Adams
871,579,682,1797,Adams
872,580,682,1797,Adams
873,580,682,1797,Adams
874,580,682,1797,Adams
875,580,682,1797,Adams
876,581,682,1797,Adams
877,581,682,1797,Adams
878,582,682,1797,Adams
879,582,682,1797,Adams
880,583,682,1797,Adams
881,583,682,1797,Adams
882,583,682,1797,Adams
883,583,682,1797,Adams
884,584,682,1797,Adams
885,585,682,1797,Adams
886,585,682,1797,Adams
887,586,682,1797,Adams
888,586,682,1797,Adams
889,587,682,1797,Adams
890,588,682,1797,Adams
891,588,682,1797,Adams
892,589,682,1797,Adams
893,590,682,1797,Adams
894,590,682,1797,Adams
895,590,682,1797,Adams
896,591,682,1797,Adams
897,591,682,1797,Adams
898,591,682,1797,Adams
899,591,682,1797,Adams
900,591,682,1797,Adams
901,591,682,1797,Adams
902,592,682,1797,Adams
903,593,682,1797,Adams
904,593,682,1797,Adams
905,593,682,1797,Adams
906,593,682,1797,Adams
907,594,682,1797,Adams
908,594,682,1797,Adams
909,594,682,1797,Adams
910,595,682,1797,Adams
911,596,682,1797,Adams
912,596,682,1797,Adams
913,597,682,1797,Adams
914,597,682,1797,Adams
915,598,682,1797,Adams
916,599,682,1797,Adams
917,600,682,1797,Adams
918,601,682,1797,Adams
919,602,682,1797,Adams
920,602,682,1797,Adams
921,602,682,1797,Adams
922,602,682,1797,Adams
923,603,682,1797,Adams
924,603,682,1797,Adams
925,603,682,1797,Adams
926,603,682,1797,Adams
927,603,682,1797,Adams
928,604,682,1797,Adams
929,605,682,1797,Adams
930,605,682,1797,Adams
931,606,682,1797,Adams
932,606,682,1797,Adams
933,607,682,1797,Adams
934,608,682,1797,Adams
935,609,682,1797,Adams
936,610,682,1797,Adams
937,610,682,1797,Adams
938,610,682,1797,Adams
939,611,682,1797,Adams
940,611,682,1797,Adams
941,612,682,1797,Adams
942,613,682,1797,Adams
943,614,682,1797,Adams
944,614,682,1797,Adams
945,615,682,1797,Adams
946,616,682,1797,Adams
947,617,682,1797,Adams
948,618,682,1797,Adams
949,619,682,1797,Adams
950,620,682,1797,Adams
951,620,682,1797,Adams
952,620,682,1797,Adams
953,620,682,1797,Adams
954,620,682,1797,Adams
955,620,682,1797,Adams
956,621,682,1797,Adams
957,621,682,1797,Adams
958,622,682,1797,Adams
959,623,682,1797,Adams
960,623,682,1797,Adams
961,623,682,1797,Adams
962,624,682,1797,Adams
963,624,682,1797,Adams
964,624,682,1797,Adams
965,624,682,1797,Adams
966,624,682,1797,Adams
967,625,682,1797,Adams
968,626,682,1797,Adams
969,626,682,1797,Adams
970,626,682,1797,Adams
971,627,682,1797,Adams
972,627,682,1797,Adams
973,628,682,1797,Adams
974,628,682,1797,Adams
975,628,682,1797,Adams
976,628,682,1797,Adams
977,628,682,1797,Adams
978,628,682,1797,Adams
979,628,682,1797,Adams
980,628,682,1797,Adams
981,628,682,1797,Adams
982,629,682,1797,Adams
983,630,682,1797,Adams
984,630,682,1797,Adams
985,630,682,1797,Adams
986,631,682,1797,Adams
987,631,682,1797,Adams
988,631,682,1797,Adams
989,631,682,1797,Adams
990,631,682,1797,Adams
991,632,682,1797,Adams
992,633,682,1797,Adams
993,634,682,1797,Adams
994,635,682,1797,Adams
995,635,682,1797,Adams
996,636,682,1797,Adams
997,637,682,1797,Adams
998,637,682,1797,Adams
999,638,682,1797,Adams
1000,638,682,1797,Adams
1001,639,682,1797,Adams
1002,639,682,1797,Adams
1003,640,682,1797,Adams
1004,640,682,1797,Adams
1005,641,682,1797,Adams
1006,642,682,1797,Adams
1007,642,682,1797,Adams
1008,643,682,1797,Adams
1009,644,682,1797,Adams
1010,644,682,1797,Adams
1011,644,682,1797,Adams
1012,644,682,1797,Adams
1013,645,682,1797,Adams
1014,646,682,1797,Adams
1015,646,682,1797,Adams
1016,647,682,1797,Adams
1017,648,682,1797,Adams
1018,649,682,1797,Adams
1019,649,682,1797,Adams
1020,649,682,1797,Adams
1021,649,682,1797,Adams
1022,650,682,1797,Adams
1023,650,682,1797,Adams
1024,650,682,1797,Adams
1025,650,682,1797,Adams
1026,651,682,1797,Adams
1027,652,682,1797,Adams
1028,653,682,1797,Adams
1029,654,682,1797,Adams
1030,654,682,1797,Adams
1031,654,682,1797,Adams
1032,655,682,1797,Adams
1033,656,682,1797,Adams
1034,657,682,1797,Adams
1035,657,682,1797,Adams
1036,658,682,1797,Adams
1037,658,682,1797,Adams
1038,658,682,1797,Adams
1039,658,682,1797,Adams
1040,659,682,1797,Adams
1041,659,682,1797,Adams
1042,660,682,1797,Adams
1043,660,682,1797,Adams
1044,660,682,1797,Adams
1045,661,682,1797,Adams
1046,661,682,1797,Adams
1047,662,682,1797,Adams
1048,663,682,1797,Adams
1049,664,682,1797,Adams
1050,664,682,1797,Adams
1051,664,682,1797,Adams
1052,664,682,1797,Adams
1053,664,682,1797,Adams
1054,665,682,1797,Adams
1055,665,682,1797,Adams
1056,665,682,1797,Adams
1057,665,682,1797,Adams
1058,665,682,1797,Adams
1059,665,682,1797,Adams
1060,665,682,1797,Adams
1061,665,682,1797,Adams
1062,665,682,1797,Adams
1063,665,682,1797,Adams
1064,665,682,1797,Adams
1065,666,682,1797,Adams
1066,666,682,1797,Adams
1067,666,682,1797,Adams
1068,666,682,1797,Adams
1069,666,682,1797,Adams
1070,666,682,1797,Adams
1071,667,682,1797,Adams
1072,668,682,1797,Adams
1073,669,682,1797,Adams
1074,669,682,1797,Adams
1075,669,682,1797,Adams
1076,669,682,1797,Adams
1077,669,682,1797,Adams
1078,670,682,1797,Adams
1079,670,682,1797,Adams
1080,671,682,1797,Adams
1081,671,682,1797,Adams
1082,671,682,1797,Adams
1083,672,682,1797,Adams
1084,672,682,1797,Adams
1085,672,682,1797,Adams
1086,672,682,1797,Adams
1087,673,682,1797,Adams
1088,674,682,1797,Adams
1089,675,682,1797,Adams
1090,675,682,1797,Adams
1091,676,682,1797,Adams
1092,676,682,1797,Adams
1093,677,682,1797,Adams
1094,677,682,1797,Adams
1095,677,682,1797,Adams
1096,677,682,1797,Adams
1097,677,682,1797,Adams
1098,678,682,1797,Adams
1099,678,682,1797,Adams
1100,678,682,1797,Adams
1101,678,682,1797,Adams
1102,678,682,1797,Adams
1103,678,682,1797,Adams
1104,679,682,1797,Adams
1105,680,682,1797,Adams
1106,680,682,1797,Adams
1107,681,682,1797,Adams
1108,682,682,1797,Adams
1109,682,682,1797,Adams
1110,682,682,1797,Adams
1111,682,682,1797,Adams
