0,1,1126,1845,Polk
1,2,1126,1845,Polk
2,3,1126,1845,Polk
3,4,1126,1845,Polk
4,5,1126,1845,Polk
5,6,1126,1845,Polk
6,7,1126,1845,Polk
7,8,1126,1845,Polk
8,9,1126,1845,Polk
9,10,1126,1845,Polk
10,11,1126,1845,Polk
11,12,1126,1845,Polk
12,13,1126,1845,Polk
13,14,1126,1845,Polk
14,15,1126,1845,Polk
15,15,1126,1845,Polk
16,16,1126,1845,Polk
17,17,1126,1845,Polk
18,18,1126,1845,Polk
19,19,1126,1845,Polk
20,20,1126,1845,Polk
21,21,1126,1845,Polk
22,22,1126,1845,Polk
23,23,1126,1845,Polk
24,24,1126,1845,Polk
25,25,1126,1845,Polk
26,26,1126,1845,Polk
27,27,1126,1845,Polk
28,27,1126,1845,Polk
29,28,1126,1845,Polk
30,29,1126,1845,Polk
31,29,1126,1845,Polk
32,30,1126,1845,Polk
33,31,1126,1845,Polk
34,32,1126,1845,Polk
35,33,1126,1845,Polk
36,34,1126,1845,Polk
37,35,1126,1845,Polk
38,36,1126,1845,Polk
39,37,1126,1845,Polk
40,38,1126,1845,Polk
41,38,1126,1845,Polk
42,39,1126,1845,Polk
43,40,1126,1845,Polk
44,41,1126,1845,Polk
45,42,1126,1845,Polk
46,43,1126,1845,Polk
47,44,1126,1845,Polk
48,45,1126,1845,Polk
49,46,1126,1845,Polk
50,46,1126,1845,Polk
51,46,1126,1845,Polk
52,47,1126,1845,Polk
53,48,1126,1845,Polk
54,49,1126,1845,Polk
55,50,1126,1845,Polk
56,51,1126,1845,Polk
57,52,1126,1845,Polk
58,53,1126,1845,Polk
59,54,1126,1845,Polk
60,55,1126,1845,Polk
61,56,1126,1845,Polk
62,57,1126,1845,Polk
63,58,1126,1845,Polk
64,58,1126,1845,Polk
65,59,1126,1845,Polk
66,60,1126,1845,Polk
67,61,1126,1845,Polk
68,62,1126,1845,Polk
69,63,1126,1845,Polk
70,64,1126,1845,Polk
71,65,1126,1845,Polk
72,66,1126,1845,Polk
73,67,1126,1845,Polk
74,68,1126,1845,Polk
75,69,1126,1845,Polk
76,70,1126,1845,Polk
77,71,1126,1845,Polk
78,72,1126,1845,Polk
79,73,1126,1845,Polk
80,74,1126,1845,Polk
81,75,1126,1845,Polk
82,76,1126,1845,Polk
83,77,1126,1845,Polk
84,78,1126,1845,Polk
85,79,1126,1845,Polk
86,80,1126,1845,Polk
87,81,1126,1845,Polk
88,81,1126,1845,Polk
89,82,1126,1845,Polk
90,83,1126,1845,Polk
91,84,1126,1845,Polk
92,85,1126,1845,Polk
93,86,1126,1845,Polk
94,87,1126,1845,Polk
95,88,1126,1845,Polk
96,89,1126,1845,Polk
97,90,1126,1845,Polk
98,91,1126,1845,Polk
99,92,1126,1845,Polk
100,93,1126,1845,Polk
101,93,1126,1845,Polk
102,94,1126,1845,Polk
103,94,1126,1845,Polk
104,95,1126,1845,Polk
105,96,1126,1845,Polk
106,97,1126,1845,Polk
107,98,1126,1845,Polk
108,99,1126,1845,Polk
109,100,1126,1845,Polk
110,101,1126,1845,Polk
111,102,1126,1845,Polk
112,103,1126,1845,Polk
113,104,1126,1845,Polk
114,104,1126,1845,Polk
115,105,1126,1845,Polk
116,106,1126,1845,Polk
117,107,1126,1845,Polk
118,108,1126,1845,Polk
119,109,1126,1845,Polk
120,109,1126,1845,Polk
121,110,1126,1845,Polk
122,111,1126,1845,Polk
123,112,1126,1845,Polk
124,113,1126,1845,Polk
125,114,1126,1845,Polk
126,115,1126,1845,Polk
127,115,1126,1845,Polk
128,116,1126,1845,Polk
129,117,1126,1845,Polk
130,118,1126,1845,Polk
131,119,1126,1845,Polk
132,120,1126,1845,Polk
133,121,1126,1845,Polk
134,122,1126,1845,Polk
135,123,1126,1845,Polk
136,124,1126,1845,Polk
137,124,1126,1845,Polk
138,124,1126,1845,Polk
139,125,1126,1845,Polk
140,126,1126,1845,Polk
141,126,1126,1845,Polk
142,127,1126,1845,Polk
143,128,1126,1845,Polk
144,129,1126,1845,Polk
145,130,1126,1845,Polk
146,130,1126,1845,Polk
147,131,1126,1845,Polk
148,131,1126,1845,Polk
149,132,1126,1845,Polk
150,133,1126,1845,Polk
151,134,1126,1845,Polk
152,134,1126,1845,Polk
153,135,1126,1845,Polk
154,136,1126,1845,Polk
155,137,1126,1845,Polk
156,138,1126,1845,Polk
157,138,1126,1845,Polk
158,138,1126,1845,Polk
159,139,1126,1845,Polk
160,140,1126,1845,Polk
161,141,1126,1845,Polk
162,141,1126,1845,Polk
163,142,1126,1845,Polk
164,143,1126,1845,Polk
165,143,1126,1845,Polk
166,143,1126,1845,Polk
167,144,1126,1845,Polk
168,145,1126,1845,Polk
169,146,1126,1845,Polk
170,146,1126,1845,Polk
171,147,1126,1845,Polk
172,148,1126,1845,Polk
173,149,1126,1845,Polk
174,150,1126,1845,Polk
175,150,1126,1845,Polk
176,151,1126,1845,Polk
177,152,1126,1845,Polk
178,153,1126,1845,Polk
179,154,1126,1845,Polk
180,155,1126,1845,Polk
181,156,1126,1845,Polk
182,157,1126,1845,Polk
183,158,1126,1845,Polk
184,159,1126,1845,Polk
185,160,1126,1845,Polk
186,161,1126,1845,Polk
187,161,1126,1845,Polk
188,162,1126,1845,Polk
189,162,1126,1845,Polk
190,163,1126,1845,Polk
191,163,1126,1845,Polk
192,163,1126,1845,Polk
193,164,1126,1845,Polk
194,164,1126,1845,Polk
195,165,1126,1845,Polk
196,165,1126,1845,Polk
197,166,1126,1845,Polk
198,167,1126,1845,Polk
199,168,1126,1845,Polk
200,169,1126,1845,Polk
201,170,1126,1845,Polk
202,171,1126,1845,Polk
203,171,1126,1845,Polk
204,172,1126,1845,Polk
205,173,1126,1845,Polk
206,174,1126,1845,Polk
207,175,1126,1845,Polk
208,176,1126,1845,Polk
209,177,1126,1845,Polk
210,178,1126,1845,Polk
211,179,1126,1845,Polk
212,180,1126,1845,Polk
213,181,1126,1845,Polk
214,181,1126,1845,Polk
215,181,1126,1845,Polk
216,181,1126,1845,Polk
217,181,1126,1845,Polk
218,181,1126,1845,Polk
219,182,1126,1845,Polk
220,183,1126,1845,Polk
221,183,1126,1845,Polk
222,184,1126,1845,Polk
223,185,1126,1845,Polk
224,186,1126,1845,Polk
225,186,1126,1845,Polk
226,186,1126,1845,Polk
227,186,1126,1845,Polk
228,187,1126,1845,Polk
229,188,1126,1845,Polk
230,189,1126,1845,Polk
231,190,1126,1845,Polk
232,190,1126,1845,Polk
233,190,1126,1845,Polk
234,191,1126,1845,Polk
235,192,1126,1845,Polk
236,193,1126,1845,Polk
237,194,1126,1845,Polk
238,195,1126,1845,Polk
239,196,1126,1845,Polk
240,196,1126,1845,Polk
241,197,1126,1845,Polk
242,198,1126,1845,Polk
243,198,1126,1845,Polk
244,199,1126,1845,Polk
245,200,1126,1845,Polk
246,201,1126,1845,Polk
247,201,1126,1845,Polk
248,202,1126,1845,Polk
249,203,1126,1845,Polk
250,204,1126,1845,Polk
251,204,1126,1845,Polk
252,205,1126,1845,Polk
253,205,1126,1845,Polk
254,206,1126,1845,Polk
255,206,1126,1845,Polk
256,207,1126,1845,Polk
257,207,1126,1845,Polk
258,207,1126,1845,Polk
259,207,1126,1845,Polk
260,207,1126,1845,Polk
261,207,1126,1845,Polk
262,208,1126,1845,Polk
263,208,1126,1845,Polk
264,209,1126,1845,Polk
265,209,1126,1845,Polk
266,210,1126,1845,Polk
267,211,1126,1845,Polk
268,212,1126,1845,Polk
269,213,1126,1845,Polk
270,213,1126,1845,Polk
271,213,1126,1845,Polk
272,213,1126,1845,Polk
273,213,1126,1845,Polk
274,213,1126,1845,Polk
275,214,1126,1845,Polk
276,214,1126,1845,Polk
277,214,1126,1845,Polk
278,214,1126,1845,Polk
279,214,1126,1845,Polk
280,215,1126,1845,Polk
281,215,1126,1845,Polk
282,215,1126,1845,Polk
283,216,1126,1845,Polk
284,217,1126,1845,Polk
285,217,1126,1845,Polk
286,218,1126,1845,Polk
287,218,1126,1845,Polk
288,218,1126,1845,Polk
289,218,1126,1845,Polk
290,218,1126,1845,Polk
291,218,1126,1845,Polk
292,219,1126,1845,Polk
293,220,1126,1845,Polk
294,221,1126,1845,Polk
295,222,1126,1845,Polk
296,223,1126,1845,Polk
297,224,1126,1845,Polk
298,224,1126,1845,Polk
299,224,1126,1845,Polk
300,224,1126,1845,Polk
301,224,1126,1845,Polk
302,224,1126,1845,Polk
303,225,1126,1845,Polk
304,226,1126,1845,Polk
305,227,1126,1845,Polk
306,228,1126,1845,Polk
307,228,1126,1845,Polk
308,228,1126,1845,Polk
309,228,1126,1845,Polk
310,229,1126,1845,Polk
311,229,1126,1845,Polk
312,230,1126,1845,Polk
313,231,1126,1845,Polk
314,232,1126,1845,Polk
315,233,1126,1845,Polk
316,234,1126,1845,Polk
317,235,1126,1845,Polk
318,236,1126,1845,Polk
319,236,1126,1845,Polk
320,236,1126,1845,Polk
321,236,1126,1845,Polk
322,237,1126,1845,Polk
323,238,1126,1845,Polk
324,239,1126,1845,Polk
325,240,1126,1845,Polk
326,240,1126,1845,Polk
327,241,1126,1845,Polk
328,242,1126,1845,Polk
329,243,1126,1845,Polk
330,243,1126,1845,Polk
331,243,1126,1845,Polk
332,243,1126,1845,Polk
333,243,1126,1845,Polk
334,244,1126,1845,Polk
335,245,1126,1845,Polk
336,246,1126,1845,Polk
337,247,1126,1845,Polk
338,248,1126,1845,Polk
339,249,1126,1845,Polk
340,250,1126,1845,Polk
341,250,1126,1845,Polk
342,251,1126,1845,Polk
343,251,1126,1845,Polk
344,251,1126,1845,Polk
345,252,1126,1845,Polk
346,253,1126,1845,Polk
347,253,1126,1845,Polk
348,253,1126,1845,Polk
349,254,1126,1845,Polk
350,255,1126,1845,Polk
351,256,1126,1845,Polk
352,257,1126,1845,Polk
353,258,1126,1845,Polk
354,259,1126,1845,Polk
355,259,1126,1845,Polk
356,260,1126,1845,Polk
357,261,1126,1845,Polk
358,262,1126,1845,Polk
359,262,1126,1845,Polk
360,263,1126,1845,Polk
361,264,1126,1845,Polk
362,264,1126,1845,Polk
363,264,1126,1845,Polk
364,265,1126,1845,Polk
365,266,1126,1845,Polk
366,266,1126,1845,Polk
367,267,1126,1845,Polk
368,268,1126,1845,Polk
369,268,1126,1845,Polk
370,268,1126,1845,Polk
371,269,1126,1845,Polk
372,270,1126,1845,Polk
373,271,1126,1845,Polk
374,271,1126,1845,Polk
375,272,1126,1845,Polk
376,272,1126,1845,Polk
377,273,1126,1845,Polk
378,274,1126,1845,Polk
379,275,1126,1845,Polk
380,275,1126,1845,Polk
381,276,1126,1845,Polk
382,277,1126,1845,Polk
383,278,1126,1845,Polk
384,278,1126,1845,Polk
385,279,1126,1845,Polk
386,279,1126,1845,Polk
387,279,1126,1845,Polk
388,280,1126,1845,Polk
389,280,1126,1845,Polk
390,281,1126,1845,Polk
391,282,1126,1845,Polk
392,283,1126,1845,Polk
393,284,1126,1845,Polk
394,285,1126,1845,Polk
395,285,1126,1845,Polk
396,286,1126,1845,Polk
397,287,1126,1845,Polk
398,287,1126,1845,Polk
399,287,1126,1845,Polk
400,287,1126,1845,Polk
401,288,1126,1845,Polk
402,288,1126,1845,Polk
403,288,1126,1845,Polk
404,289,1126,1845,Polk
405,289,1126,1845,Polk
406,290,1126,1845,Polk
407,291,1126,1845,Polk
408,291,1126,1845,Polk
409,291,1126,1845,Polk
410,291,1126,1845,Polk
411,292,1126,1845,Polk
412,293,1126,1845,Polk
413,293,1126,1845,Polk
414,294,1126,1845,Polk
415,294,1126,1845,Polk
416,295,1126,1845,Polk
417,296,1126,1845,Polk
418,296,1126,1845,Polk
419,297,1126,1845,Polk
420,298,1126,1845,Polk
421,299,1126,1845,Polk
422,300,1126,1845,Polk
423,301,1126,1845,Polk
424,302,1126,1845,Polk
425,303,1126,1845,Polk
426,304,1126,1845,Polk
427,304,1126,1845,Polk
428,304,1126,1845,Polk
429,304,1126,1845,Polk
430,304,1126,1845,Polk
431,304,1126,1845,Polk
432,304,1126,1845,Polk
433,304,1126,1845,Polk
434,304,1126,1845,Polk
435,304,1126,1845,Polk
436,304,1126,1845,Polk
437,304,1126,1845,Polk
438,305,1126,1845,Polk
439,306,1126,1845,Polk
440,307,1126,1845,Polk
441,308,1126,1845,Polk
442,309,1126,1845,Polk
443,310,1126,1845,Polk
444,311,1126,1845,Polk
445,311,1126,1845,Polk
446,312,1126,1845,Polk
447,313,1126,1845,Polk
448,314,1126,1845,Polk
449,314,1126,1845,Polk
450,315,1126,1845,Polk
451,316,1126,1845,Polk
452,317,1126,1845,Polk
453,317,1126,1845,Polk
454,318,1126,1845,Polk
455,318,1126,1845,Polk
456,318,1126,1845,Polk
457,319,1126,1845,Polk
458,320,1126,1845,Polk
459,321,1126,1845,Polk
460,321,1126,1845,Polk
461,322,1126,1845,Polk
462,322,1126,1845,Polk
463,323,1126,1845,Polk
464,324,1126,1845,Polk
465,325,1126,1845,Polk
466,326,1126,1845,Polk
467,327,1126,1845,Polk
468,327,1126,1845,Polk
469,328,1126,1845,Polk
470,329,1126,1845,Polk
471,330,1126,1845,Polk
472,331,1126,1845,Polk
473,332,1126,1845,Polk
474,333,1126,1845,Polk
475,334,1126,1845,Polk
476,335,1126,1845,Polk
477,336,1126,1845,Polk
478,336,1126,1845,Polk
479,336,1126,1845,Polk
480,337,1126,1845,Polk
481,337,1126,1845,Polk
482,337,1126,1845,Polk
483,337,1126,1845,Polk
484,338,1126,1845,Polk
485,339,1126,1845,Polk
486,339,1126,1845,Polk
487,339,1126,1845,Polk
488,340,1126,1845,Polk
489,340,1126,1845,Polk
490,341,1126,1845,Polk
491,342,1126,1845,Polk
492,342,1126,1845,Polk
493,342,1126,1845,Polk
494,342,1126,1845,Polk
495,343,1126,1845,Polk
496,344,1126,1845,Polk
497,344,1126,1845,Polk
498,345,1126,1845,Polk
499,345,1126,1845,Polk
500,345,1126,1845,Polk
501,345,1126,1845,Polk
502,345,1126,1845,Polk
503,346,1126,1845,Polk
504,346,1126,1845,Polk
505,347,1126,1845,Polk
506,348,1126,1845,Polk
507,349,1126,1845,Polk
508,349,1126,1845,Polk
509,349,1126,1845,Polk
510,349,1126,1845,Polk
511,349,1126,1845,Polk
512,350,1126,1845,Polk
513,350,1126,1845,Polk
514,351,1126,1845,Polk
515,352,1126,1845,Polk
516,353,1126,1845,Polk
517,353,1126,1845,Polk
518,353,1126,1845,Polk
519,353,1126,1845,Polk
520,354,1126,1845,Polk
521,354,1126,1845,Polk
522,355,1126,1845,Polk
523,356,1126,1845,Polk
524,356,1126,1845,Polk
525,356,1126,1845,Polk
526,356,1126,1845,Polk
527,357,1126,1845,Polk
528,358,1126,1845,Polk
529,359,1126,1845,Polk
530,360,1126,1845,Polk
531,360,1126,1845,Polk
532,361,1126,1845,Polk
533,362,1126,1845,Polk
534,362,1126,1845,Polk
535,363,1126,1845,Polk
536,363,1126,1845,Polk
537,364,1126,1845,Polk
538,365,1126,1845,Polk
539,365,1126,1845,Polk
540,366,1126,1845,Polk
541,366,1126,1845,Polk
542,367,1126,1845,Polk
543,368,1126,1845,Polk
544,369,1126,1845,Polk
545,370,1126,1845,Polk
546,371,1126,1845,Polk
547,372,1126,1845,Polk
548,373,1126,1845,Polk
549,374,1126,1845,Polk
550,375,1126,1845,Polk
551,375,1126,1845,Polk
552,375,1126,1845,Polk
553,375,1126,1845,Polk
554,376,1126,1845,Polk
555,376,1126,1845,Polk
556,377,1126,1845,Polk
557,377,1126,1845,Polk
558,378,1126,1845,Polk
559,379,1126,1845,Polk
560,380,1126,1845,Polk
561,381,1126,1845,Polk
562,382,1126,1845,Polk
563,382,1126,1845,Polk
564,382,1126,1845,Polk
565,382,1126,1845,Polk
566,383,1126,1845,Polk
567,384,1126,1845,Polk
568,384,1126,1845,Polk
569,384,1126,1845,Polk
570,385,1126,1845,Polk
571,385,1126,1845,Polk
572,386,1126,1845,Polk
573,387,1126,1845,Polk
574,387,1126,1845,Polk
575,387,1126,1845,Polk
576,388,1126,1845,Polk
577,389,1126,1845,Polk
578,389,1126,1845,Polk
579,389,1126,1845,Polk
580,389,1126,1845,Polk
581,390,1126,1845,Polk
582,390,1126,1845,Polk
583,390,1126,1845,Polk
584,391,1126,1845,Polk
585,392,1126,1845,Polk
586,392,1126,1845,Polk
587,393,1126,1845,Polk
588,394,1126,1845,Polk
589,394,1126,1845,Polk
590,395,1126,1845,Polk
591,396,1126,1845,Polk
592,397,1126,1845,Polk
593,398,1126,1845,Polk
594,398,1126,1845,Polk
595,399,1126,1845,Polk
596,399,1126,1845,Polk
597,399,1126,1845,Polk
598,399,1126,1845,Polk
599,400,1126,1845,Polk
600,401,1126,1845,Polk
601,402,1126,1845,Polk
602,403,1126,1845,Polk
603,404,1126,1845,Polk
604,405,1126,1845,Polk
605,406,1126,1845,Polk
606,407,1126,1845,Polk
607,407,1126,1845,Polk
608,408,1126,1845,Polk
609,409,1126,1845,Polk
610,410,1126,1845,Polk
611,411,1126,1845,Polk
612,411,1126,1845,Polk
613,412,1126,1845,Polk
614,412,1126,1845,Polk
615,413,1126,1845,Polk
616,414,1126,1845,Polk
617,415,1126,1845,Polk
618,415,1126,1845,Polk
619,416,1126,1845,Polk
620,417,1126,1845,Polk
621,418,1126,1845,Polk
622,418,1126,1845,Polk
623,419,1126,1845,Polk
624,420,1126,1845,Polk
625,421,1126,1845,Polk
626,422,1126,1845,Polk
627,423,1126,1845,Polk
628,423,1126,1845,Polk
629,424,1126,1845,Polk
630,425,1126,1845,Polk
631,426,1126,1845,Polk
632,426,1126,1845,Polk
633,426,1126,1845,Polk
634,427,1126,1845,Polk
635,428,1126,1845,Polk
636,429,1126,1845,Polk
637,430,1126,1845,Polk
638,431,1126,1845,Polk
639,431,1126,1845,Polk
640,432,1126,1845,Polk
641,433,1126,1845,Polk
642,434,1126,1845,Polk
643,434,1126,1845,Polk
644,434,1126,1845,Polk
645,435,1126,1845,Polk
646,436,1126,1845,Polk
647,437,1126,1845,Polk
648,438,1126,1845,Polk
649,439,1126,1845,Polk
650,440,1126,1845,Polk
651,441,1126,1845,Polk
652,442,1126,1845,Polk
653,442,1126,1845,Polk
654,443,1126,1845,Polk
655,444,1126,1845,Polk
656,444,1126,1845,Polk
657,444,1126,1845,Polk
658,445,1126,1845,Polk
659,446,1126,1845,Polk
660,447,1126,1845,Polk
661,447,1126,1845,Polk
662,448,1126,1845,Polk
663,449,1126,1845,Polk
664,450,1126,1845,Polk
665,451,1126,1845,Polk
666,452,1126,1845,Polk
667,452,1126,1845,Polk
668,453,1126,1845,Polk
669,454,1126,1845,Polk
670,455,1126,1845,Polk
671,455,1126,1845,Polk
672,455,1126,1845,Polk
673,455,1126,1845,Polk
674,456,1126,1845,Polk
675,457,1126,1845,Polk
676,458,1126,1845,Polk
677,459,1126,1845,Polk
678,459,1126,1845,Polk
679,459,1126,1845,Polk
680,460,1126,1845,Polk
681,461,1126,1845,Polk
682,461,1126,1845,Polk
683,462,1126,1845,Polk
684,463,1126,1845,Polk
685,463,1126,1845,Polk
686,463,1126,1845,Polk
687,463,1126,1845,Polk
688,463,1126,1845,Polk
689,464,1126,1845,Polk
690,465,1126,1845,Polk
691,465,1126,1845,Polk
692,465,1126,1845,Polk
693,466,1126,1845,Polk
694,467,1126,1845,Polk
695,467,1126,1845,Polk
696,468,1126,1845,Polk
697,469,1126,1845,Polk
698,469,1126,1845,Polk
699,469,1126,1845,Polk
700,469,1126,1845,Polk
701,470,1126,1845,Polk
702,470,1126,1845,Polk
703,471,1126,1845,Polk
704,472,1126,1845,Polk
705,472,1126,1845,Polk
706,473,1126,1845,Polk
707,473,1126,1845,Polk
708,473,1126,1845,Polk
709,474,1126,1845,Polk
710,474,1126,1845,Polk
711,475,1126,1845,Polk
712,476,1126,1845,Polk
713,476,1126,1845,Polk
714,477,1126,1845,Polk
715,478,1126,1845,Polk
716,478,1126,1845,Polk
717,478,1126,1845,Polk
718,478,1126,1845,Polk
719,478,1126,1845,Polk
720,479,1126,1845,Polk
721,480,1126,1845,Polk
722,480,1126,1845,Polk
723,480,1126,1845,Polk
724,481,1126,1845,Polk
725,481,1126,1845,Polk
726,482,1126,1845,Polk
727,482,1126,1845,Polk
728,483,1126,1845,Polk
729,483,1126,1845,Polk
730,483,1126,1845,Polk
731,483,1126,1845,Polk
732,483,1126,1845,Polk
733,483,1126,1845,Polk
734,483,1126,1845,Polk
735,483,1126,1845,Polk
736,483,1126,1845,Polk
737,484,1126,1845,Polk
738,485,1126,1845,Polk
739,485,1126,1845,Polk
740,486,1126,1845,Polk
741,487,1126,1845,Polk
742,488,1126,1845,Polk
743,488,1126,1845,Polk
744,489,1126,1845,Polk
745,489,1126,1845,Polk
746,490,1126,1845,Polk
747,490,1126,1845,Polk
748,491,1126,1845,Polk
749,492,1126,1845,Polk
750,492,1126,1845,Polk
751,493,1126,1845,Polk
752,494,1126,1845,Polk
753,495,1126,1845,Polk
754,495,1126,1845,Polk
755,495,1126,1845,Polk
756,496,1126,1845,Polk
757,496,1126,1845,Polk
758,496,1126,1845,Polk
759,496,1126,1845,Polk
760,496,1126,1845,Polk
761,497,1126,1845,Polk
762,498,1126,1845,Polk
763,498,1126,1845,Polk
764,498,1126,1845,Polk
765,499,1126,1845,Polk
766,499,1126,1845,Polk
767,500,1126,1845,Polk
768,501,1126,1845,Polk
769,502,1126,1845,Polk
770,502,1126,1845,Polk
771,502,1126,1845,Polk
772,503,1126,1845,Polk
773,504,1126,1845,Polk
774,504,1126,1845,Polk
775,505,1126,1845,Polk
776,506,1126,1845,Polk
777,507,1126,1845,Polk
778,507,1126,1845,Polk
779,507,1126,1845,Polk
780,507,1126,1845,Polk
781,507,1126,1845,Polk
782,507,1126,1845,Polk
783,508,1126,1845,Polk
784,508,1126,1845,Polk
785,508,1126,1845,Polk
786,509,1126,1845,Polk
787,510,1126,1845,Polk
788,511,1126,1845,Polk
789,512,1126,1845,Polk
790,512,1126,1845,Polk
791,512,1126,1845,Polk
792,513,1126,1845,Polk
793,514,1126,1845,Polk
794,515,1126,1845,Polk
795,515,1126,1845,Polk
796,515,1126,1845,Polk
797,515,1126,1845,Polk
798,515,1126,1845,Polk
799,516,1126,1845,Polk
800,516,1126,1845,Polk
801,516,1126,1845,Polk
802,516,1126,1845,Polk
803,517,1126,1845,Polk
804,518,1126,1845,Polk
805,518,1126,1845,Polk
806,519,1126,1845,Polk
807,520,1126,1845,Polk
808,521,1126,1845,Polk
809,521,1126,1845,Polk
810,522,1126,1845,Polk
811,523,1126,1845,Polk
812,524,1126,1845,Polk
813,525,1126,1845,Polk
814,526,1126,1845,Polk
815,527,1126,1845,Polk
816,527,1126,1845,Polk
817,527,1126,1845,Polk
818,527,1126,1845,Polk
819,528,1126,1845,Polk
820,528,1126,1845,Polk
821,529,1126,1845,Polk
822,530,1126,1845,Polk
823,531,1126,1845,Polk
824,531,1126,1845,Polk
825,532,1126,1845,Polk
826,532,1126,1845,Polk
827,533,1126,1845,Polk
828,534,1126,1845,Polk
829,535,1126,1845,Polk
830,535,1126,1845,Polk
831,535,1126,1845,Polk
832,536,1126,1845,Polk
833,536,1126,1845,Polk
834,537,1126,1845,Polk
835,538,1126,1845,Polk
836,539,1126,1845,Polk
837,540,1126,1845,Polk
838,541,1126,1845,Polk
839,542,1126,1845,Polk
840,543,1126,1845,Polk
841,544,1126,1845,Polk
842,545,1126,1845,Polk
843,545,1126,1845,Polk
844,545,1126,1845,Polk
845,545,1126,1845,Polk
846,545,1126,1845,Polk
847,545,1126,1845,Polk
848,545,1126,1845,Polk
849,545,1126,1845,Polk
850,545,1126,1845,Polk
851,546,1126,1845,Polk
852,547,1126,1845,Polk
853,548,1126,1845,Polk
854,549,1126,1845,Polk
855,549,1126,1845,Polk
856,549,1126,1845,Polk
857,549,1126,1845,Polk
858,549,1126,1845,Polk
859,550,1126,1845,Polk
860,550,1126,1845,Polk
861,551,1126,1845,Polk
862,551,1126,1845,Polk
863,552,1126,1845,Polk
864,553,1126,1845,Polk
865,553,1126,1845,Polk
866,553,1126,1845,Polk
867,554,1126,1845,Polk
868,554,1126,1845,Polk
869,555,1126,1845,Polk
870,556,1126,1845,Polk
871,557,1126,1845,Polk
872,558,1126,1845,Polk
873,559,1126,1845,Polk
874,560,1126,1845,Polk
875,560,1126,1845,Polk
876,560,1126,1845,Polk
877,560,1126,1845,Polk
878,560,1126,1845,Polk
879,560,1126,1845,Polk
880,561,1126,1845,Polk
881,562,1126,1845,Polk
882,563,1126,1845,Polk
883,564,1126,1845,Polk
884,564,1126,1845,Polk
885,564,1126,1845,Polk
886,564,1126,1845,Polk
887,565,1126,1845,Polk
888,566,1126,1845,Polk
889,567,1126,1845,Polk
890,567,1126,1845,Polk
891,568,1126,1845,Polk
892,569,1126,1845,Polk
893,569,1126,1845,Polk
894,570,1126,1845,Polk
895,570,1126,1845,Polk
896,571,1126,1845,Polk
897,571,1126,1845,Polk
898,571,1126,1845,Polk
899,572,1126,1845,Polk
900,572,1126,1845,Polk
901,572,1126,1845,Polk
902,573,1126,1845,Polk
903,573,1126,1845,Polk
904,573,1126,1845,Polk
905,574,1126,1845,Polk
906,575,1126,1845,Polk
907,575,1126,1845,Polk
908,576,1126,1845,Polk
909,576,1126,1845,Polk
910,576,1126,1845,Polk
911,576,1126,1845,Polk
912,577,1126,1845,Polk
913,578,1126,1845,Polk
914,578,1126,1845,Polk
915,579,1126,1845,Polk
916,579,1126,1845,Polk
917,579,1126,1845,Polk
918,579,1126,1845,Polk
919,580,1126,1845,Polk
920,580,1126,1845,Polk
921,580,1126,1845,Polk
922,580,1126,1845,Polk
923,580,1126,1845,Polk
924,580,1126,1845,Polk
925,581,1126,1845,Polk
926,582,1126,1845,Polk
927,582,1126,1845,Polk
928,582,1126,1845,Polk
929,582,1126,1845,Polk
930,582,1126,1845,Polk
931,582,1126,1845,Polk
932,583,1126,1845,Polk
933,583,1126,1845,Polk
934,583,1126,1845,Polk
935,584,1126,1845,Polk
936,585,1126,1845,Polk
937,585,1126,1845,Polk
938,585,1126,1845,Polk
939,586,1126,1845,Polk
940,586,1126,1845,Polk
941,587,1126,1845,Polk
942,587,1126,1845,Polk
943,587,1126,1845,Polk
944,587,1126,1845,Polk
945,587,1126,1845,Polk
946,588,1126,1845,Polk
947,588,1126,1845,Polk
948,588,1126,1845,Polk
949,589,1126,1845,Polk
950,590,1126,1845,Polk
951,590,1126,1845,Polk
952,590,1126,1845,Polk
953,591,1126,1845,Polk
954,592,1126,1845,Polk
955,592,1126,1845,Polk
956,592,1126,1845,Polk
957,592,1126,1845,Polk
958,592,1126,1845,Polk
959,592,1126,1845,Polk
960,593,1126,1845,Polk
961,594,1126,1845,Polk
962,595,1126,1845,Polk
963,595,1126,1845,Polk
964,596,1126,1845,Polk
965,596,1126,1845,Polk
966,596,1126,1845,Polk
967,597,1126,1845,Polk
968,597,1126,1845,Polk
969,597,1126,1845,Polk
970,597,1126,1845,Polk
971,597,1126,1845,Polk
972,598,1126,1845,Polk
973,599,1126,1845,Polk
974,599,1126,1845,Polk
975,599,1126,1845,Polk
976,599,1126,1845,Polk
977,599,1126,1845,Polk
978,599,1126,1845,Polk
979,599,1126,1845,Polk
980,600,1126,1845,Polk
981,601,1126,1845,Polk
982,602,1126,1845,Polk
983,603,1126,1845,Polk
984,603,1126,1845,Polk
985,603,1126,1845,Polk
986,604,1126,1845,Polk
987,604,1126,1845,Polk
988,605,1126,1845,Polk
989,606,1126,1845,Polk
990,606,1126,1845,Polk
991,606,1126,1845,Polk
992,606,1126,1845,Polk
993,607,1126,1845,Polk
994,607,1126,1845,Polk
995,607,1126,1845,Polk
996,607,1126,1845,Polk
997,607,1126,1845,Polk
998,607,1126,1845,Polk
999,607,1126,1845,Polk
1000,607,1126,1845,Polk
1001,607,1126,1845,Polk
1002,607,1126,1845,Polk
1003,607,1126,1845,Polk
1004,608,1126,1845,Polk
1005,609,1126,1845,Polk
1006,610,1126,1845,Polk
1007,610,1126,1845,Polk
1008,610,1126,1845,Polk
1009,610,1126,1845,Polk
1010,611,1126,1845,Polk
1011,611,1126,1845,Polk
1012,612,1126,1845,Polk
1013,612,1126,1845,Polk
1014,612,1126,1845,Polk
1015,612,1126,1845,Polk
1016,612,1126,1845,Polk
1017,613,1126,1845,Polk
1018,613,1126,1845,Polk
1019,613,1126,1845,Polk
1020,613,1126,1845,Polk
1021,613,1126,1845,Polk
1022,613,1126,1845,Polk
1023,613,1126,1845,Polk
1024,613,1126,1845,Polk
1025,613,1126,1845,Polk
1026,614,1126,1845,Polk
1027,615,1126,1845,Polk
1028,616,1126,1845,Polk
1029,616,1126,1845,Polk
1030,616,1126,1845,Polk
1031,616,1126,1845,Polk
1032,616,1126,1845,Polk
1033,617,1126,1845,Polk
1034,617,1126,1845,Polk
1035,618,1126,1845,Polk
1036,619,1126,1845,Polk
1037,619,1126,1845,Polk
1038,619,1126,1845,Polk
1039,619,1126,1845,Polk
1040,619,1126,1845,Polk
1041,620,1126,1845,Polk
1042,621,1126,1845,Polk
1043,622,1126,1845,Polk
1044,623,1126,1845,Polk
1045,624,1126,1845,Polk
1046,624,1126,1845,Polk
1047,625,1126,1845,Polk
1048,626,1126,1845,Polk
1049,626,1126,1845,Polk
1050,627,1126,1845,Polk
1051,628,1126,1845,Polk
1052,629,1126,1845,Polk
1053,630,1126,1845,Polk
1054,631,1126,1845,Polk
1055,632,1126,1845,Polk
1056,633,1126,1845,Polk
1057,634,1126,1845,Polk
1058,635,1126,1845,Polk
1059,635,1126,1845,Polk
1060,635,1126,1845,Polk
1061,636,1126,1845,Polk
1062,637,1126,1845,Polk
1063,638,1126,1845,Polk
1064,638,1126,1845,Polk
1065,639,1126,1845,Polk
1066,640,1126,1845,Polk
1067,641,1126,1845,Polk
1068,642,1126,1845,Polk
1069,642,1126,1845,Polk
1070,642,1126,1845,Polk
1071,642,1126,1845,Polk
1072,642,1126,1845,Polk
1073,642,1126,1845,Polk
1074,643,1126,1845,Polk
1075,644,1126,1845,Polk
1076,645,1126,1845,Polk
1077,645,1126,1845,Polk
1078,646,1126,1845,Polk
1079,647,1126,1845,Polk
1080,647,1126,1845,Polk
1081,647,1126,1845,Polk
1082,647,1126,1845,Polk
1083,648,1126,1845,Polk
1084,649,1126,1845,Polk
1085,650,1126,1845,Polk
1086,650,1126,1845,Polk
1087,651,1126,1845,Polk
1088,651,1126,1845,Polk
1089,652,1126,1845,Polk
1090,652,1126,1845,Polk
1091,652,1126,1845,Polk
1092,652,1126,1845,Polk
1093,652,1126,1845,Polk
1094,653,1126,1845,Polk
1095,654,1126,1845,Polk
1096,655,1126,1845,Polk
1097,655,1126,1845,Polk
1098,656,1126,1845,Polk
1099,657,1126,1845,Polk
1100,657,1126,1845,Polk
1101,658,1126,1845,Polk
1102,659,1126,1845,Polk
1103,660,1126,1845,Polk
1104,660,1126,1845,Polk
1105,660,1126,1845,Polk
1106,661,1126,1845,Polk
1107,661,1126,1845,Polk
1108,661,1126,1845,Polk
1109,661,1126,1845,Polk
1110,661,1126,1845,Polk
1111,662,1126,1845,Polk
1112,662,1126,1845,Polk
1113,663,1126,1845,Polk
1114,663,1126,1845,Polk
1115,664,1126,1845,Polk
1116,665,1126,1845,Polk
1117,666,1126,1845,Polk
1118,666,1126,1845,Polk
1119,667,1126,1845,Polk
1120,668,1126,1845,Polk
1121,668,1126,1845,Polk
1122,668,1126,1845,Polk
1123,669,1126,1845,Polk
1124,670,1126,1845,Polk
1125,670,1126,1845,Polk
1126,671,1126,1845,Polk
1127,672,1126,1845,Polk
1128,673,1126,1845,Polk
1129,673,1126,1845,Polk
1130,673,1126,1845,Polk
1131,674,1126,1845,Polk
1132,675,1126,1845,Polk
1133,675,1126,1845,Polk
1134,676,1126,1845,Polk
1135,677,1126,1845,Polk
1136,677,1126,1845,Polk
1137,678,1126,1845,Polk
1138,679,1126,1845,Polk
1139,680,1126,1845,Polk
1140,681,1126,1845,Polk
1141,682,1126,1845,Polk
1142,682,1126,1845,Polk
1143,683,1126,1845,Polk
1144,683,1126,1845,Polk
1145,684,1126,1845,Polk
1146,685,1126,1845,Polk
1147,685,1126,1845,Polk
1148,686,1126,1845,Polk
1149,686,1126,1845,Polk
1150,686,1126,1845,Polk
1151,687,1126,1845,Polk
1152,687,1126,1845,Polk
1153,688,1126,1845,Polk
1154,688,1126,1845,Polk
1155,688,1126,1845,Polk
1156,689,1126,1845,Polk
1157,690,1126,1845,Polk
1158,691,1126,1845,Polk
1159,691,1126,1845,Polk
1160,691,1126,1845,Polk
1161,691,1126,1845,Polk
1162,691,1126,1845,Polk
1163,691,1126,1845,Polk
1164,691,1126,1845,Polk
1165,691,1126,1845,Polk
1166,692,1126,1845,Polk
1167,692,1126,1845,Polk
1168,692,1126,1845,Polk
1169,693,1126,1845,Polk
1170,693,1126,1845,Polk
1171,694,1126,1845,Polk
1172,694,1126,1845,Polk
1173,695,1126,1845,Polk
1174,695,1126,1845,Polk
1175,695,1126,1845,Polk
1176,696,1126,1845,Polk
1177,697,1126,1845,Polk
1178,697,1126,1845,Polk
1179,698,1126,1845,Polk
1180,699,1126,1845,Polk
1181,699,1126,1845,Polk
1182,699,1126,1845,Polk
1183,699,1126,1845,Polk
1184,700,1126,1845,Polk
1185,700,1126,1845,Polk
1186,700,1126,1845,Polk
1187,700,1126,1845,Polk
1188,701,1126,1845,Polk
1189,702,1126,1845,Polk
1190,702,1126,1845,Polk
1191,702,1126,1845,Polk
1192,703,1126,1845,Polk
1193,703,1126,1845,Polk
1194,704,1126,1845,Polk
1195,704,1126,1845,Polk
1196,704,1126,1845,Polk
1197,705,1126,1845,Polk
1198,705,1126,1845,Polk
1199,706,1126,1845,Polk
1200,707,1126,1845,Polk
1201,707,1126,1845,Polk
1202,707,1126,1845,Polk
1203,708,1126,1845,Polk
1204,709,1126,1845,Polk
1205,709,1126,1845,Polk
1206,710,1126,1845,Polk
1207,711,1126,1845,Polk
1208,711,1126,1845,Polk
1209,711,1126,1845,Polk
1210,711,1126,1845,Polk
1211,712,1126,1845,Polk
1212,712,1126,1845,Polk
1213,713,1126,1845,Polk
1214,713,1126,1845,Polk
1215,713,1126,1845,Polk
1216,714,1126,1845,Polk
1217,714,1126,1845,Polk
1218,714,1126,1845,Polk
1219,714,1126,1845,Polk
1220,715,1126,1845,Polk
1221,715,1126,1845,Polk
1222,716,1126,1845,Polk
1223,717,1126,1845,Polk
1224,718,1126,1845,Polk
1225,718,1126,1845,Polk
1226,718,1126,1845,Polk
1227,719,1126,1845,Polk
1228,720,1126,1845,Polk
1229,721,1126,1845,Polk
1230,722,1126,1845,Polk
1231,723,1126,1845,Polk
1232,723,1126,1845,Polk
1233,724,1126,1845,Polk
1234,725,1126,1845,Polk
1235,726,1126,1845,Polk
1236,727,1126,1845,Polk
1237,727,1126,1845,Polk
1238,727,1126,1845,Polk
1239,727,1126,1845,Polk
1240,728,1126,1845,Polk
1241,729,1126,1845,Polk
1242,730,1126,1845,Polk
1243,730,1126,1845,Polk
1244,730,1126,1845,Polk
1245,730,1126,1845,Polk
1246,731,1126,1845,Polk
1247,731,1126,1845,Polk
1248,731,1126,1845,Polk
1249,732,1126,1845,Polk
1250,733,1126,1845,Polk
1251,733,1126,1845,Polk
1252,733,1126,1845,Polk
1253,733,1126,1845,Polk
1254,733,1126,1845,Polk
1255,733,1126,1845,Polk
1256,734,1126,1845,Polk
1257,734,1126,1845,Polk
1258,734,1126,1845,Polk
1259,735,1126,1845,Polk
1260,736,1126,1845,Polk
1261,737,1126,1845,Polk
1262,737,1126,1845,Polk
1263,737,1126,1845,Polk
1264,738,1126,1845,Polk
1265,739,1126,1845,Polk
1266,740,1126,1845,Polk
1267,740,1126,1845,Polk
1268,741,1126,1845,Polk
1269,741,1126,1845,Polk
1270,742,1126,1845,Polk
1271,743,1126,1845,Polk
1272,743,1126,1845,Polk
1273,744,1126,1845,Polk
1274,744,1126,1845,Polk
1275,744,1126,1845,Polk
1276,744,1126,1845,Polk
1277,744,1126,1845,Polk
1278,744,1126,1845,Polk
1279,744,1126,1845,Polk
1280,744,1126,1845,Polk
1281,744,1126,1845,Polk
1282,744,1126,1845,Polk
1283,744,1126,1845,Polk
1284,744,1126,1845,Polk
1285,744,1126,1845,Polk
1286,745,1126,1845,Polk
1287,746,1126,1845,Polk
1288,747,1126,1845,Polk
1289,747,1126,1845,Polk
1290,747,1126,1845,Polk
1291,748,1126,1845,Polk
1292,748,1126,1845,Polk
1293,748,1126,1845,Polk
1294,749,1126,1845,Polk
1295,749,1126,1845,Polk
1296,750,1126,1845,Polk
1297,751,1126,1845,Polk
1298,752,1126,1845,Polk
1299,752,1126,1845,Polk
1300,753,1126,1845,Polk
1301,753,1126,1845,Polk
1302,753,1126,1845,Polk
1303,754,1126,1845,Polk
1304,755,1126,1845,Polk
1305,755,1126,1845,Polk
1306,755,1126,1845,Polk
1307,755,1126,1845,Polk
1308,755,1126,1845,Polk
1309,755,1126,1845,Polk
1310,756,1126,1845,Polk
1311,757,1126,1845,Polk
1312,757,1126,1845,Polk
1313,757,1126,1845,Polk
1314,758,1126,1845,Polk
1315,758,1126,1845,Polk
1316,758,1126,1845,Polk
1317,759,1126,1845,Polk
1318,759,1126,1845,Polk
1319,759,1126,1845,Polk
1320,759,1126,1845,Polk
1321,759,1126,1845,Polk
1322,759,1126,1845,Polk
1323,759,1126,1845,Polk
1324,759,1126,1845,Polk
1325,759,1126,1845,Polk
1326,760,1126,1845,Polk
1327,760,1126,1845,Polk
1328,760,1126,1845,Polk
1329,760,1126,1845,Polk
1330,760,1126,1845,Polk
1331,760,1126,1845,Polk
1332,761,1126,1845,Polk
1333,762,1126,1845,Polk
1334,763,1126,1845,Polk
1335,764,1126,1845,Polk
1336,764,1126,1845,Polk
1337,765,1126,1845,Polk
1338,766,1126,1845,Polk
1339,766,1126,1845,Polk
1340,766,1126,1845,Polk
1341,766,1126,1845,Polk
1342,766,1126,1845,Polk
1343,766,1126,1845,Polk
1344,767,1126,1845,Polk
1345,767,1126,1845,Polk
1346,768,1126,1845,Polk
1347,769,1126,1845,Polk
1348,769,1126,1845,Polk
1349,769,1126,1845,Polk
1350,770,1126,1845,Polk
1351,771,1126,1845,Polk
1352,772,1126,1845,Polk
1353,772,1126,1845,Polk
1354,772,1126,1845,Polk
1355,773,1126,1845,Polk
1356,773,1126,1845,Polk
1357,773,1126,1845,Polk
1358,774,1126,1845,Polk
1359,774,1126,1845,Polk
1360,775,1126,1845,Polk
1361,775,1126,1845,Polk
1362,776,1126,1845,Polk
1363,776,1126,1845,Polk
1364,776,1126,1845,Polk
1365,776,1126,1845,Polk
1366,776,1126,1845,Polk
1367,777,1126,1845,Polk
1368,777,1126,1845,Polk
1369,777,1126,1845,Polk
1370,778,1126,1845,Polk
1371,778,1126,1845,Polk
1372,778,1126,1845,Polk
1373,778,1126,1845,Polk
1374,779,1126,1845,Polk
1375,780,1126,1845,Polk
1376,780,1126,1845,Polk
1377,780,1126,1845,Polk
1378,781,1126,1845,Polk
1379,782,1126,1845,Polk
1380,783,1126,1845,Polk
1381,783,1126,1845,Polk
1382,784,1126,1845,Polk
1383,784,1126,1845,Polk
1384,784,1126,1845,Polk
1385,784,1126,1845,Polk
1386,784,1126,1845,Polk
1387,785,1126,1845,Polk
1388,785,1126,1845,Polk
1389,786,1126,1845,Polk
1390,786,1126,1845,Polk
1391,786,1126,1845,Polk
1392,787,1126,1845,Polk
1393,787,1126,1845,Polk
1394,788,1126,1845,Polk
1395,788,1126,1845,Polk
1396,788,1126,1845,Polk
1397,788,1126,1845,Polk
1398,788,1126,1845,Polk
1399,789,1126,1845,Polk
1400,789,1126,1845,Polk
1401,789,1126,1845,Polk
1402,789,1126,1845,Polk
1403,790,1126,1845,Polk
1404,790,1126,1845,Polk
1405,791,1126,1845,Polk
1406,791,1126,1845,Polk
1407,791,1126,1845,Polk
1408,791,1126,1845,Polk
1409,791,1126,1845,Polk
1410,791,1126,1845,Polk
1411,791,1126,1845,Polk
1412,791,1126,1845,Polk
1413,792,1126,1845,Polk
1414,793,1126,1845,Polk
1415,794,1126,1845,Polk
1416,794,1126,1845,Polk
1417,794,1126,1845,Polk
1418,794,1126,1845,Polk
1419,794,1126,1845,Polk
1420,794,1126,1845,Polk
1421,794,1126,1845,Polk
1422,794,1126,1845,Polk
1423,795,1126,1845,Polk
1424,796,1126,1845,Polk
1425,796,1126,1845,Polk
1426,797,1126,1845,Polk
1427,797,1126,1845,Polk
1428,797,1126,1845,Polk
1429,797,1126,1845,Polk
1430,797,1126,1845,Polk
1431,797,1126,1845,Polk
1432,797,1126,1845,Polk
1433,797,1126,1845,Polk
1434,797,1126,1845,Polk
1435,797,1126,1845,Polk
1436,797,1126,1845,Polk
1437,797,1126,1845,Polk
1438,797,1126,1845,Polk
1439,798,1126,1845,Polk
1440,798,1126,1845,Polk
1441,798,1126,1845,Polk
1442,799,1126,1845,Polk
1443,799,1126,1845,Polk
1444,799,1126,1845,Polk
1445,800,1126,1845,Polk
1446,800,1126,1845,Polk
1447,800,1126,1845,Polk
1448,800,1126,1845,Polk
1449,801,1126,1845,Polk
1450,801,1126,1845,Polk
1451,801,1126,1845,Polk
1452,801,1126,1845,Polk
1453,801,1126,1845,Polk
1454,801,1126,1845,Polk
1455,802,1126,1845,Polk
1456,803,1126,1845,Polk
1457,804,1126,1845,Polk
1458,804,1126,1845,Polk
1459,805,1126,1845,Polk
1460,805,1126,1845,Polk
1461,805,1126,1845,Polk
1462,805,1126,1845,Polk
1463,805,1126,1845,Polk
1464,805,1126,1845,Polk
1465,805,1126,1845,Polk
1466,805,1126,1845,Polk
1467,805,1126,1845,Polk
1468,806,1126,1845,Polk
1469,806,1126,1845,Polk
1470,806,1126,1845,Polk
1471,807,1126,1845,Polk
1472,808,1126,1845,Polk
1473,809,1126,1845,Polk
1474,809,1126,1845,Polk
1475,809,1126,1845,Polk
1476,809,1126,1845,Polk
1477,809,1126,1845,Polk
1478,809,1126,1845,Polk
1479,810,1126,1845,Polk
1480,811,1126,1845,Polk
1481,812,1126,1845,Polk
1482,813,1126,1845,Polk
1483,814,1126,1845,Polk
1484,814,1126,1845,Polk
1485,815,1126,1845,Polk
1486,815,1126,1845,Polk
1487,815,1126,1845,Polk
1488,815,1126,1845,Polk
1489,815,1126,1845,Polk
1490,815,1126,1845,Polk
1491,815,1126,1845,Polk
1492,815,1126,1845,Polk
1493,815,1126,1845,Polk
1494,815,1126,1845,Polk
1495,816,1126,1845,Polk
1496,816,1126,1845,Polk
1497,816,1126,1845,Polk
1498,817,1126,1845,Polk
1499,817,1126,1845,Polk
1500,817,1126,1845,Polk
1501,817,1126,1845,Polk
1502,818,1126,1845,Polk
1503,819,1126,1845,Polk
1504,820,1126,1845,Polk
1505,820,1126,1845,Polk
1506,821,1126,1845,Polk
1507,822,1126,1845,Polk
1508,822,1126,1845,Polk
1509,822,1126,1845,Polk
1510,822,1126,1845,Polk
1511,822,1126,1845,Polk
1512,823,1126,1845,Polk
1513,823,1126,1845,Polk
1514,823,1126,1845,Polk
1515,823,1126,1845,Polk
1516,823,1126,1845,Polk
1517,824,1126,1845,Polk
1518,824,1126,1845,Polk
1519,824,1126,1845,Polk
1520,824,1126,1845,Polk
1521,824,1126,1845,Polk
1522,824,1126,1845,Polk
1523,824,1126,1845,Polk
1524,824,1126,1845,Polk
1525,824,1126,1845,Polk
1526,824,1126,1845,Polk
1527,824,1126,1845,Polk
1528,824,1126,1845,Polk
1529,825,1126,1845,Polk
1530,825,1126,1845,Polk
1531,826,1126,1845,Polk
1532,827,1126,1845,Polk
1533,828,1126,1845,Polk
1534,828,1126,1845,Polk
1535,829,1126,1845,Polk
1536,830,1126,1845,Polk
1537,831,1126,1845,Polk
1538,831,1126,1845,Polk
1539,832,1126,1845,Polk
1540,833,1126,1845,Polk
1541,834,1126,1845,Polk
1542,835,1126,1845,Polk
1543,836,1126,1845,Polk
1544,837,1126,1845,Polk
1545,837,1126,1845,Polk
1546,838,1126,1845,Polk
1547,838,1126,1845,Polk
1548,838,1126,1845,Polk
1549,838,1126,1845,Polk
1550,839,1126,1845,Polk
1551,839,1126,1845,Polk
1552,840,1126,1845,Polk
1553,840,1126,1845,Polk
1554,841,1126,1845,Polk
1555,841,1126,1845,Polk
1556,841,1126,1845,Polk
1557,841,1126,1845,Polk
1558,841,1126,1845,Polk
1559,842,1126,1845,Polk
1560,842,1126,1845,Polk
1561,842,1126,1845,Polk
1562,842,1126,1845,Polk
1563,842,1126,1845,Polk
1564,842,1126,1845,Polk
1565,843,1126,1845,Polk
1566,844,1126,1845,Polk
1567,844,1126,1845,Polk
1568,844,1126,1845,Polk
1569,844,1126,1845,Polk
1570,844,1126,1845,Polk
1571,844,1126,1845,Polk
1572,844,1126,1845,Polk
1573,844,1126,1845,Polk
1574,845,1126,1845,Polk
1575,846,1126,1845,Polk
1576,846,1126,1845,Polk
1577,846,1126,1845,Polk
1578,847,1126,1845,Polk
1579,847,1126,1845,Polk
1580,848,1126,1845,Polk
1581,848,1126,1845,Polk
1582,848,1126,1845,Polk
1583,848,1126,1845,Polk
1584,849,1126,1845,Polk
1585,849,1126,1845,Polk
1586,849,1126,1845,Polk
1587,849,1126,1845,Polk
1588,850,1126,1845,Polk
1589,850,1126,1845,Polk
1590,850,1126,1845,Polk
1591,851,1126,1845,Polk
1592,851,1126,1845,Polk
1593,851,1126,1845,Polk
1594,851,1126,1845,Polk
1595,851,1126,1845,Polk
1596,852,1126,1845,Polk
1597,852,1126,1845,Polk
1598,852,1126,1845,Polk
1599,853,1126,1845,Polk
1600,853,1126,1845,Polk
1601,853,1126,1845,Polk
1602,854,1126,1845,Polk
1603,854,1126,1845,Polk
1604,855,1126,1845,Polk
1605,856,1126,1845,Polk
1606,856,1126,1845,Polk
1607,856,1126,1845,Polk
1608,856,1126,1845,Polk
1609,856,1126,1845,Polk
1610,856,1126,1845,Polk
1611,856,1126,1845,Polk
1612,856,1126,1845,Polk
1613,856,1126,1845,Polk
1614,856,1126,1845,Polk
1615,857,1126,1845,Polk
1616,858,1126,1845,Polk
1617,859,1126,1845,Polk
1618,859,1126,1845,Polk
1619,859,1126,1845,Polk
1620,859,1126,1845,Polk
1621,859,1126,1845,Polk
1622,859,1126,1845,Polk
1623,859,1126,1845,Polk
1624,859,1126,1845,Polk
1625,859,1126,1845,Polk
1626,860,1126,1845,Polk
1627,861,1126,1845,Polk
1628,861,1126,1845,Polk
1629,861,1126,1845,Polk
1630,861,1126,1845,Polk
1631,861,1126,1845,Polk
1632,861,1126,1845,Polk
1633,861,1126,1845,Polk
1634,862,1126,1845,Polk
1635,863,1126,1845,Polk
1636,864,1126,1845,Polk
1637,864,1126,1845,Polk
1638,864,1126,1845,Polk
1639,864,1126,1845,Polk
1640,864,1126,1845,Polk
1641,864,1126,1845,Polk
1642,864,1126,1845,Polk
1643,865,1126,1845,Polk
1644,865,1126,1845,Polk
1645,865,1126,1845,Polk
1646,865,1126,1845,Polk
1647,865,1126,1845,Polk
1648,865,1126,1845,Polk
1649,865,1126,1845,Polk
1650,865,1126,1845,Polk
1651,865,1126,1845,Polk
1652,865,1126,1845,Polk
1653,866,1126,1845,Polk
1654,867,1126,1845,Polk
1655,868,1126,1845,Polk
1656,868,1126,1845,Polk
1657,868,1126,1845,Polk
1658,868,1126,1845,Polk
1659,868,1126,1845,Polk
1660,869,1126,1845,Polk
1661,869,1126,1845,Polk
1662,870,1126,1845,Polk
1663,870,1126,1845,Polk
1664,870,1126,1845,Polk
1665,871,1126,1845,Polk
1666,872,1126,1845,Polk
1667,872,1126,1845,Polk
1668,873,1126,1845,Polk
1669,873,1126,1845,Polk
1670,873,1126,1845,Polk
1671,873,1126,1845,Polk
1672,873,1126,1845,Polk
1673,873,1126,1845,Polk
1674,873,1126,1845,Polk
1675,874,1126,1845,Polk
1676,874,1126,1845,Polk
1677,874,1126,1845,Polk
1678,874,1126,1845,Polk
1679,875,1126,1845,Polk
1680,875,1126,1845,Polk
1681,876,1126,1845,Polk
1682,877,1126,1845,Polk
1683,878,1126,1845,Polk
1684,878,1126,1845,Polk
1685,878,1126,1845,Polk
1686,879,1126,1845,Polk
1687,879,1126,1845,Polk
1688,879,1126,1845,Polk
1689,880,1126,1845,Polk
1690,880,1126,1845,Polk
1691,881,1126,1845,Polk
1692,881,1126,1845,Polk
1693,881,1126,1845,Polk
1694,881,1126,1845,Polk
1695,882,1126,1845,Polk
1696,883,1126,1845,Polk
1697,884,1126,1845,Polk
1698,884,1126,1845,Polk
1699,884,1126,1845,Polk
1700,884,1126,1845,Polk
1701,884,1126,1845,Polk
1702,884,1126,1845,Polk
1703,884,1126,1845,Polk
1704,884,1126,1845,Polk
1705,885,1126,1845,Polk
1706,885,1126,1845,Polk
1707,885,1126,1845,Polk
1708,885,1126,1845,Polk
1709,886,1126,1845,Polk
1710,886,1126,1845,Polk
1711,887,1126,1845,Polk
1712,887,1126,1845,Polk
1713,887,1126,1845,Polk
1714,887,1126,1845,Polk
1715,887,1126,1845,Polk
1716,888,1126,1845,Polk
1717,888,1126,1845,Polk
1718,888,1126,1845,Polk
1719,888,1126,1845,Polk
1720,888,1126,1845,Polk
1721,888,1126,1845,Polk
1722,889,1126,1845,Polk
1723,889,1126,1845,Polk
1724,889,1126,1845,Polk
1725,889,1126,1845,Polk
1726,889,1126,1845,Polk
1727,889,1126,1845,Polk
1728,889,1126,1845,Polk
1729,889,1126,1845,Polk
1730,890,1126,1845,Polk
1731,890,1126,1845,Polk
1732,890,1126,1845,Polk
1733,891,1126,1845,Polk
1734,891,1126,1845,Polk
1735,892,1126,1845,Polk
1736,892,1126,1845,Polk
1737,892,1126,1845,Polk
1738,892,1126,1845,Polk
1739,892,1126,1845,Polk
1740,892,1126,1845,Polk
1741,892,1126,1845,Polk
1742,892,1126,1845,Polk
1743,893,1126,1845,Polk
1744,893,1126,1845,Polk
1745,893,1126,1845,Polk
1746,893,1126,1845,Polk
1747,894,1126,1845,Polk
1748,895,1126,1845,Polk
1749,896,1126,1845,Polk
1750,896,1126,1845,Polk
1751,896,1126,1845,Polk
1752,897,1126,1845,Polk
1753,898,1126,1845,Polk
1754,898,1126,1845,Polk
1755,898,1126,1845,Polk
1756,898,1126,1845,Polk
1757,898,1126,1845,Polk
1758,898,1126,1845,Polk
1759,899,1126,1845,Polk
1760,899,1126,1845,Polk
1761,899,1126,1845,Polk
1762,899,1126,1845,Polk
1763,899,1126,1845,Polk
1764,900,1126,1845,Polk
1765,901,1126,1845,Polk
1766,901,1126,1845,Polk
1767,901,1126,1845,Polk
1768,902,1126,1845,Polk
1769,903,1126,1845,Polk
1770,903,1126,1845,Polk
1771,903,1126,1845,Polk
1772,903,1126,1845,Polk
1773,903,1126,1845,Polk
1774,903,1126,1845,Polk
1775,903,1126,1845,Polk
1776,903,1126,1845,Polk
1777,903,1126,1845,Polk
1778,903,1126,1845,Polk
1779,904,1126,1845,Polk
1780,905,1126,1845,Polk
1781,906,1126,1845,Polk
1782,907,1126,1845,Polk
1783,907,1126,1845,Polk
1784,908,1126,1845,Polk
1785,908,1126,1845,Polk
1786,908,1126,1845,Polk
1787,908,1126,1845,Polk
1788,909,1126,1845,Polk
1789,909,1126,1845,Polk
1790,910,1126,1845,Polk
1791,911,1126,1845,Polk
1792,912,1126,1845,Polk
1793,912,1126,1845,Polk
1794,913,1126,1845,Polk
1795,913,1126,1845,Polk
1796,913,1126,1845,Polk
1797,913,1126,1845,Polk
1798,914,1126,1845,Polk
1799,915,1126,1845,Polk
1800,915,1126,1845,Polk
1801,915,1126,1845,Polk
1802,915,1126,1845,Polk
1803,915,1126,1845,Polk
1804,916,1126,1845,Polk
1805,916,1126,1845,Polk
1806,916,1126,1845,Polk
1807,916,1126,1845,Polk
1808,916,1126,1845,Polk
1809,916,1126,1845,Polk
1810,916,1126,1845,Polk
1811,917,1126,1845,Polk
1812,918,1126,1845,Polk
1813,918,1126,1845,Polk
1814,919,1126,1845,Polk
1815,920,1126,1845,Polk
1816,920,1126,1845,Polk
1817,920,1126,1845,Polk
1818,921,1126,1845,Polk
1819,921,1126,1845,Polk
1820,921,1126,1845,Polk
1821,922,1126,1845,Polk
1822,922,1126,1845,Polk
1823,923,1126,1845,Polk
1824,924,1126,1845,Polk
1825,925,1126,1845,Polk
1826,926,1126,1845,Polk
1827,926,1126,1845,Polk
1828,926,1126,1845,Polk
1829,926,1126,1845,Polk
1830,926,1126,1845,Polk
1831,926,1126,1845,Polk
1832,927,1126,1845,Polk
1833,927,1126,1845,Polk
1834,927,1126,1845,Polk
1835,928,1126,1845,Polk
1836,928,1126,1845,Polk
1837,928,1126,1845,Polk
1838,928,1126,1845,Polk
1839,929,1126,1845,Polk
1840,929,1126,1845,Polk
1841,929,1126,1845,Polk
1842,929,1126,1845,Polk
1843,930,1126,1845,Polk
1844,930,1126,1845,Polk
1845,931,1126,1845,Polk
1846,931,1126,1845,Polk
1847,931,1126,1845,Polk
1848,932,1126,1845,Polk
1849,933,1126,1845,Polk
1850,934,1126,1845,Polk
1851,934,1126,1845,Polk
1852,934,1126,1845,Polk
1853,935,1126,1845,Polk
1854,936,1126,1845,Polk
1855,936,1126,1845,Polk
1856,936,1126,1845,Polk
1857,937,1126,1845,Polk
1858,938,1126,1845,Polk
1859,939,1126,1845,Polk
1860,940,1126,1845,Polk
1861,940,1126,1845,Polk
1862,941,1126,1845,Polk
1863,941,1126,1845,Polk
1864,942,1126,1845,Polk
1865,942,1126,1845,Polk
1866,943,1126,1845,Polk
1867,944,1126,1845,Polk
1868,945,1126,1845,Polk
1869,946,1126,1845,Polk
1870,946,1126,1845,Polk
1871,947,1126,1845,Polk
1872,947,1126,1845,Polk
1873,947,1126,1845,Polk
1874,947,1126,1845,Polk
1875,947,1126,1845,Polk
1876,948,1126,1845,Polk
1877,948,1126,1845,Polk
1878,948,1126,1845,Polk
1879,948,1126,1845,Polk
1880,949,1126,1845,Polk
1881,950,1126,1845,Polk
1882,950,1126,1845,Polk
1883,950,1126,1845,Polk
1884,950,1126,1845,Polk
1885,950,1126,1845,Polk
1886,951,1126,1845,Polk
1887,951,1126,1845,Polk
1888,952,1126,1845,Polk
1889,953,1126,1845,Polk
1890,953,1126,1845,Polk
1891,953,1126,1845,Polk
1892,954,1126,1845,Polk
1893,955,1126,1845,Polk
1894,955,1126,1845,Polk
1895,956,1126,1845,Polk
1896,956,1126,1845,Polk
1897,957,1126,1845,Polk
1898,957,1126,1845,Polk
1899,957,1126,1845,Polk
1900,957,1126,1845,Polk
1901,957,1126,1845,Polk
1902,958,1126,1845,Polk
1903,959,1126,1845,Polk
1904,959,1126,1845,Polk
1905,959,1126,1845,Polk
1906,959,1126,1845,Polk
1907,959,1126,1845,Polk
1908,959,1126,1845,Polk
1909,959,1126,1845,Polk
1910,960,1126,1845,Polk
1911,960,1126,1845,Polk
1912,960,1126,1845,Polk
1913,961,1126,1845,Polk
1914,961,1126,1845,Polk
1915,962,1126,1845,Polk
1916,963,1126,1845,Polk
1917,964,1126,1845,Polk
1918,964,1126,1845,Polk
1919,965,1126,1845,Polk
1920,965,1126,1845,Polk
1921,965,1126,1845,Polk
1922,966,1126,1845,Polk
1923,966,1126,1845,Polk
1924,966,1126,1845,Polk
1925,966,1126,1845,Polk
1926,966,1126,1845,Polk
1927,967,1126,1845,Polk
1928,967,1126,1845,Polk
1929,967,1126,1845,Polk
1930,967,1126,1845,Polk
1931,968,1126,1845,Polk
1932,968,1126,1845,Polk
1933,969,1126,1845,Polk
1934,969,1126,1845,Polk
1935,970,1126,1845,Polk
1936,970,1126,1845,Polk
1937,970,1126,1845,Polk
1938,970,1126,1845,Polk
1939,970,1126,1845,Polk
1940,970,1126,1845,Polk
1941,970,1126,1845,Polk
1942,971,1126,1845,Polk
1943,971,1126,1845,Polk
1944,972,1126,1845,Polk
1945,972,1126,1845,Polk
1946,973,1126,1845,Polk
1947,973,1126,1845,Polk
1948,973,1126,1845,Polk
1949,973,1126,1845,Polk
1950,974,1126,1845,Polk
1951,974,1126,1845,Polk
1952,974,1126,1845,Polk
1953,974,1126,1845,Polk
1954,974,1126,1845,Polk
1955,974,1126,1845,Polk
1956,975,1126,1845,Polk
1957,976,1126,1845,Polk
1958,977,1126,1845,Polk
1959,977,1126,1845,Polk
1960,977,1126,1845,Polk
1961,977,1126,1845,Polk
1962,978,1126,1845,Polk
1963,978,1126,1845,Polk
1964,978,1126,1845,Polk
1965,978,1126,1845,Polk
1966,978,1126,1845,Polk
1967,979,1126,1845,Polk
1968,980,1126,1845,Polk
1969,980,1126,1845,Polk
1970,980,1126,1845,Polk
1971,981,1126,1845,Polk
1972,981,1126,1845,Polk
1973,982,1126,1845,Polk
1974,983,1126,1845,Polk
1975,984,1126,1845,Polk
1976,984,1126,1845,Polk
1977,984,1126,1845,Polk
1978,984,1126,1845,Polk
1979,984,1126,1845,Polk
1980,984,1126,1845,Polk
1981,984,1126,1845,Polk
1982,984,1126,1845,Polk
1983,984,1126,1845,Polk
1984,984,1126,1845,Polk
1985,984,1126,1845,Polk
1986,984,1126,1845,Polk
1987,984,1126,1845,Polk
1988,984,1126,1845,Polk
1989,985,1126,1845,Polk
1990,986,1126,1845,Polk
1991,986,1126,1845,Polk
1992,986,1126,1845,Polk
1993,986,1126,1845,Polk
1994,986,1126,1845,Polk
1995,986,1126,1845,Polk
1996,987,1126,1845,Polk
1997,988,1126,1845,Polk
1998,988,1126,1845,Polk
1999,988,1126,1845,Polk
2000,989,1126,1845,Polk
2001,989,1126,1845,Polk
2002,989,1126,1845,Polk
2003,989,1126,1845,Polk
2004,989,1126,1845,Polk
2005,989,1126,1845,Polk
2006,989,1126,1845,Polk
2007,990,1126,1845,Polk
2008,991,1126,1845,Polk
2009,991,1126,1845,Polk
2010,991,1126,1845,Polk
2011,992,1126,1845,Polk
2012,992,1126,1845,Polk
2013,993,1126,1845,Polk
2014,993,1126,1845,Polk
2015,993,1126,1845,Polk
2016,993,1126,1845,Polk
2017,993,1126,1845,Polk
2018,993,1126,1845,Polk
2019,993,1126,1845,Polk
2020,993,1126,1845,Polk
2021,993,1126,1845,Polk
2022,993,1126,1845,Polk
2023,993,1126,1845,Polk
2024,993,1126,1845,Polk
2025,994,1126,1845,Polk
2026,995,1126,1845,Polk
2027,995,1126,1845,Polk
2028,995,1126,1845,Polk
2029,995,1126,1845,Polk
2030,995,1126,1845,Polk
2031,996,1126,1845,Polk
2032,996,1126,1845,Polk
2033,996,1126,1845,Polk
2034,996,1126,1845,Polk
2035,996,1126,1845,Polk
2036,996,1126,1845,Polk
2037,996,1126,1845,Polk
2038,997,1126,1845,Polk
2039,997,1126,1845,Polk
2040,998,1126,1845,Polk
2041,999,1126,1845,Polk
2042,999,1126,1845,Polk
2043,999,1126,1845,Polk
2044,1000,1126,1845,Polk
2045,1001,1126,1845,Polk
2046,1001,1126,1845,Polk
2047,1001,1126,1845,Polk
2048,1001,1126,1845,Polk
2049,1001,1126,1845,Polk
2050,1001,1126,1845,Polk
2051,1002,1126,1845,Polk
2052,1003,1126,1845,Polk
2053,1003,1126,1845,Polk
2054,1003,1126,1845,Polk
2055,1003,1126,1845,Polk
2056,1003,1126,1845,Polk
2057,1003,1126,1845,Polk
2058,1003,1126,1845,Polk
2059,1003,1126,1845,Polk
2060,1003,1126,1845,Polk
2061,1003,1126,1845,Polk
2062,1004,1126,1845,Polk
2063,1005,1126,1845,Polk
2064,1005,1126,1845,Polk
2065,1005,1126,1845,Polk
2066,1005,1126,1845,Polk
2067,1005,1126,1845,Polk
2068,1005,1126,1845,Polk
2069,1005,1126,1845,Polk
2070,1006,1126,1845,Polk
2071,1006,1126,1845,Polk
2072,1006,1126,1845,Polk
2073,1007,1126,1845,Polk
2074,1007,1126,1845,Polk
2075,1007,1126,1845,Polk
2076,1008,1126,1845,Polk
2077,1008,1126,1845,Polk
2078,1008,1126,1845,Polk
2079,1008,1126,1845,Polk
2080,1008,1126,1845,Polk
2081,1009,1126,1845,Polk
2082,1009,1126,1845,Polk
2083,1009,1126,1845,Polk
2084,1009,1126,1845,Polk
2085,1009,1126,1845,Polk
2086,1009,1126,1845,Polk
2087,1009,1126,1845,Polk
2088,1009,1126,1845,Polk
2089,1009,1126,1845,Polk
2090,1009,1126,1845,Polk
2091,1009,1126,1845,Polk
2092,1010,1126,1845,Polk
2093,1011,1126,1845,Polk
2094,1011,1126,1845,Polk
2095,1011,1126,1845,Polk
2096,1011,1126,1845,Polk
2097,1011,1126,1845,Polk
2098,1011,1126,1845,Polk
2099,1011,1126,1845,Polk
2100,1011,1126,1845,Polk
2101,1012,1126,1845,Polk
2102,1012,1126,1845,Polk
2103,1013,1126,1845,Polk
2104,1014,1126,1845,Polk
2105,1014,1126,1845,Polk
2106,1014,1126,1845,Polk
2107,1014,1126,1845,Polk
2108,1015,1126,1845,Polk
2109,1016,1126,1845,Polk
2110,1017,1126,1845,Polk
2111,1018,1126,1845,Polk
2112,1018,1126,1845,Polk
2113,1019,1126,1845,Polk
2114,1019,1126,1845,Polk
2115,1019,1126,1845,Polk
2116,1020,1126,1845,Polk
2117,1021,1126,1845,Polk
2118,1022,1126,1845,Polk
2119,1023,1126,1845,Polk
2120,1024,1126,1845,Polk
2121,1024,1126,1845,Polk
2122,1025,1126,1845,Polk
2123,1025,1126,1845,Polk
2124,1025,1126,1845,Polk
2125,1026,1126,1845,Polk
2126,1027,1126,1845,Polk
2127,1028,1126,1845,Polk
2128,1028,1126,1845,Polk
2129,1028,1126,1845,Polk
2130,1028,1126,1845,Polk
2131,1029,1126,1845,Polk
2132,1029,1126,1845,Polk
2133,1029,1126,1845,Polk
2134,1029,1126,1845,Polk
2135,1030,1126,1845,Polk
2136,1030,1126,1845,Polk
2137,1030,1126,1845,Polk
2138,1030,1126,1845,Polk
2139,1030,1126,1845,Polk
2140,1030,1126,1845,Polk
2141,1031,1126,1845,Polk
2142,1032,1126,1845,Polk
2143,1033,1126,1845,Polk
2144,1034,1126,1845,Polk
2145,1035,1126,1845,Polk
2146,1036,1126,1845,Polk
2147,1037,1126,1845,Polk
2148,1037,1126,1845,Polk
2149,1037,1126,1845,Polk
2150,1038,1126,1845,Polk
2151,1038,1126,1845,Polk
2152,1038,1126,1845,Polk
2153,1038,1126,1845,Polk
2154,1038,1126,1845,Polk
2155,1039,1126,1845,Polk
2156,1040,1126,1845,Polk
2157,1040,1126,1845,Polk
2158,1040,1126,1845,Polk
2159,1040,1126,1845,Polk
2160,1041,1126,1845,Polk
2161,1041,1126,1845,Polk
2162,1042,1126,1845,Polk
2163,1042,1126,1845,Polk
2164,1043,1126,1845,Polk
2165,1043,1126,1845,Polk
2166,1043,1126,1845,Polk
2167,1044,1126,1845,Polk
2168,1044,1126,1845,Polk
2169,1044,1126,1845,Polk
2170,1045,1126,1845,Polk
2171,1046,1126,1845,Polk
2172,1046,1126,1845,Polk
2173,1046,1126,1845,Polk
2174,1046,1126,1845,Polk
2175,1046,1126,1845,Polk
2176,1046,1126,1845,Polk
2177,1046,1126,1845,Polk
2178,1046,1126,1845,Polk
2179,1046,1126,1845,Polk
2180,1046,1126,1845,Polk
2181,1046,1126,1845,Polk
2182,1046,1126,1845,Polk
2183,1047,1126,1845,Polk
2184,1048,1126,1845,Polk
2185,1048,1126,1845,Polk
2186,1048,1126,1845,Polk
2187,1048,1126,1845,Polk
2188,1049,1126,1845,Polk
2189,1049,1126,1845,Polk
2190,1050,1126,1845,Polk
2191,1051,1126,1845,Polk
2192,1051,1126,1845,Polk
2193,1052,1126,1845,Polk
2194,1052,1126,1845,Polk
2195,1052,1126,1845,Polk
2196,1052,1126,1845,Polk
2197,1053,1126,1845,Polk
2198,1053,1126,1845,Polk
2199,1053,1126,1845,Polk
2200,1053,1126,1845,Polk
2201,1053,1126,1845,Polk
2202,1053,1126,1845,Polk
2203,1054,1126,1845,Polk
2204,1054,1126,1845,Polk
2205,1054,1126,1845,Polk
2206,1055,1126,1845,Polk
2207,1056,1126,1845,Polk
2208,1057,1126,1845,Polk
2209,1058,1126,1845,Polk
2210,1058,1126,1845,Polk
2211,1059,1126,1845,Polk
2212,1059,1126,1845,Polk
2213,1059,1126,1845,Polk
2214,1059,1126,1845,Polk
2215,1060,1126,1845,Polk
2216,1061,1126,1845,Polk
2217,1062,1126,1845,Polk
2218,1062,1126,1845,Polk
2219,1063,1126,1845,Polk
2220,1063,1126,1845,Polk
2221,1063,1126,1845,Polk
2222,1063,1126,1845,Polk
2223,1064,1126,1845,Polk
2224,1065,1126,1845,Polk
2225,1065,1126,1845,Polk
2226,1066,1126,1845,Polk
2227,1066,1126,1845,Polk
2228,1066,1126,1845,Polk
2229,1066,1126,1845,Polk
2230,1066,1126,1845,Polk
2231,1066,1126,1845,Polk
2232,1066,1126,1845,Polk
2233,1067,1126,1845,Polk
2234,1067,1126,1845,Polk
2235,1068,1126,1845,Polk
2236,1069,1126,1845,Polk
2237,1070,1126,1845,Polk
2238,1070,1126,1845,Polk
2239,1071,1126,1845,Polk
2240,1071,1126,1845,Polk
2241,1071,1126,1845,Polk
2242,1071,1126,1845,Polk
2243,1072,1126,1845,Polk
2244,1072,1126,1845,Polk
2245,1072,1126,1845,Polk
2246,1073,1126,1845,Polk
2247,1074,1126,1845,Polk
2248,1075,1126,1845,Polk
2249,1076,1126,1845,Polk
2250,1077,1126,1845,Polk
2251,1077,1126,1845,Polk
2252,1077,1126,1845,Polk
2253,1077,1126,1845,Polk
2254,1077,1126,1845,Polk
2255,1077,1126,1845,Polk
2256,1077,1126,1845,Polk
2257,1077,1126,1845,Polk
2258,1077,1126,1845,Polk
2259,1077,1126,1845,Polk
2260,1077,1126,1845,Polk
2261,1077,1126,1845,Polk
2262,1077,1126,1845,Polk
2263,1078,1126,1845,Polk
2264,1079,1126,1845,Polk
2265,1079,1126,1845,Polk
2266,1079,1126,1845,Polk
2267,1079,1126,1845,Polk
2268,1080,1126,1845,Polk
2269,1080,1126,1845,Polk
2270,1080,1126,1845,Polk
2271,1080,1126,1845,Polk
2272,1080,1126,1845,Polk
2273,1081,1126,1845,Polk
2274,1081,1126,1845,Polk
2275,1081,1126,1845,Polk
2276,1082,1126,1845,Polk
2277,1083,1126,1845,Polk
2278,1083,1126,1845,Polk
2279,1084,1126,1845,Polk
2280,1084,1126,1845,Polk
2281,1085,1126,1845,Polk
2282,1085,1126,1845,Polk
2283,1086,1126,1845,Polk
2284,1087,1126,1845,Polk
2285,1087,1126,1845,Polk
2286,1088,1126,1845,Polk
2287,1089,1126,1845,Polk
2288,1090,1126,1845,Polk
2289,1091,1126,1845,Polk
2290,1091,1126,1845,Polk
2291,1091,1126,1845,Polk
2292,1092,1126,1845,Polk
2293,1093,1126,1845,Polk
2294,1094,1126,1845,Polk
2295,1094,1126,1845,Polk
2296,1094,1126,1845,Polk
2297,1095,1126,1845,Polk
2298,1096,1126,1845,Polk
2299,1097,1126,1845,Polk
2300,1097,1126,1845,Polk
2301,1098,1126,1845,Polk
2302,1098,1126,1845,Polk
2303,1098,1126,1845,Polk
2304,1098,1126,1845,Polk
2305,1098,1126,1845,Polk
2306,1098,1126,1845,Polk
2307,1098,1126,1845,Polk
2308,1098,1126,1845,Polk
2309,1099,1126,1845,Polk
2310,1100,1126,1845,Polk
2311,1100,1126,1845,Polk
2312,1101,1126,1845,Polk
2313,1102,1126,1845,Polk
2314,1102,1126,1845,Polk
2315,1102,1126,1845,Polk
2316,1102,1126,1845,Polk
2317,1102,1126,1845,Polk
2318,1102,1126,1845,Polk
2319,1102,1126,1845,Polk
2320,1102,1126,1845,Polk
2321,1102,1126,1845,Polk
2322,1102,1126,1845,Polk
2323,1102,1126,1845,Polk
2324,1102,1126,1845,Polk
2325,1102,1126,1845,Polk
2326,1103,1126,1845,Polk
2327,1103,1126,1845,Polk
2328,1103,1126,1845,Polk
2329,1103,1126,1845,Polk
2330,1103,1126,1845,Polk
2331,1103,1126,1845,Polk
2332,1103,1126,1845,Polk
2333,1103,1126,1845,Polk
2334,1103,1126,1845,Polk
2335,1103,1126,1845,Polk
2336,1103,1126,1845,Polk
2337,1103,1126,1845,Polk
2338,1103,1126,1845,Polk
2339,1104,1126,1845,Polk
2340,1104,1126,1845,Polk
2341,1105,1126,1845,Polk
2342,1105,1126,1845,Polk
2343,1106,1126,1845,Polk
2344,1106,1126,1845,Polk
2345,1106,1126,1845,Polk
2346,1106,1126,1845,Polk
2347,1107,1126,1845,Polk
2348,1107,1126,1845,Polk
2349,1107,1126,1845,Polk
2350,1107,1126,1845,Polk
2351,1107,1126,1845,Polk
2352,1107,1126,1845,Polk
2353,1107,1126,1845,Polk
2354,1108,1126,1845,Polk
2355,1108,1126,1845,Polk
2356,1108,1126,1845,Polk
2357,1109,1126,1845,Polk
2358,1109,1126,1845,Polk
2359,1109,1126,1845,Polk
2360,1110,1126,1845,Polk
2361,1110,1126,1845,Polk
2362,1110,1126,1845,Polk
2363,1110,1126,1845,Polk
2364,1110,1126,1845,Polk
2365,1110,1126,1845,Polk
2366,1110,1126,1845,Polk
2367,1110,1126,1845,Polk
2368,1110,1126,1845,Polk
2369,1110,1126,1845,Polk
2370,1111,1126,1845,Polk
2371,1111,1126,1845,Polk
2372,1111,1126,1845,Polk
2373,1112,1126,1845,Polk
2374,1113,1126,1845,Polk
2375,1113,1126,1845,Polk
2376,1113,1126,1845,Polk
2377,1114,1126,1845,Polk
2378,1114,1126,1845,Polk
2379,1114,1126,1845,Polk
2380,1114,1126,1845,Polk
2381,1114,1126,1845,Polk
2382,1114,1126,1845,Polk
2383,1114,1126,1845,Polk
2384,1114,1126,1845,Polk
2385,1114,1126,1845,Polk
2386,1115,1126,1845,Polk
2387,1115,1126,1845,Polk
2388,1116,1126,1845,Polk
2389,1117,1126,1845,Polk
2390,1118,1126,1845,Polk
2391,1119,1126,1845,Polk
2392,1120,1126,1845,Polk
2393,1120,1126,1845,Polk
2394,1121,1126,1845,Polk
2395,1121,1126,1845,Polk
2396,1121,1126,1845,Polk
2397,1121,1126,1845,Polk
2398,1122,1126,1845,Polk
2399,1123,1126,1845,Polk
2400,1123,1126,1845,Polk
2401,1124,1126,1845,Polk
2402,1125,1126,1845,Polk
2403,1125,1126,1845,Polk
2404,1125,1126,1845,Polk
2405,1125,1126,1845,Polk
2406,1125,1126,1845,Polk
2407,1126,1126,1845,Polk
2408,1126,1126,1845,Polk
2409,1126,1126,1845,Polk
