0,1,701,1893,Cleveland
1,2,701,1893,Cleveland
2,3,701,1893,Cleveland
3,4,701,1893,Cleveland
4,5,701,1893,Cleveland
5,6,701,1893,Cleveland
6,7,701,1893,Cleveland
7,8,701,1893,Cleveland
8,9,701,1893,Cleveland
9,10,701,1893,Cleveland
10,11,701,1893,Cleveland
11,12,701,1893,Cleveland
12,13,701,1893,Cleveland
13,14,701,1893,Cleveland
14,15,701,1893,Cleveland
15,16,701,1893,Cleveland
16,17,701,1893,Cleveland
17,18,701,1893,Cleveland
18,19,701,1893,Cleveland
19,19,701,1893,Cleveland
20,19,701,1893,Cleveland
21,20,701,1893,Cleveland
22,21,701,1893,Cleveland
23,22,701,1893,Cleveland
24,23,701,1893,Cleveland
25,24,701,1893,Cleveland
26,25,701,1893,Cleveland
27,25,701,1893,Cleveland
28,26,701,1893,Cleveland
29,27,701,1893,Cleveland
30,28,701,1893,Cleveland
31,29,701,1893,Cleveland
32,30,701,1893,Cleveland
33,31,701,1893,Cleveland
34,32,701,1893,Cleveland
35,33,701,1893,Cleveland
36,34,701,1893,Cleveland
37,34,701,1893,Cleveland
38,35,701,1893,Cleveland
39,36,701,1893,Cleveland
40,37,701,1893,Cleveland
41,38,701,1893,Cleveland
42,39,701,1893,Cleveland
43,39,701,1893,Cleveland
44,40,701,1893,Cleveland
45,41,701,1893,Cleveland
46,42,701,1893,Cleveland
47,43,701,1893,Cleveland
48,44,701,1893,Cleveland
49,45,701,1893,Cleveland
50,46,701,1893,Cleveland
51,47,701,1893,Cleveland
52,48,701,1893,Cleveland
53,49,701,1893,Cleveland
54,50,701,1893,Cleveland
55,51,701,1893,Cleveland
56,52,701,1893,Cleveland
57,53,701,1893,Cleveland
58,54,701,1893,Cleveland
59,55,701,1893,Cleveland
60,56,701,1893,Cleveland
61,57,701,1893,Cleveland
62,58,701,1893,Cleveland
63,59,701,1893,Cleveland
64,60,701,1893,Cleveland
65,61,701,1893,Cleveland
66,62,701,1893,Cleveland
67,62,701,1893,Cleveland
68,63,701,1893,Cleveland
69,64,701,1893,Cleveland
70,65,701,1893,Cleveland
71,66,701,1893,Cleveland
72,67,701,1893,Cleveland
73,68,701,1893,Cleveland
74,69,701,1893,Cleveland
75,70,701,1893,Cleveland
76,71,701,1893,Cleveland
77,72,701,1893,Cleveland
78,73,701,1893,Cleveland
79,74,701,1893,Cleveland
80,75,701,1893,Cleveland
81,76,701,1893,Cleveland
82,77,701,1893,Cleveland
83,78,701,1893,Cleveland
84,79,701,1893,Cleveland
85,79,701,1893,Cleveland
86,80,701,1893,Cleveland
87,81,701,1893,Cleveland
88,82,701,1893,Cleveland
89,82,701,1893,Cleveland
90,83,701,1893,Cleveland
91,84,701,1893,Cleveland
92,85,701,1893,Cleveland
93,86,701,1893,Cleveland
94,86,701,1893,Cleveland
95,87,701,1893,Cleveland
96,88,701,1893,Cleveland
97,89,701,1893,Cleveland
98,90,701,1893,Cleveland
99,91,701,1893,Cleveland
100,92,701,1893,Cleveland
101,93,701,1893,Cleveland
102,94,701,1893,Cleveland
103,95,701,1893,Cleveland
104,95,701,1893,Cleveland
105,96,701,1893,Cleveland
106,97,701,1893,Cleveland
107,98,701,1893,Cleveland
108,99,701,1893,Cleveland
109,100,701,1893,Cleveland
110,101,701,1893,Cleveland
111,102,701,1893,Cleveland
112,103,701,1893,Cleveland
113,104,701,1893,Cleveland
114,105,701,1893,Cleveland
115,106,701,1893,Cleveland
116,107,701,1893,Cleveland
117,108,701,1893,Cleveland
118,109,701,1893,Cleveland
119,110,701,1893,Cleveland
120,111,701,1893,Cleveland
121,112,701,1893,Cleveland
122,113,701,1893,Cleveland
123,114,701,1893,Cleveland
124,115,701,1893,Cleveland
125,116,701,1893,Cleveland
126,117,701,1893,Cleveland
127,118,701,1893,Cleveland
128,119,701,1893,Cleveland
129,119,701,1893,Cleveland
130,119,701,1893,Cleveland
131,120,701,1893,Cleveland
132,121,701,1893,Cleveland
133,122,701,1893,Cleveland
134,123,701,1893,Cleveland
135,124,701,1893,Cleveland
136,125,701,1893,Cleveland
137,126,701,1893,Cleveland
138,126,701,1893,Cleveland
139,126,701,1893,Cleveland
140,127,701,1893,Cleveland
141,128,701,1893,Cleveland
142,128,701,1893,Cleveland
143,129,701,1893,Cleveland
144,129,701,1893,Cleveland
145,129,701,1893,Cleveland
146,130,701,1893,Cleveland
147,131,701,1893,Cleveland
148,132,701,1893,Cleveland
149,133,701,1893,Cleveland
150,134,701,1893,Cleveland
151,135,701,1893,Cleveland
152,136,701,1893,Cleveland
153,137,701,1893,Cleveland
154,137,701,1893,Cleveland
155,138,701,1893,Cleveland
156,139,701,1893,Cleveland
157,140,701,1893,Cleveland
158,140,701,1893,Cleveland
159,141,701,1893,Cleveland
160,142,701,1893,Cleveland
161,143,701,1893,Cleveland
162,143,701,1893,Cleveland
163,144,701,1893,Cleveland
164,145,701,1893,Cleveland
165,146,701,1893,Cleveland
166,147,701,1893,Cleveland
167,148,701,1893,Cleveland
168,149,701,1893,Cleveland
169,150,701,1893,Cleveland
170,151,701,1893,Cleveland
171,152,701,1893,Cleveland
172,153,701,1893,Cleveland
173,154,701,1893,Cleveland
174,155,701,1893,Cleveland
175,156,701,1893,Cleveland
176,157,701,1893,Cleveland
177,158,701,1893,Cleveland
178,159,701,1893,Cleveland
179,160,701,1893,Cleveland
180,160,701,1893,Cleveland
181,161,701,1893,Cleveland
182,162,701,1893,Cleveland
183,163,701,1893,Cleveland
184,164,701,1893,Cleveland
185,165,701,1893,Cleveland
186,166,701,1893,Cleveland
187,166,701,1893,Cleveland
188,167,701,1893,Cleveland
189,167,701,1893,Cleveland
190,167,701,1893,Cleveland
191,168,701,1893,Cleveland
192,169,701,1893,Cleveland
193,170,701,1893,Cleveland
194,171,701,1893,Cleveland
195,172,701,1893,Cleveland
196,172,701,1893,Cleveland
197,173,701,1893,Cleveland
198,174,701,1893,Cleveland
199,175,701,1893,Cleveland
200,175,701,1893,Cleveland
201,176,701,1893,Cleveland
202,177,701,1893,Cleveland
203,178,701,1893,Cleveland
204,179,701,1893,Cleveland
205,180,701,1893,Cleveland
206,181,701,1893,Cleveland
207,182,701,1893,Cleveland
208,182,701,1893,Cleveland
209,182,701,1893,Cleveland
210,183,701,1893,Cleveland
211,184,701,1893,Cleveland
212,185,701,1893,Cleveland
213,186,701,1893,Cleveland
214,187,701,1893,Cleveland
215,188,701,1893,Cleveland
216,189,701,1893,Cleveland
217,190,701,1893,Cleveland
218,190,701,1893,Cleveland
219,190,701,1893,Cleveland
220,191,701,1893,Cleveland
221,192,701,1893,Cleveland
222,192,701,1893,Cleveland
223,193,701,1893,Cleveland
224,194,701,1893,Cleveland
225,195,701,1893,Cleveland
226,196,701,1893,Cleveland
227,197,701,1893,Cleveland
228,197,701,1893,Cleveland
229,198,701,1893,Cleveland
230,199,701,1893,Cleveland
231,200,701,1893,Cleveland
232,201,701,1893,Cleveland
233,201,701,1893,Cleveland
234,202,701,1893,Cleveland
235,203,701,1893,Cleveland
236,203,701,1893,Cleveland
237,204,701,1893,Cleveland
238,205,701,1893,Cleveland
239,206,701,1893,Cleveland
240,207,701,1893,Cleveland
241,208,701,1893,Cleveland
242,209,701,1893,Cleveland
243,209,701,1893,Cleveland
244,210,701,1893,Cleveland
245,211,701,1893,Cleveland
246,212,701,1893,Cleveland
247,213,701,1893,Cleveland
248,214,701,1893,Cleveland
249,214,701,1893,Cleveland
250,215,701,1893,Cleveland
251,215,701,1893,Cleveland
252,215,701,1893,Cleveland
253,216,701,1893,Cleveland
254,217,701,1893,Cleveland
255,218,701,1893,Cleveland
256,219,701,1893,Cleveland
257,219,701,1893,Cleveland
258,220,701,1893,Cleveland
259,221,701,1893,Cleveland
260,221,701,1893,Cleveland
261,222,701,1893,Cleveland
262,222,701,1893,Cleveland
263,223,701,1893,Cleveland
264,224,701,1893,Cleveland
265,224,701,1893,Cleveland
266,224,701,1893,Cleveland
267,225,701,1893,Cleveland
268,226,701,1893,Cleveland
269,227,701,1893,Cleveland
270,228,701,1893,Cleveland
271,229,701,1893,Cleveland
272,229,701,1893,Cleveland
273,230,701,1893,Cleveland
274,231,701,1893,Cleveland
275,232,701,1893,Cleveland
276,233,701,1893,Cleveland
277,233,701,1893,Cleveland
278,234,701,1893,Cleveland
279,235,701,1893,Cleveland
280,236,701,1893,Cleveland
281,237,701,1893,Cleveland
282,238,701,1893,Cleveland
283,239,701,1893,Cleveland
284,239,701,1893,Cleveland
285,240,701,1893,Cleveland
286,241,701,1893,Cleveland
287,242,701,1893,Cleveland
288,242,701,1893,Cleveland
289,243,701,1893,Cleveland
290,244,701,1893,Cleveland
291,245,701,1893,Cleveland
292,246,701,1893,Cleveland
293,247,701,1893,Cleveland
294,248,701,1893,Cleveland
295,249,701,1893,Cleveland
296,250,701,1893,Cleveland
297,251,701,1893,Cleveland
298,252,701,1893,Cleveland
299,253,701,1893,Cleveland
300,254,701,1893,Cleveland
301,255,701,1893,Cleveland
302,255,701,1893,Cleveland
303,255,701,1893,Cleveland
304,256,701,1893,Cleveland
305,256,701,1893,Cleveland
306,256,701,1893,Cleveland
307,256,701,1893,Cleveland
308,257,701,1893,Cleveland
309,257,701,1893,Cleveland
310,258,701,1893,Cleveland
311,259,701,1893,Cleveland
312,260,701,1893,Cleveland
313,260,701,1893,Cleveland
314,261,701,1893,Cleveland
315,262,701,1893,Cleveland
316,263,701,1893,Cleveland
317,263,701,1893,Cleveland
318,264,701,1893,Cleveland
319,265,701,1893,Cleveland
320,266,701,1893,Cleveland
321,266,701,1893,Cleveland
322,267,701,1893,Cleveland
323,268,701,1893,Cleveland
324,269,701,1893,Cleveland
325,269,701,1893,Cleveland
326,270,701,1893,Cleveland
327,271,701,1893,Cleveland
328,272,701,1893,Cleveland
329,273,701,1893,Cleveland
330,274,701,1893,Cleveland
331,275,701,1893,Cleveland
332,275,701,1893,Cleveland
333,276,701,1893,Cleveland
334,276,701,1893,Cleveland
335,277,701,1893,Cleveland
336,278,701,1893,Cleveland
337,279,701,1893,Cleveland
338,279,701,1893,Cleveland
339,280,701,1893,Cleveland
340,281,701,1893,Cleveland
341,282,701,1893,Cleveland
342,282,701,1893,Cleveland
343,283,701,1893,Cleveland
344,284,701,1893,Cleveland
345,284,701,1893,Cleveland
346,285,701,1893,Cleveland
347,286,701,1893,Cleveland
348,287,701,1893,Cleveland
349,288,701,1893,Cleveland
350,289,701,1893,Cleveland
351,289,701,1893,Cleveland
352,290,701,1893,Cleveland
353,291,701,1893,Cleveland
354,291,701,1893,Cleveland
355,292,701,1893,Cleveland
356,292,701,1893,Cleveland
357,293,701,1893,Cleveland
358,293,701,1893,Cleveland
359,294,701,1893,Cleveland
360,295,701,1893,Cleveland
361,295,701,1893,Cleveland
362,295,701,1893,Cleveland
363,296,701,1893,Cleveland
364,296,701,1893,Cleveland
365,297,701,1893,Cleveland
366,298,701,1893,Cleveland
367,299,701,1893,Cleveland
368,299,701,1893,Cleveland
369,300,701,1893,Cleveland
370,301,701,1893,Cleveland
371,301,701,1893,Cleveland
372,301,701,1893,Cleveland
373,301,701,1893,Cleveland
374,302,701,1893,Cleveland
375,303,701,1893,Cleveland
376,304,701,1893,Cleveland
377,305,701,1893,Cleveland
378,306,701,1893,Cleveland
379,307,701,1893,Cleveland
380,308,701,1893,Cleveland
381,308,701,1893,Cleveland
382,308,701,1893,Cleveland
383,309,701,1893,Cleveland
384,309,701,1893,Cleveland
385,310,701,1893,Cleveland
386,311,701,1893,Cleveland
387,312,701,1893,Cleveland
388,313,701,1893,Cleveland
389,313,701,1893,Cleveland
390,314,701,1893,Cleveland
391,314,701,1893,Cleveland
392,314,701,1893,Cleveland
393,314,701,1893,Cleveland
394,315,701,1893,Cleveland
395,316,701,1893,Cleveland
396,317,701,1893,Cleveland
397,318,701,1893,Cleveland
398,319,701,1893,Cleveland
399,320,701,1893,Cleveland
400,321,701,1893,Cleveland
401,322,701,1893,Cleveland
402,323,701,1893,Cleveland
403,323,701,1893,Cleveland
404,323,701,1893,Cleveland
405,324,701,1893,Cleveland
406,325,701,1893,Cleveland
407,326,701,1893,Cleveland
408,326,701,1893,Cleveland
409,326,701,1893,Cleveland
410,327,701,1893,Cleveland
411,328,701,1893,Cleveland
412,328,701,1893,Cleveland
413,329,701,1893,Cleveland
414,329,701,1893,Cleveland
415,330,701,1893,Cleveland
416,330,701,1893,Cleveland
417,331,701,1893,Cleveland
418,331,701,1893,Cleveland
419,331,701,1893,Cleveland
420,332,701,1893,Cleveland
421,332,701,1893,Cleveland
422,333,701,1893,Cleveland
423,334,701,1893,Cleveland
424,334,701,1893,Cleveland
425,334,701,1893,Cleveland
426,335,701,1893,Cleveland
427,336,701,1893,Cleveland
428,337,701,1893,Cleveland
429,338,701,1893,Cleveland
430,339,701,1893,Cleveland
431,340,701,1893,Cleveland
432,340,701,1893,Cleveland
433,341,701,1893,Cleveland
434,342,701,1893,Cleveland
435,342,701,1893,Cleveland
436,343,701,1893,Cleveland
437,344,701,1893,Cleveland
438,344,701,1893,Cleveland
439,345,701,1893,Cleveland
440,345,701,1893,Cleveland
441,346,701,1893,Cleveland
442,347,701,1893,Cleveland
443,347,701,1893,Cleveland
444,348,701,1893,Cleveland
445,349,701,1893,Cleveland
446,350,701,1893,Cleveland
447,351,701,1893,Cleveland
448,351,701,1893,Cleveland
449,351,701,1893,Cleveland
450,352,701,1893,Cleveland
451,353,701,1893,Cleveland
452,353,701,1893,Cleveland
453,353,701,1893,Cleveland
454,353,701,1893,Cleveland
455,353,701,1893,Cleveland
456,354,701,1893,Cleveland
457,354,701,1893,Cleveland
458,355,701,1893,Cleveland
459,355,701,1893,Cleveland
460,355,701,1893,Cleveland
461,355,701,1893,Cleveland
462,355,701,1893,Cleveland
463,356,701,1893,Cleveland
464,357,701,1893,Cleveland
465,358,701,1893,Cleveland
466,358,701,1893,Cleveland
467,359,701,1893,Cleveland
468,359,701,1893,Cleveland
469,360,701,1893,Cleveland
470,360,701,1893,Cleveland
471,361,701,1893,Cleveland
472,362,701,1893,Cleveland
473,363,701,1893,Cleveland
474,364,701,1893,Cleveland
475,364,701,1893,Cleveland
476,364,701,1893,Cleveland
477,364,701,1893,Cleveland
478,365,701,1893,Cleveland
479,365,701,1893,Cleveland
480,366,701,1893,Cleveland
481,367,701,1893,Cleveland
482,367,701,1893,Cleveland
483,368,701,1893,Cleveland
484,368,701,1893,Cleveland
485,369,701,1893,Cleveland
486,370,701,1893,Cleveland
487,370,701,1893,Cleveland
488,370,701,1893,Cleveland
489,370,701,1893,Cleveland
490,371,701,1893,Cleveland
491,372,701,1893,Cleveland
492,373,701,1893,Cleveland
493,373,701,1893,Cleveland
494,373,701,1893,Cleveland
495,373,701,1893,Cleveland
496,373,701,1893,Cleveland
497,374,701,1893,Cleveland
498,375,701,1893,Cleveland
499,376,701,1893,Cleveland
500,376,701,1893,Cleveland
501,377,701,1893,Cleveland
502,378,701,1893,Cleveland
503,379,701,1893,Cleveland
504,380,701,1893,Cleveland
505,381,701,1893,Cleveland
506,382,701,1893,Cleveland
507,383,701,1893,Cleveland
508,383,701,1893,Cleveland
509,384,701,1893,Cleveland
510,385,701,1893,Cleveland
511,386,701,1893,Cleveland
512,387,701,1893,Cleveland
513,388,701,1893,Cleveland
514,388,701,1893,Cleveland
515,389,701,1893,Cleveland
516,390,701,1893,Cleveland
517,390,701,1893,Cleveland
518,391,701,1893,Cleveland
519,392,701,1893,Cleveland
520,393,701,1893,Cleveland
521,394,701,1893,Cleveland
522,395,701,1893,Cleveland
523,395,701,1893,Cleveland
524,396,701,1893,Cleveland
525,397,701,1893,Cleveland
526,398,701,1893,Cleveland
527,399,701,1893,Cleveland
528,400,701,1893,Cleveland
529,401,701,1893,Cleveland
530,402,701,1893,Cleveland
531,402,701,1893,Cleveland
532,403,701,1893,Cleveland
533,404,701,1893,Cleveland
534,404,701,1893,Cleveland
535,404,701,1893,Cleveland
536,405,701,1893,Cleveland
537,405,701,1893,Cleveland
538,405,701,1893,Cleveland
539,406,701,1893,Cleveland
540,407,701,1893,Cleveland
541,408,701,1893,Cleveland
542,409,701,1893,Cleveland
543,409,701,1893,Cleveland
544,409,701,1893,Cleveland
545,410,701,1893,Cleveland
546,411,701,1893,Cleveland
547,411,701,1893,Cleveland
548,412,701,1893,Cleveland
549,413,701,1893,Cleveland
550,414,701,1893,Cleveland
551,414,701,1893,Cleveland
552,414,701,1893,Cleveland
553,415,701,1893,Cleveland
554,416,701,1893,Cleveland
555,417,701,1893,Cleveland
556,418,701,1893,Cleveland
557,418,701,1893,Cleveland
558,418,701,1893,Cleveland
559,419,701,1893,Cleveland
560,419,701,1893,Cleveland
561,420,701,1893,Cleveland
562,420,701,1893,Cleveland
563,420,701,1893,Cleveland
564,421,701,1893,Cleveland
565,422,701,1893,Cleveland
566,422,701,1893,Cleveland
567,422,701,1893,Cleveland
568,423,701,1893,Cleveland
569,424,701,1893,Cleveland
570,424,701,1893,Cleveland
571,425,701,1893,Cleveland
572,425,701,1893,Cleveland
573,426,701,1893,Cleveland
574,427,701,1893,Cleveland
575,428,701,1893,Cleveland
576,429,701,1893,Cleveland
577,430,701,1893,Cleveland
578,430,701,1893,Cleveland
579,431,701,1893,Cleveland
580,431,701,1893,Cleveland
581,432,701,1893,Cleveland
582,432,701,1893,Cleveland
583,433,701,1893,Cleveland
584,433,701,1893,Cleveland
585,434,701,1893,Cleveland
586,435,701,1893,Cleveland
587,435,701,1893,Cleveland
588,436,701,1893,Cleveland
589,437,701,1893,Cleveland
590,437,701,1893,Cleveland
591,438,701,1893,Cleveland
592,438,701,1893,Cleveland
593,438,701,1893,Cleveland
594,439,701,1893,Cleveland
595,439,701,1893,Cleveland
596,440,701,1893,Cleveland
597,441,701,1893,Cleveland
598,441,701,1893,Cleveland
599,442,701,1893,Cleveland
600,443,701,1893,Cleveland
601,443,701,1893,Cleveland
602,444,701,1893,Cleveland
603,445,701,1893,Cleveland
604,446,701,1893,Cleveland
605,446,701,1893,Cleveland
606,446,701,1893,Cleveland
607,447,701,1893,Cleveland
608,448,701,1893,Cleveland
609,449,701,1893,Cleveland
610,449,701,1893,Cleveland
611,449,701,1893,Cleveland
612,450,701,1893,Cleveland
613,451,701,1893,Cleveland
614,452,701,1893,Cleveland
615,452,701,1893,Cleveland
616,453,701,1893,Cleveland
617,454,701,1893,Cleveland
618,454,701,1893,Cleveland
619,455,701,1893,Cleveland
620,456,701,1893,Cleveland
621,457,701,1893,Cleveland
622,458,701,1893,Cleveland
623,458,701,1893,Cleveland
624,459,701,1893,Cleveland
625,459,701,1893,Cleveland
626,460,701,1893,Cleveland
627,460,701,1893,Cleveland
628,461,701,1893,Cleveland
629,462,701,1893,Cleveland
630,463,701,1893,Cleveland
631,463,701,1893,Cleveland
632,463,701,1893,Cleveland
633,463,701,1893,Cleveland
634,464,701,1893,Cleveland
635,465,701,1893,Cleveland
636,465,701,1893,Cleveland
637,466,701,1893,Cleveland
638,466,701,1893,Cleveland
639,467,701,1893,Cleveland
640,467,701,1893,Cleveland
641,467,701,1893,Cleveland
642,468,701,1893,Cleveland
643,468,701,1893,Cleveland
644,468,701,1893,Cleveland
645,469,701,1893,Cleveland
646,470,701,1893,Cleveland
647,471,701,1893,Cleveland
648,471,701,1893,Cleveland
649,472,701,1893,Cleveland
650,473,701,1893,Cleveland
651,474,701,1893,Cleveland
652,475,701,1893,Cleveland
653,475,701,1893,Cleveland
654,476,701,1893,Cleveland
655,476,701,1893,Cleveland
656,477,701,1893,Cleveland
657,478,701,1893,Cleveland
658,479,701,1893,Cleveland
659,480,701,1893,Cleveland
660,480,701,1893,Cleveland
661,480,701,1893,Cleveland
662,481,701,1893,Cleveland
663,481,701,1893,Cleveland
664,482,701,1893,Cleveland
665,483,701,1893,Cleveland
666,484,701,1893,Cleveland
667,485,701,1893,Cleveland
668,486,701,1893,Cleveland
669,487,701,1893,Cleveland
670,488,701,1893,Cleveland
671,488,701,1893,Cleveland
672,488,701,1893,Cleveland
673,489,701,1893,Cleveland
674,489,701,1893,Cleveland
675,490,701,1893,Cleveland
676,491,701,1893,Cleveland
677,492,701,1893,Cleveland
678,492,701,1893,Cleveland
679,493,701,1893,Cleveland
680,494,701,1893,Cleveland
681,494,701,1893,Cleveland
682,495,701,1893,Cleveland
683,496,701,1893,Cleveland
684,496,701,1893,Cleveland
685,496,701,1893,Cleveland
686,496,701,1893,Cleveland
687,496,701,1893,Cleveland
688,496,701,1893,Cleveland
689,497,701,1893,Cleveland
690,497,701,1893,Cleveland
691,498,701,1893,Cleveland
692,499,701,1893,Cleveland
693,500,701,1893,Cleveland
694,500,701,1893,Cleveland
695,501,701,1893,Cleveland
696,501,701,1893,Cleveland
697,501,701,1893,Cleveland
698,501,701,1893,Cleveland
699,501,701,1893,Cleveland
700,501,701,1893,Cleveland
701,502,701,1893,Cleveland
702,503,701,1893,Cleveland
703,504,701,1893,Cleveland
704,505,701,1893,Cleveland
705,506,701,1893,Cleveland
706,507,701,1893,Cleveland
707,508,701,1893,Cleveland
708,508,701,1893,Cleveland
709,509,701,1893,Cleveland
710,510,701,1893,Cleveland
711,511,701,1893,Cleveland
712,512,701,1893,Cleveland
713,512,701,1893,Cleveland
714,512,701,1893,Cleveland
715,513,701,1893,Cleveland
716,514,701,1893,Cleveland
717,515,701,1893,Cleveland
718,516,701,1893,Cleveland
719,517,701,1893,Cleveland
720,517,701,1893,Cleveland
721,518,701,1893,Cleveland
722,518,701,1893,Cleveland
723,518,701,1893,Cleveland
724,519,701,1893,Cleveland
725,519,701,1893,Cleveland
726,519,701,1893,Cleveland
727,520,701,1893,Cleveland
728,521,701,1893,Cleveland
729,522,701,1893,Cleveland
730,523,701,1893,Cleveland
731,524,701,1893,Cleveland
732,525,701,1893,Cleveland
733,525,701,1893,Cleveland
734,526,701,1893,Cleveland
735,527,701,1893,Cleveland
736,528,701,1893,Cleveland
737,529,701,1893,Cleveland
738,530,701,1893,Cleveland
739,531,701,1893,Cleveland
740,531,701,1893,Cleveland
741,532,701,1893,Cleveland
742,532,701,1893,Cleveland
743,533,701,1893,Cleveland
744,533,701,1893,Cleveland
745,534,701,1893,Cleveland
746,534,701,1893,Cleveland
747,534,701,1893,Cleveland
748,534,701,1893,Cleveland
749,534,701,1893,Cleveland
750,535,701,1893,Cleveland
751,536,701,1893,Cleveland
752,537,701,1893,Cleveland
753,538,701,1893,Cleveland
754,538,701,1893,Cleveland
755,538,701,1893,Cleveland
756,539,701,1893,Cleveland
757,539,701,1893,Cleveland
758,540,701,1893,Cleveland
759,540,701,1893,Cleveland
760,541,701,1893,Cleveland
761,542,701,1893,Cleveland
762,543,701,1893,Cleveland
763,544,701,1893,Cleveland
764,545,701,1893,Cleveland
765,545,701,1893,Cleveland
766,546,701,1893,Cleveland
767,547,701,1893,Cleveland
768,548,701,1893,Cleveland
769,549,701,1893,Cleveland
770,550,701,1893,Cleveland
771,551,701,1893,Cleveland
772,551,701,1893,Cleveland
773,552,701,1893,Cleveland
774,552,701,1893,Cleveland
775,552,701,1893,Cleveland
776,553,701,1893,Cleveland
777,554,701,1893,Cleveland
778,555,701,1893,Cleveland
779,555,701,1893,Cleveland
780,556,701,1893,Cleveland
781,557,701,1893,Cleveland
782,557,701,1893,Cleveland
783,558,701,1893,Cleveland
784,558,701,1893,Cleveland
785,558,701,1893,Cleveland
786,559,701,1893,Cleveland
787,559,701,1893,Cleveland
788,560,701,1893,Cleveland
789,561,701,1893,Cleveland
790,562,701,1893,Cleveland
791,563,701,1893,Cleveland
792,564,701,1893,Cleveland
793,565,701,1893,Cleveland
794,566,701,1893,Cleveland
795,566,701,1893,Cleveland
796,566,701,1893,Cleveland
797,567,701,1893,Cleveland
798,568,701,1893,Cleveland
799,569,701,1893,Cleveland
800,569,701,1893,Cleveland
801,569,701,1893,Cleveland
802,570,701,1893,Cleveland
803,570,701,1893,Cleveland
804,570,701,1893,Cleveland
805,571,701,1893,Cleveland
806,572,701,1893,Cleveland
807,573,701,1893,Cleveland
808,574,701,1893,Cleveland
809,575,701,1893,Cleveland
810,576,701,1893,Cleveland
811,576,701,1893,Cleveland
812,576,701,1893,Cleveland
813,576,701,1893,Cleveland
814,576,701,1893,Cleveland
815,576,701,1893,Cleveland
816,577,701,1893,Cleveland
817,577,701,1893,Cleveland
818,578,701,1893,Cleveland
819,579,701,1893,Cleveland
820,579,701,1893,Cleveland
821,580,701,1893,Cleveland
822,581,701,1893,Cleveland
823,581,701,1893,Cleveland
824,582,701,1893,Cleveland
825,582,701,1893,Cleveland
826,583,701,1893,Cleveland
827,583,701,1893,Cleveland
828,583,701,1893,Cleveland
829,584,701,1893,Cleveland
830,585,701,1893,Cleveland
831,586,701,1893,Cleveland
832,586,701,1893,Cleveland
833,587,701,1893,Cleveland
834,588,701,1893,Cleveland
835,588,701,1893,Cleveland
836,589,701,1893,Cleveland
837,590,701,1893,Cleveland
838,590,701,1893,Cleveland
839,591,701,1893,Cleveland
840,591,701,1893,Cleveland
841,591,701,1893,Cleveland
842,591,701,1893,Cleveland
843,592,701,1893,Cleveland
844,593,701,1893,Cleveland
845,594,701,1893,Cleveland
846,594,701,1893,Cleveland
847,594,701,1893,Cleveland
848,595,701,1893,Cleveland
849,596,701,1893,Cleveland
850,597,701,1893,Cleveland
851,597,701,1893,Cleveland
852,597,701,1893,Cleveland
853,597,701,1893,Cleveland
854,597,701,1893,Cleveland
855,597,701,1893,Cleveland
856,598,701,1893,Cleveland
857,599,701,1893,Cleveland
858,599,701,1893,Cleveland
859,599,701,1893,Cleveland
860,599,701,1893,Cleveland
861,599,701,1893,Cleveland
862,600,701,1893,Cleveland
863,601,701,1893,Cleveland
864,602,701,1893,Cleveland
865,602,701,1893,Cleveland
866,602,701,1893,Cleveland
867,602,701,1893,Cleveland
868,602,701,1893,Cleveland
869,602,701,1893,Cleveland
870,602,701,1893,Cleveland
871,603,701,1893,Cleveland
872,604,701,1893,Cleveland
873,604,701,1893,Cleveland
874,604,701,1893,Cleveland
875,604,701,1893,Cleveland
876,605,701,1893,Cleveland
877,605,701,1893,Cleveland
878,605,701,1893,Cleveland
879,606,701,1893,Cleveland
880,606,701,1893,Cleveland
881,607,701,1893,Cleveland
882,607,701,1893,Cleveland
883,608,701,1893,Cleveland
884,609,701,1893,Cleveland
885,609,701,1893,Cleveland
886,610,701,1893,Cleveland
887,611,701,1893,Cleveland
888,611,701,1893,Cleveland
889,612,701,1893,Cleveland
890,613,701,1893,Cleveland
891,613,701,1893,Cleveland
892,614,701,1893,Cleveland
893,615,701,1893,Cleveland
894,616,701,1893,Cleveland
895,616,701,1893,Cleveland
896,616,701,1893,Cleveland
897,617,701,1893,Cleveland
898,618,701,1893,Cleveland
899,619,701,1893,Cleveland
900,620,701,1893,Cleveland
901,621,701,1893,Cleveland
902,621,701,1893,Cleveland
903,621,701,1893,Cleveland
904,622,701,1893,Cleveland
905,623,701,1893,Cleveland
906,624,701,1893,Cleveland
907,625,701,1893,Cleveland
908,626,701,1893,Cleveland
909,627,701,1893,Cleveland
910,627,701,1893,Cleveland
911,627,701,1893,Cleveland
912,627,701,1893,Cleveland
913,627,701,1893,Cleveland
914,627,701,1893,Cleveland
915,628,701,1893,Cleveland
916,629,701,1893,Cleveland
917,630,701,1893,Cleveland
918,630,701,1893,Cleveland
919,630,701,1893,Cleveland
920,630,701,1893,Cleveland
921,631,701,1893,Cleveland
922,632,701,1893,Cleveland
923,633,701,1893,Cleveland
924,634,701,1893,Cleveland
925,635,701,1893,Cleveland
926,635,701,1893,Cleveland
927,635,701,1893,Cleveland
928,636,701,1893,Cleveland
929,637,701,1893,Cleveland
930,638,701,1893,Cleveland
931,638,701,1893,Cleveland
932,638,701,1893,Cleveland
933,639,701,1893,Cleveland
934,640,701,1893,Cleveland
935,640,701,1893,Cleveland
936,641,701,1893,Cleveland
937,641,701,1893,Cleveland
938,641,701,1893,Cleveland
939,642,701,1893,Cleveland
940,643,701,1893,Cleveland
941,643,701,1893,Cleveland
942,644,701,1893,Cleveland
943,644,701,1893,Cleveland
944,644,701,1893,Cleveland
945,644,701,1893,Cleveland
946,645,701,1893,Cleveland
947,645,701,1893,Cleveland
948,646,701,1893,Cleveland
949,646,701,1893,Cleveland
950,646,701,1893,Cleveland
951,646,701,1893,Cleveland
952,647,701,1893,Cleveland
953,648,701,1893,Cleveland
954,648,701,1893,Cleveland
955,649,701,1893,Cleveland
956,649,701,1893,Cleveland
957,649,701,1893,Cleveland
958,650,701,1893,Cleveland
959,651,701,1893,Cleveland
960,652,701,1893,Cleveland
961,653,701,1893,Cleveland
962,654,701,1893,Cleveland
963,655,701,1893,Cleveland
964,656,701,1893,Cleveland
965,657,701,1893,Cleveland
966,658,701,1893,Cleveland
967,658,701,1893,Cleveland
968,658,701,1893,Cleveland
969,658,701,1893,Cleveland
970,659,701,1893,Cleveland
971,660,701,1893,Cleveland
972,661,701,1893,Cleveland
973,661,701,1893,Cleveland
974,662,701,1893,Cleveland
975,663,701,1893,Cleveland
976,664,701,1893,Cleveland
977,664,701,1893,Cleveland
978,665,701,1893,Cleveland
979,666,701,1893,Cleveland
980,667,701,1893,Cleveland
981,668,701,1893,Cleveland
982,668,701,1893,Cleveland
983,669,701,1893,Cleveland
984,669,701,1893,Cleveland
985,670,701,1893,Cleveland
986,671,701,1893,Cleveland
987,672,701,1893,Cleveland
988,672,701,1893,Cleveland
989,673,701,1893,Cleveland
990,673,701,1893,Cleveland
991,673,701,1893,Cleveland
992,673,701,1893,Cleveland
993,674,701,1893,Cleveland
994,675,701,1893,Cleveland
995,675,701,1893,Cleveland
996,675,701,1893,Cleveland
997,675,701,1893,Cleveland
998,675,701,1893,Cleveland
999,676,701,1893,Cleveland
1000,677,701,1893,Cleveland
1001,677,701,1893,Cleveland
1002,678,701,1893,Cleveland
1003,678,701,1893,Cleveland
1004,678,701,1893,Cleveland
1005,679,701,1893,Cleveland
1006,679,701,1893,Cleveland
1007,680,701,1893,Cleveland
1008,680,701,1893,Cleveland
1009,681,701,1893,Cleveland
1010,682,701,1893,Cleveland
1011,683,701,1893,Cleveland
1012,683,701,1893,Cleveland
1013,683,701,1893,Cleveland
1014,684,701,1893,Cleveland
1015,685,701,1893,Cleveland
1016,685,701,1893,Cleveland
1017,685,701,1893,Cleveland
1018,685,701,1893,Cleveland
1019,686,701,1893,Cleveland
1020,686,701,1893,Cleveland
1021,687,701,1893,Cleveland
1022,688,701,1893,Cleveland
1023,688,701,1893,Cleveland
1024,689,701,1893,Cleveland
1025,690,701,1893,Cleveland
1026,691,701,1893,Cleveland
1027,691,701,1893,Cleveland
1028,691,701,1893,Cleveland
1029,691,701,1893,Cleveland
1030,691,701,1893,Cleveland
1031,692,701,1893,Cleveland
1032,693,701,1893,Cleveland
1033,694,701,1893,Cleveland
1034,695,701,1893,Cleveland
1035,695,701,1893,Cleveland
1036,695,701,1893,Cleveland
1037,695,701,1893,Cleveland
1038,695,701,1893,Cleveland
1039,696,701,1893,Cleveland
1040,697,701,1893,Cleveland
1041,697,701,1893,Cleveland
1042,698,701,1893,Cleveland
1043,699,701,1893,Cleveland
1044,699,701,1893,Cleveland
1045,700,701,1893,Cleveland
1046,701,701,1893,Cleveland
1047,701,701,1893,Cleveland
