0,1,1216,1909,Taft
1,2,1216,1909,Taft
2,3,1216,1909,Taft
3,4,1216,1909,Taft
4,5,1216,1909,Taft
5,6,1216,1909,Taft
6,7,1216,1909,Taft
7,7,1216,1909,Taft
8,8,1216,1909,Taft
9,9,1216,1909,Taft
10,10,1216,1909,Taft
11,11,1216,1909,Taft
12,12,1216,1909,Taft
13,13,1216,1909,Taft
14,14,1216,1909,Taft
15,15,1216,1909,Taft
16,16,1216,1909,Taft
17,17,1216,1909,Taft
18,18,1216,1909,Taft
19,19,1216,1909,Taft
20,20,1216,1909,Taft
21,21,1216,1909,Taft
22,22,1216,1909,Taft
23,23,1216,1909,Taft
24,23,1216,1909,Taft
25,24,1216,1909,Taft
26,25,1216,1909,Taft
27,25,1216,1909,Taft
28,26,1216,1909,Taft
29,27,1216,1909,Taft
30,28,1216,1909,Taft
31,29,1216,1909,Taft
32,30,1216,1909,Taft
33,31,1216,1909,Taft
34,32,1216,1909,Taft
35,33,1216,1909,Taft
36,34,1216,1909,Taft
37,35,1216,1909,Taft
38,36,1216,1909,Taft
39,36,1216,1909,Taft
40,37,1216,1909,Taft
41,38,1216,1909,Taft
42,39,1216,1909,Taft
43,40,1216,1909,Taft
44,41,1216,1909,Taft
45,42,1216,1909,Taft
46,43,1216,1909,Taft
47,44,1216,1909,Taft
48,45,1216,1909,Taft
49,45,1216,1909,Taft
50,46,1216,1909,Taft
51,47,1216,1909,Taft
52,48,1216,1909,Taft
53,49,1216,1909,Taft
54,50,1216,1909,Taft
55,50,1216,1909,Taft
56,50,1216,1909,Taft
57,51,1216,1909,Taft
58,51,1216,1909,Taft
59,51,1216,1909,Taft
60,52,1216,1909,Taft
61,53,1216,1909,Taft
62,54,1216,1909,Taft
63,54,1216,1909,Taft
64,55,1216,1909,Taft
65,56,1216,1909,Taft
66,56,1216,1909,Taft
67,57,1216,1909,Taft
68,58,1216,1909,Taft
69,59,1216,1909,Taft
70,60,1216,1909,Taft
71,61,1216,1909,Taft
72,61,1216,1909,Taft
73,62,1216,1909,Taft
74,63,1216,1909,Taft
75,64,1216,1909,Taft
76,65,1216,1909,Taft
77,66,1216,1909,Taft
78,67,1216,1909,Taft
79,68,1216,1909,Taft
80,69,1216,1909,Taft
81,70,1216,1909,Taft
82,71,1216,1909,Taft
83,71,1216,1909,Taft
84,72,1216,1909,Taft
85,72,1216,1909,Taft
86,73,1216,1909,Taft
87,74,1216,1909,Taft
88,75,1216,1909,Taft
89,76,1216,1909,Taft
90,77,1216,1909,Taft
91,78,1216,1909,Taft
92,79,1216,1909,Taft
93,80,1216,1909,Taft
94,81,1216,1909,Taft
95,82,1216,1909,Taft
96,82,1216,1909,Taft
97,83,1216,1909,Taft
98,84,1216,1909,Taft
99,85,1216,1909,Taft
100,86,1216,1909,Taft
101,87,1216,1909,Taft
102,88,1216,1909,Taft
103,88,1216,1909,Taft
104,89,1216,1909,Taft
105,90,1216,1909,Taft
106,91,1216,1909,Taft
107,92,1216,1909,Taft
108,93,1216,1909,Taft
109,94,1216,1909,Taft
110,94,1216,1909,Taft
111,95,1216,1909,Taft
112,96,1216,1909,Taft
113,97,1216,1909,Taft
114,98,1216,1909,Taft
115,99,1216,1909,Taft
116,99,1216,1909,Taft
117,100,1216,1909,Taft
118,101,1216,1909,Taft
119,101,1216,1909,Taft
120,102,1216,1909,Taft
121,102,1216,1909,Taft
122,103,1216,1909,Taft
123,104,1216,1909,Taft
124,105,1216,1909,Taft
125,106,1216,1909,Taft
126,107,1216,1909,Taft
127,108,1216,1909,Taft
128,108,1216,1909,Taft
129,109,1216,1909,Taft
130,110,1216,1909,Taft
131,111,1216,1909,Taft
132,111,1216,1909,Taft
133,112,1216,1909,Taft
134,112,1216,1909,Taft
135,112,1216,1909,Taft
136,113,1216,1909,Taft
137,113,1216,1909,Taft
138,113,1216,1909,Taft
139,114,1216,1909,Taft
140,114,1216,1909,Taft
141,115,1216,1909,Taft
142,115,1216,1909,Taft
143,116,1216,1909,Taft
144,117,1216,1909,Taft
145,117,1216,1909,Taft
146,118,1216,1909,Taft
147,119,1216,1909,Taft
148,120,1216,1909,Taft
149,121,1216,1909,Taft
150,122,1216,1909,Taft
151,123,1216,1909,Taft
152,124,1216,1909,Taft
153,125,1216,1909,Taft
154,125,1216,1909,Taft
155,125,1216,1909,Taft
156,125,1216,1909,Taft
157,126,1216,1909,Taft
158,127,1216,1909,Taft
159,128,1216,1909,Taft
160,129,1216,1909,Taft
161,130,1216,1909,Taft
162,131,1216,1909,Taft
163,131,1216,1909,Taft
164,131,1216,1909,Taft
165,132,1216,1909,Taft
166,132,1216,1909,Taft
167,132,1216,1909,Taft
168,133,1216,1909,Taft
169,133,1216,1909,Taft
170,134,1216,1909,Taft
171,135,1216,1909,Taft
172,136,1216,1909,Taft
173,136,1216,1909,Taft
174,136,1216,1909,Taft
175,137,1216,1909,Taft
176,137,1216,1909,Taft
177,137,1216,1909,Taft
178,137,1216,1909,Taft
179,138,1216,1909,Taft
180,138,1216,1909,Taft
181,138,1216,1909,Taft
182,138,1216,1909,Taft
183,138,1216,1909,Taft
184,138,1216,1909,Taft
185,139,1216,1909,Taft
186,140,1216,1909,Taft
187,141,1216,1909,Taft
188,142,1216,1909,Taft
189,143,1216,1909,Taft
190,144,1216,1909,Taft
191,145,1216,1909,Taft
192,146,1216,1909,Taft
193,147,1216,1909,Taft
194,148,1216,1909,Taft
195,149,1216,1909,Taft
196,150,1216,1909,Taft
197,151,1216,1909,Taft
198,151,1216,1909,Taft
199,152,1216,1909,Taft
200,152,1216,1909,Taft
201,152,1216,1909,Taft
202,152,1216,1909,Taft
203,152,1216,1909,Taft
204,153,1216,1909,Taft
205,154,1216,1909,Taft
206,154,1216,1909,Taft
207,154,1216,1909,Taft
208,155,1216,1909,Taft
209,155,1216,1909,Taft
210,156,1216,1909,Taft
211,157,1216,1909,Taft
212,157,1216,1909,Taft
213,158,1216,1909,Taft
214,159,1216,1909,Taft
215,159,1216,1909,Taft
216,160,1216,1909,Taft
217,161,1216,1909,Taft
218,162,1216,1909,Taft
219,163,1216,1909,Taft
220,163,1216,1909,Taft
221,164,1216,1909,Taft
222,165,1216,1909,Taft
223,166,1216,1909,Taft
224,167,1216,1909,Taft
225,168,1216,1909,Taft
226,169,1216,1909,Taft
227,170,1216,1909,Taft
228,170,1216,1909,Taft
229,171,1216,1909,Taft
230,172,1216,1909,Taft
231,172,1216,1909,Taft
232,173,1216,1909,Taft
233,174,1216,1909,Taft
234,175,1216,1909,Taft
235,176,1216,1909,Taft
236,176,1216,1909,Taft
237,177,1216,1909,Taft
238,177,1216,1909,Taft
239,178,1216,1909,Taft
240,179,1216,1909,Taft
241,180,1216,1909,Taft
242,181,1216,1909,Taft
243,182,1216,1909,Taft
244,183,1216,1909,Taft
245,184,1216,1909,Taft
246,185,1216,1909,Taft
247,185,1216,1909,Taft
248,186,1216,1909,Taft
249,186,1216,1909,Taft
250,187,1216,1909,Taft
251,187,1216,1909,Taft
252,188,1216,1909,Taft
253,188,1216,1909,Taft
254,189,1216,1909,Taft
255,190,1216,1909,Taft
256,191,1216,1909,Taft
257,192,1216,1909,Taft
258,193,1216,1909,Taft
259,194,1216,1909,Taft
260,195,1216,1909,Taft
261,196,1216,1909,Taft
262,196,1216,1909,Taft
263,197,1216,1909,Taft
264,198,1216,1909,Taft
265,199,1216,1909,Taft
266,200,1216,1909,Taft
267,200,1216,1909,Taft
268,201,1216,1909,Taft
269,202,1216,1909,Taft
270,202,1216,1909,Taft
271,203,1216,1909,Taft
272,204,1216,1909,Taft
273,205,1216,1909,Taft
274,206,1216,1909,Taft
275,207,1216,1909,Taft
276,207,1216,1909,Taft
277,208,1216,1909,Taft
278,208,1216,1909,Taft
279,209,1216,1909,Taft
280,209,1216,1909,Taft
281,210,1216,1909,Taft
282,210,1216,1909,Taft
283,210,1216,1909,Taft
284,211,1216,1909,Taft
285,211,1216,1909,Taft
286,212,1216,1909,Taft
287,213,1216,1909,Taft
288,214,1216,1909,Taft
289,214,1216,1909,Taft
290,215,1216,1909,Taft
291,216,1216,1909,Taft
292,217,1216,1909,Taft
293,218,1216,1909,Taft
294,219,1216,1909,Taft
295,220,1216,1909,Taft
296,221,1216,1909,Taft
297,222,1216,1909,Taft
298,222,1216,1909,Taft
299,222,1216,1909,Taft
300,222,1216,1909,Taft
301,222,1216,1909,Taft
302,222,1216,1909,Taft
303,222,1216,1909,Taft
304,223,1216,1909,Taft
305,224,1216,1909,Taft
306,224,1216,1909,Taft
307,225,1216,1909,Taft
308,225,1216,1909,Taft
309,226,1216,1909,Taft
310,227,1216,1909,Taft
311,228,1216,1909,Taft
312,228,1216,1909,Taft
313,229,1216,1909,Taft
314,229,1216,1909,Taft
315,230,1216,1909,Taft
316,231,1216,1909,Taft
317,232,1216,1909,Taft
318,233,1216,1909,Taft
319,234,1216,1909,Taft
320,235,1216,1909,Taft
321,235,1216,1909,Taft
322,236,1216,1909,Taft
323,237,1216,1909,Taft
324,238,1216,1909,Taft
325,238,1216,1909,Taft
326,239,1216,1909,Taft
327,240,1216,1909,Taft
328,240,1216,1909,Taft
329,241,1216,1909,Taft
330,242,1216,1909,Taft
331,243,1216,1909,Taft
332,244,1216,1909,Taft
333,245,1216,1909,Taft
334,246,1216,1909,Taft
335,246,1216,1909,Taft
336,246,1216,1909,Taft
337,247,1216,1909,Taft
338,248,1216,1909,Taft
339,249,1216,1909,Taft
340,250,1216,1909,Taft
341,251,1216,1909,Taft
342,251,1216,1909,Taft
343,251,1216,1909,Taft
344,252,1216,1909,Taft
345,252,1216,1909,Taft
346,253,1216,1909,Taft
347,254,1216,1909,Taft
348,254,1216,1909,Taft
349,254,1216,1909,Taft
350,255,1216,1909,Taft
351,255,1216,1909,Taft
352,256,1216,1909,Taft
353,256,1216,1909,Taft
354,257,1216,1909,Taft
355,257,1216,1909,Taft
356,257,1216,1909,Taft
357,258,1216,1909,Taft
358,259,1216,1909,Taft
359,259,1216,1909,Taft
360,260,1216,1909,Taft
361,261,1216,1909,Taft
362,262,1216,1909,Taft
363,262,1216,1909,Taft
364,263,1216,1909,Taft
365,263,1216,1909,Taft
366,264,1216,1909,Taft
367,264,1216,1909,Taft
368,265,1216,1909,Taft
369,266,1216,1909,Taft
370,267,1216,1909,Taft
371,267,1216,1909,Taft
372,267,1216,1909,Taft
373,268,1216,1909,Taft
374,269,1216,1909,Taft
375,270,1216,1909,Taft
376,271,1216,1909,Taft
377,271,1216,1909,Taft
378,271,1216,1909,Taft
379,272,1216,1909,Taft
380,273,1216,1909,Taft
381,274,1216,1909,Taft
382,275,1216,1909,Taft
383,275,1216,1909,Taft
384,276,1216,1909,Taft
385,277,1216,1909,Taft
386,278,1216,1909,Taft
387,278,1216,1909,Taft
388,279,1216,1909,Taft
389,280,1216,1909,Taft
390,280,1216,1909,Taft
391,281,1216,1909,Taft
392,282,1216,1909,Taft
393,283,1216,1909,Taft
394,284,1216,1909,Taft
395,284,1216,1909,Taft
396,285,1216,1909,Taft
397,286,1216,1909,Taft
398,286,1216,1909,Taft
399,287,1216,1909,Taft
400,287,1216,1909,Taft
401,288,1216,1909,Taft
402,288,1216,1909,Taft
403,289,1216,1909,Taft
404,289,1216,1909,Taft
405,289,1216,1909,Taft
406,290,1216,1909,Taft
407,291,1216,1909,Taft
408,291,1216,1909,Taft
409,291,1216,1909,Taft
410,291,1216,1909,Taft
411,292,1216,1909,Taft
412,292,1216,1909,Taft
413,293,1216,1909,Taft
414,293,1216,1909,Taft
415,293,1216,1909,Taft
416,294,1216,1909,Taft
417,295,1216,1909,Taft
418,296,1216,1909,Taft
419,296,1216,1909,Taft
420,296,1216,1909,Taft
421,296,1216,1909,Taft
422,297,1216,1909,Taft
423,297,1216,1909,Taft
424,297,1216,1909,Taft
425,298,1216,1909,Taft
426,298,1216,1909,Taft
427,299,1216,1909,Taft
428,299,1216,1909,Taft
429,299,1216,1909,Taft
430,299,1216,1909,Taft
431,299,1216,1909,Taft
432,299,1216,1909,Taft
433,300,1216,1909,Taft
434,301,1216,1909,Taft
435,302,1216,1909,Taft
436,302,1216,1909,Taft
437,302,1216,1909,Taft
438,302,1216,1909,Taft
439,302,1216,1909,Taft
440,302,1216,1909,Taft
441,302,1216,1909,Taft
442,303,1216,1909,Taft
443,304,1216,1909,Taft
444,304,1216,1909,Taft
445,304,1216,1909,Taft
446,304,1216,1909,Taft
447,305,1216,1909,Taft
448,305,1216,1909,Taft
449,306,1216,1909,Taft
450,307,1216,1909,Taft
451,308,1216,1909,Taft
452,308,1216,1909,Taft
453,308,1216,1909,Taft
454,308,1216,1909,Taft
455,308,1216,1909,Taft
456,309,1216,1909,Taft
457,310,1216,1909,Taft
458,310,1216,1909,Taft
459,310,1216,1909,Taft
460,311,1216,1909,Taft
461,312,1216,1909,Taft
462,313,1216,1909,Taft
463,314,1216,1909,Taft
464,314,1216,1909,Taft
465,314,1216,1909,Taft
466,314,1216,1909,Taft
467,314,1216,1909,Taft
468,315,1216,1909,Taft
469,315,1216,1909,Taft
470,316,1216,1909,Taft
471,316,1216,1909,Taft
472,316,1216,1909,Taft
473,316,1216,1909,Taft
474,316,1216,1909,Taft
475,316,1216,1909,Taft
476,317,1216,1909,Taft
477,318,1216,1909,Taft
478,319,1216,1909,Taft
479,319,1216,1909,Taft
480,320,1216,1909,Taft
481,320,1216,1909,Taft
482,320,1216,1909,Taft
483,321,1216,1909,Taft
484,322,1216,1909,Taft
485,323,1216,1909,Taft
486,324,1216,1909,Taft
487,325,1216,1909,Taft
488,325,1216,1909,Taft
489,325,1216,1909,Taft
490,326,1216,1909,Taft
491,326,1216,1909,Taft
492,327,1216,1909,Taft
493,328,1216,1909,Taft
494,329,1216,1909,Taft
495,330,1216,1909,Taft
496,330,1216,1909,Taft
497,331,1216,1909,Taft
498,332,1216,1909,Taft
499,333,1216,1909,Taft
500,334,1216,1909,Taft
501,335,1216,1909,Taft
502,336,1216,1909,Taft
503,337,1216,1909,Taft
504,338,1216,1909,Taft
505,339,1216,1909,Taft
506,340,1216,1909,Taft
507,340,1216,1909,Taft
508,341,1216,1909,Taft
509,342,1216,1909,Taft
510,342,1216,1909,Taft
511,343,1216,1909,Taft
512,344,1216,1909,Taft
513,344,1216,1909,Taft
514,344,1216,1909,Taft
515,344,1216,1909,Taft
516,344,1216,1909,Taft
517,345,1216,1909,Taft
518,346,1216,1909,Taft
519,346,1216,1909,Taft
520,347,1216,1909,Taft
521,348,1216,1909,Taft
522,349,1216,1909,Taft
523,349,1216,1909,Taft
524,349,1216,1909,Taft
525,349,1216,1909,Taft
526,350,1216,1909,Taft
527,351,1216,1909,Taft
528,352,1216,1909,Taft
529,353,1216,1909,Taft
530,353,1216,1909,Taft
531,353,1216,1909,Taft
532,354,1216,1909,Taft
533,354,1216,1909,Taft
534,354,1216,1909,Taft
535,355,1216,1909,Taft
536,356,1216,1909,Taft
537,356,1216,1909,Taft
538,357,1216,1909,Taft
539,358,1216,1909,Taft
540,359,1216,1909,Taft
541,360,1216,1909,Taft
542,361,1216,1909,Taft
543,361,1216,1909,Taft
544,361,1216,1909,Taft
545,362,1216,1909,Taft
546,363,1216,1909,Taft
547,363,1216,1909,Taft
548,363,1216,1909,Taft
549,363,1216,1909,Taft
550,364,1216,1909,Taft
551,364,1216,1909,Taft
552,364,1216,1909,Taft
553,365,1216,1909,Taft
554,366,1216,1909,Taft
555,367,1216,1909,Taft
556,367,1216,1909,Taft
557,367,1216,1909,Taft
558,368,1216,1909,Taft
559,368,1216,1909,Taft
560,369,1216,1909,Taft
561,369,1216,1909,Taft
562,370,1216,1909,Taft
563,371,1216,1909,Taft
564,372,1216,1909,Taft
565,372,1216,1909,Taft
566,372,1216,1909,Taft
567,372,1216,1909,Taft
568,372,1216,1909,Taft
569,373,1216,1909,Taft
570,374,1216,1909,Taft
571,375,1216,1909,Taft
572,375,1216,1909,Taft
573,375,1216,1909,Taft
574,375,1216,1909,Taft
575,376,1216,1909,Taft
576,377,1216,1909,Taft
577,378,1216,1909,Taft
578,378,1216,1909,Taft
579,379,1216,1909,Taft
580,379,1216,1909,Taft
581,380,1216,1909,Taft
582,380,1216,1909,Taft
583,381,1216,1909,Taft
584,381,1216,1909,Taft
585,381,1216,1909,Taft
586,381,1216,1909,Taft
587,381,1216,1909,Taft
588,382,1216,1909,Taft
589,383,1216,1909,Taft
590,383,1216,1909,Taft
591,384,1216,1909,Taft
592,385,1216,1909,Taft
593,385,1216,1909,Taft
594,386,1216,1909,Taft
595,387,1216,1909,Taft
596,387,1216,1909,Taft
597,388,1216,1909,Taft
598,389,1216,1909,Taft
599,389,1216,1909,Taft
600,389,1216,1909,Taft
601,390,1216,1909,Taft
602,391,1216,1909,Taft
603,391,1216,1909,Taft
604,392,1216,1909,Taft
605,392,1216,1909,Taft
606,392,1216,1909,Taft
607,393,1216,1909,Taft
608,393,1216,1909,Taft
609,394,1216,1909,Taft
610,394,1216,1909,Taft
611,395,1216,1909,Taft
612,396,1216,1909,Taft
613,397,1216,1909,Taft
614,398,1216,1909,Taft
615,399,1216,1909,Taft
616,400,1216,1909,Taft
617,401,1216,1909,Taft
618,402,1216,1909,Taft
619,403,1216,1909,Taft
620,403,1216,1909,Taft
621,403,1216,1909,Taft
622,403,1216,1909,Taft
623,403,1216,1909,Taft
624,404,1216,1909,Taft
625,405,1216,1909,Taft
626,406,1216,1909,Taft
627,407,1216,1909,Taft
628,408,1216,1909,Taft
629,409,1216,1909,Taft
630,410,1216,1909,Taft
631,411,1216,1909,Taft
632,412,1216,1909,Taft
633,413,1216,1909,Taft
634,413,1216,1909,Taft
635,413,1216,1909,Taft
636,413,1216,1909,Taft
637,414,1216,1909,Taft
638,414,1216,1909,Taft
639,414,1216,1909,Taft
640,415,1216,1909,Taft
641,415,1216,1909,Taft
642,415,1216,1909,Taft
643,416,1216,1909,Taft
644,416,1216,1909,Taft
645,416,1216,1909,Taft
646,416,1216,1909,Taft
647,417,1216,1909,Taft
648,418,1216,1909,Taft
649,419,1216,1909,Taft
650,419,1216,1909,Taft
651,419,1216,1909,Taft
652,420,1216,1909,Taft
653,420,1216,1909,Taft
654,420,1216,1909,Taft
655,420,1216,1909,Taft
656,420,1216,1909,Taft
657,421,1216,1909,Taft
658,422,1216,1909,Taft
659,423,1216,1909,Taft
660,424,1216,1909,Taft
661,424,1216,1909,Taft
662,425,1216,1909,Taft
663,425,1216,1909,Taft
664,425,1216,1909,Taft
665,425,1216,1909,Taft
666,425,1216,1909,Taft
667,426,1216,1909,Taft
668,427,1216,1909,Taft
669,427,1216,1909,Taft
670,427,1216,1909,Taft
671,427,1216,1909,Taft
672,428,1216,1909,Taft
673,428,1216,1909,Taft
674,428,1216,1909,Taft
675,429,1216,1909,Taft
676,429,1216,1909,Taft
677,429,1216,1909,Taft
678,430,1216,1909,Taft
679,431,1216,1909,Taft
680,432,1216,1909,Taft
681,432,1216,1909,Taft
682,432,1216,1909,Taft
683,433,1216,1909,Taft
684,433,1216,1909,Taft
685,433,1216,1909,Taft
686,434,1216,1909,Taft
687,434,1216,1909,Taft
688,435,1216,1909,Taft
689,435,1216,1909,Taft
690,435,1216,1909,Taft
691,435,1216,1909,Taft
692,436,1216,1909,Taft
693,437,1216,1909,Taft
694,438,1216,1909,Taft
695,439,1216,1909,Taft
696,440,1216,1909,Taft
697,441,1216,1909,Taft
698,441,1216,1909,Taft
699,442,1216,1909,Taft
700,443,1216,1909,Taft
701,444,1216,1909,Taft
702,445,1216,1909,Taft
703,446,1216,1909,Taft
704,447,1216,1909,Taft
705,447,1216,1909,Taft
706,448,1216,1909,Taft
707,448,1216,1909,Taft
708,448,1216,1909,Taft
709,449,1216,1909,Taft
710,450,1216,1909,Taft
711,451,1216,1909,Taft
712,452,1216,1909,Taft
713,452,1216,1909,Taft
714,453,1216,1909,Taft
715,454,1216,1909,Taft
716,454,1216,1909,Taft
717,454,1216,1909,Taft
718,455,1216,1909,Taft
719,455,1216,1909,Taft
720,456,1216,1909,Taft
721,457,1216,1909,Taft
722,458,1216,1909,Taft
723,458,1216,1909,Taft
724,458,1216,1909,Taft
725,458,1216,1909,Taft
726,458,1216,1909,Taft
727,458,1216,1909,Taft
728,459,1216,1909,Taft
729,460,1216,1909,Taft
730,461,1216,1909,Taft
731,461,1216,1909,Taft
732,461,1216,1909,Taft
733,461,1216,1909,Taft
734,462,1216,1909,Taft
735,463,1216,1909,Taft
736,464,1216,1909,Taft
737,464,1216,1909,Taft
738,465,1216,1909,Taft
739,466,1216,1909,Taft
740,466,1216,1909,Taft
741,467,1216,1909,Taft
742,468,1216,1909,Taft
743,468,1216,1909,Taft
744,468,1216,1909,Taft
745,468,1216,1909,Taft
746,468,1216,1909,Taft
747,469,1216,1909,Taft
748,469,1216,1909,Taft
749,469,1216,1909,Taft
750,470,1216,1909,Taft
751,470,1216,1909,Taft
752,470,1216,1909,Taft
753,470,1216,1909,Taft
754,470,1216,1909,Taft
755,471,1216,1909,Taft
756,471,1216,1909,Taft
757,471,1216,1909,Taft
758,472,1216,1909,Taft
759,472,1216,1909,Taft
760,473,1216,1909,Taft
761,473,1216,1909,Taft
762,474,1216,1909,Taft
763,475,1216,1909,Taft
764,476,1216,1909,Taft
765,476,1216,1909,Taft
766,477,1216,1909,Taft
767,478,1216,1909,Taft
768,478,1216,1909,Taft
769,479,1216,1909,Taft
770,479,1216,1909,Taft
771,480,1216,1909,Taft
772,480,1216,1909,Taft
773,480,1216,1909,Taft
774,481,1216,1909,Taft
775,482,1216,1909,Taft
776,483,1216,1909,Taft
777,484,1216,1909,Taft
778,485,1216,1909,Taft
779,486,1216,1909,Taft
780,487,1216,1909,Taft
781,488,1216,1909,Taft
782,488,1216,1909,Taft
783,489,1216,1909,Taft
784,489,1216,1909,Taft
785,490,1216,1909,Taft
786,490,1216,1909,Taft
787,491,1216,1909,Taft
788,491,1216,1909,Taft
789,492,1216,1909,Taft
790,493,1216,1909,Taft
791,494,1216,1909,Taft
792,494,1216,1909,Taft
793,495,1216,1909,Taft
794,496,1216,1909,Taft
795,497,1216,1909,Taft
796,498,1216,1909,Taft
797,499,1216,1909,Taft
798,499,1216,1909,Taft
799,500,1216,1909,Taft
800,501,1216,1909,Taft
801,502,1216,1909,Taft
802,502,1216,1909,Taft
803,503,1216,1909,Taft
804,503,1216,1909,Taft
805,504,1216,1909,Taft
806,505,1216,1909,Taft
807,505,1216,1909,Taft
808,505,1216,1909,Taft
809,505,1216,1909,Taft
810,506,1216,1909,Taft
811,506,1216,1909,Taft
812,507,1216,1909,Taft
813,508,1216,1909,Taft
814,508,1216,1909,Taft
815,509,1216,1909,Taft
816,510,1216,1909,Taft
817,511,1216,1909,Taft
818,512,1216,1909,Taft
819,512,1216,1909,Taft
820,513,1216,1909,Taft
821,514,1216,1909,Taft
822,515,1216,1909,Taft
823,515,1216,1909,Taft
824,515,1216,1909,Taft
825,515,1216,1909,Taft
826,515,1216,1909,Taft
827,515,1216,1909,Taft
828,515,1216,1909,Taft
829,515,1216,1909,Taft
830,515,1216,1909,Taft
831,516,1216,1909,Taft
832,517,1216,1909,Taft
833,518,1216,1909,Taft
834,518,1216,1909,Taft
835,519,1216,1909,Taft
836,519,1216,1909,Taft
837,520,1216,1909,Taft
838,521,1216,1909,Taft
839,522,1216,1909,Taft
840,523,1216,1909,Taft
841,524,1216,1909,Taft
842,525,1216,1909,Taft
843,525,1216,1909,Taft
844,525,1216,1909,Taft
845,525,1216,1909,Taft
846,526,1216,1909,Taft
847,527,1216,1909,Taft
848,528,1216,1909,Taft
849,529,1216,1909,Taft
850,529,1216,1909,Taft
851,529,1216,1909,Taft
852,529,1216,1909,Taft
853,529,1216,1909,Taft
854,529,1216,1909,Taft
855,529,1216,1909,Taft
856,530,1216,1909,Taft
857,531,1216,1909,Taft
858,531,1216,1909,Taft
859,531,1216,1909,Taft
860,531,1216,1909,Taft
861,531,1216,1909,Taft
862,531,1216,1909,Taft
863,531,1216,1909,Taft
864,531,1216,1909,Taft
865,532,1216,1909,Taft
866,532,1216,1909,Taft
867,533,1216,1909,Taft
868,534,1216,1909,Taft
869,535,1216,1909,Taft
870,536,1216,1909,Taft
871,536,1216,1909,Taft
872,537,1216,1909,Taft
873,538,1216,1909,Taft
874,538,1216,1909,Taft
875,539,1216,1909,Taft
876,539,1216,1909,Taft
877,539,1216,1909,Taft
878,540,1216,1909,Taft
879,541,1216,1909,Taft
880,542,1216,1909,Taft
881,543,1216,1909,Taft
882,544,1216,1909,Taft
883,544,1216,1909,Taft
884,545,1216,1909,Taft
885,545,1216,1909,Taft
886,546,1216,1909,Taft
887,547,1216,1909,Taft
888,548,1216,1909,Taft
889,548,1216,1909,Taft
890,548,1216,1909,Taft
891,549,1216,1909,Taft
892,550,1216,1909,Taft
893,551,1216,1909,Taft
894,552,1216,1909,Taft
895,552,1216,1909,Taft
896,552,1216,1909,Taft
897,552,1216,1909,Taft
898,553,1216,1909,Taft
899,554,1216,1909,Taft
900,554,1216,1909,Taft
901,554,1216,1909,Taft
902,554,1216,1909,Taft
903,554,1216,1909,Taft
904,554,1216,1909,Taft
905,555,1216,1909,Taft
906,555,1216,1909,Taft
907,555,1216,1909,Taft
908,556,1216,1909,Taft
909,557,1216,1909,Taft
910,557,1216,1909,Taft
911,558,1216,1909,Taft
912,558,1216,1909,Taft
913,558,1216,1909,Taft
914,559,1216,1909,Taft
915,559,1216,1909,Taft
916,559,1216,1909,Taft
917,559,1216,1909,Taft
918,560,1216,1909,Taft
919,561,1216,1909,Taft
920,562,1216,1909,Taft
921,563,1216,1909,Taft
922,563,1216,1909,Taft
923,563,1216,1909,Taft
924,564,1216,1909,Taft
925,565,1216,1909,Taft
926,565,1216,1909,Taft
927,565,1216,1909,Taft
928,566,1216,1909,Taft
929,566,1216,1909,Taft
930,567,1216,1909,Taft
931,567,1216,1909,Taft
932,568,1216,1909,Taft
933,569,1216,1909,Taft
934,569,1216,1909,Taft
935,570,1216,1909,Taft
936,570,1216,1909,Taft
937,570,1216,1909,Taft
938,570,1216,1909,Taft
939,571,1216,1909,Taft
940,572,1216,1909,Taft
941,572,1216,1909,Taft
942,573,1216,1909,Taft
943,574,1216,1909,Taft
944,574,1216,1909,Taft
945,574,1216,1909,Taft
946,574,1216,1909,Taft
947,574,1216,1909,Taft
948,575,1216,1909,Taft
949,576,1216,1909,Taft
950,576,1216,1909,Taft
951,576,1216,1909,Taft
952,576,1216,1909,Taft
953,577,1216,1909,Taft
954,577,1216,1909,Taft
955,577,1216,1909,Taft
956,578,1216,1909,Taft
957,578,1216,1909,Taft
958,578,1216,1909,Taft
959,578,1216,1909,Taft
960,578,1216,1909,Taft
961,578,1216,1909,Taft
962,578,1216,1909,Taft
963,578,1216,1909,Taft
964,578,1216,1909,Taft
965,578,1216,1909,Taft
966,578,1216,1909,Taft
967,579,1216,1909,Taft
968,580,1216,1909,Taft
969,580,1216,1909,Taft
970,580,1216,1909,Taft
971,580,1216,1909,Taft
972,580,1216,1909,Taft
973,581,1216,1909,Taft
974,582,1216,1909,Taft
975,583,1216,1909,Taft
976,584,1216,1909,Taft
977,585,1216,1909,Taft
978,585,1216,1909,Taft
979,586,1216,1909,Taft
980,586,1216,1909,Taft
981,587,1216,1909,Taft
982,587,1216,1909,Taft
983,587,1216,1909,Taft
984,587,1216,1909,Taft
985,587,1216,1909,Taft
986,587,1216,1909,Taft
987,588,1216,1909,Taft
988,588,1216,1909,Taft
989,588,1216,1909,Taft
990,588,1216,1909,Taft
991,588,1216,1909,Taft
992,588,1216,1909,Taft
993,588,1216,1909,Taft
994,589,1216,1909,Taft
995,589,1216,1909,Taft
996,589,1216,1909,Taft
997,589,1216,1909,Taft
998,589,1216,1909,Taft
999,590,1216,1909,Taft
1000,590,1216,1909,Taft
1001,591,1216,1909,Taft
1002,592,1216,1909,Taft
1003,593,1216,1909,Taft
1004,594,1216,1909,Taft
1005,594,1216,1909,Taft
1006,595,1216,1909,Taft
1007,595,1216,1909,Taft
1008,595,1216,1909,Taft
1009,596,1216,1909,Taft
1010,596,1216,1909,Taft
1011,596,1216,1909,Taft
1012,596,1216,1909,Taft
1013,596,1216,1909,Taft
1014,596,1216,1909,Taft
1015,596,1216,1909,Taft
1016,597,1216,1909,Taft
1017,597,1216,1909,Taft
1018,597,1216,1909,Taft
1019,598,1216,1909,Taft
1020,599,1216,1909,Taft
1021,600,1216,1909,Taft
1022,601,1216,1909,Taft
1023,602,1216,1909,Taft
1024,602,1216,1909,Taft
1025,602,1216,1909,Taft
1026,603,1216,1909,Taft
1027,604,1216,1909,Taft
1028,604,1216,1909,Taft
1029,604,1216,1909,Taft
1030,605,1216,1909,Taft
1031,605,1216,1909,Taft
1032,605,1216,1909,Taft
1033,605,1216,1909,Taft
1034,605,1216,1909,Taft
1035,606,1216,1909,Taft
1036,607,1216,1909,Taft
1037,607,1216,1909,Taft
1038,608,1216,1909,Taft
1039,609,1216,1909,Taft
1040,609,1216,1909,Taft
1041,610,1216,1909,Taft
1042,610,1216,1909,Taft
1043,610,1216,1909,Taft
1044,610,1216,1909,Taft
1045,610,1216,1909,Taft
1046,610,1216,1909,Taft
1047,610,1216,1909,Taft
1048,610,1216,1909,Taft
1049,611,1216,1909,Taft
1050,612,1216,1909,Taft
1051,613,1216,1909,Taft
1052,614,1216,1909,Taft
1053,615,1216,1909,Taft
1054,616,1216,1909,Taft
1055,616,1216,1909,Taft
1056,616,1216,1909,Taft
1057,616,1216,1909,Taft
1058,616,1216,1909,Taft
1059,616,1216,1909,Taft
1060,617,1216,1909,Taft
1061,617,1216,1909,Taft
1062,617,1216,1909,Taft
1063,618,1216,1909,Taft
1064,619,1216,1909,Taft
1065,619,1216,1909,Taft
1066,619,1216,1909,Taft
1067,620,1216,1909,Taft
1068,621,1216,1909,Taft
1069,622,1216,1909,Taft
1070,623,1216,1909,Taft
1071,623,1216,1909,Taft
1072,623,1216,1909,Taft
1073,623,1216,1909,Taft
1074,623,1216,1909,Taft
1075,624,1216,1909,Taft
1076,624,1216,1909,Taft
1077,625,1216,1909,Taft
1078,626,1216,1909,Taft
1079,627,1216,1909,Taft
1080,628,1216,1909,Taft
1081,629,1216,1909,Taft
1082,629,1216,1909,Taft
1083,630,1216,1909,Taft
1084,630,1216,1909,Taft
1085,630,1216,1909,Taft
1086,630,1216,1909,Taft
1087,630,1216,1909,Taft
1088,630,1216,1909,Taft
1089,631,1216,1909,Taft
1090,632,1216,1909,Taft
1091,632,1216,1909,Taft
1092,632,1216,1909,Taft
1093,632,1216,1909,Taft
1094,633,1216,1909,Taft
1095,633,1216,1909,Taft
1096,633,1216,1909,Taft
1097,634,1216,1909,Taft
1098,634,1216,1909,Taft
1099,634,1216,1909,Taft
1100,634,1216,1909,Taft
1101,634,1216,1909,Taft
1102,634,1216,1909,Taft
1103,634,1216,1909,Taft
1104,634,1216,1909,Taft
1105,634,1216,1909,Taft
1106,634,1216,1909,Taft
1107,634,1216,1909,Taft
1108,634,1216,1909,Taft
1109,635,1216,1909,Taft
1110,636,1216,1909,Taft
1111,637,1216,1909,Taft
1112,638,1216,1909,Taft
1113,639,1216,1909,Taft
1114,640,1216,1909,Taft
1115,641,1216,1909,Taft
1116,642,1216,1909,Taft
1117,643,1216,1909,Taft
1118,643,1216,1909,Taft
1119,643,1216,1909,Taft
1120,643,1216,1909,Taft
1121,643,1216,1909,Taft
1122,643,1216,1909,Taft
1123,643,1216,1909,Taft
1124,643,1216,1909,Taft
1125,643,1216,1909,Taft
1126,643,1216,1909,Taft
1127,643,1216,1909,Taft
1128,644,1216,1909,Taft
1129,644,1216,1909,Taft
1130,644,1216,1909,Taft
1131,644,1216,1909,Taft
1132,645,1216,1909,Taft
1133,645,1216,1909,Taft
1134,645,1216,1909,Taft
1135,645,1216,1909,Taft
1136,645,1216,1909,Taft
1137,646,1216,1909,Taft
1138,647,1216,1909,Taft
1139,647,1216,1909,Taft
1140,648,1216,1909,Taft
1141,649,1216,1909,Taft
1142,649,1216,1909,Taft
1143,649,1216,1909,Taft
1144,650,1216,1909,Taft
1145,651,1216,1909,Taft
1146,651,1216,1909,Taft
1147,651,1216,1909,Taft
1148,651,1216,1909,Taft
1149,651,1216,1909,Taft
1150,651,1216,1909,Taft
1151,651,1216,1909,Taft
1152,651,1216,1909,Taft
1153,651,1216,1909,Taft
1154,652,1216,1909,Taft
1155,653,1216,1909,Taft
1156,654,1216,1909,Taft
1157,654,1216,1909,Taft
1158,655,1216,1909,Taft
1159,656,1216,1909,Taft
1160,657,1216,1909,Taft
1161,657,1216,1909,Taft
1162,657,1216,1909,Taft
1163,658,1216,1909,Taft
1164,659,1216,1909,Taft
1165,659,1216,1909,Taft
1166,660,1216,1909,Taft
1167,661,1216,1909,Taft
1168,662,1216,1909,Taft
1169,662,1216,1909,Taft
1170,663,1216,1909,Taft
1171,664,1216,1909,Taft
1172,664,1216,1909,Taft
1173,665,1216,1909,Taft
1174,666,1216,1909,Taft
1175,667,1216,1909,Taft
1176,668,1216,1909,Taft
1177,668,1216,1909,Taft
1178,669,1216,1909,Taft
1179,670,1216,1909,Taft
1180,671,1216,1909,Taft
1181,671,1216,1909,Taft
1182,672,1216,1909,Taft
1183,672,1216,1909,Taft
1184,673,1216,1909,Taft
1185,673,1216,1909,Taft
1186,674,1216,1909,Taft
1187,674,1216,1909,Taft
1188,674,1216,1909,Taft
1189,674,1216,1909,Taft
1190,675,1216,1909,Taft
1191,676,1216,1909,Taft
1192,676,1216,1909,Taft
1193,676,1216,1909,Taft
1194,677,1216,1909,Taft
1195,677,1216,1909,Taft
1196,677,1216,1909,Taft
1197,678,1216,1909,Taft
1198,679,1216,1909,Taft
1199,680,1216,1909,Taft
1200,681,1216,1909,Taft
1201,682,1216,1909,Taft
1202,682,1216,1909,Taft
1203,683,1216,1909,Taft
1204,683,1216,1909,Taft
1205,683,1216,1909,Taft
1206,683,1216,1909,Taft
1207,684,1216,1909,Taft
1208,684,1216,1909,Taft
1209,685,1216,1909,Taft
1210,686,1216,1909,Taft
1211,687,1216,1909,Taft
1212,687,1216,1909,Taft
1213,688,1216,1909,Taft
1214,688,1216,1909,Taft
1215,688,1216,1909,Taft
1216,689,1216,1909,Taft
1217,690,1216,1909,Taft
1218,691,1216,1909,Taft
1219,692,1216,1909,Taft
1220,692,1216,1909,Taft
1221,692,1216,1909,Taft
1222,693,1216,1909,Taft
1223,694,1216,1909,Taft
1224,694,1216,1909,Taft
1225,695,1216,1909,Taft
1226,696,1216,1909,Taft
1227,697,1216,1909,Taft
1228,698,1216,1909,Taft
1229,698,1216,1909,Taft
1230,698,1216,1909,Taft
1231,699,1216,1909,Taft
1232,699,1216,1909,Taft
1233,700,1216,1909,Taft
1234,700,1216,1909,Taft
1235,700,1216,1909,Taft
1236,700,1216,1909,Taft
1237,700,1216,1909,Taft
1238,701,1216,1909,Taft
1239,702,1216,1909,Taft
1240,702,1216,1909,Taft
1241,702,1216,1909,Taft
1242,702,1216,1909,Taft
1243,702,1216,1909,Taft
1244,702,1216,1909,Taft
1245,702,1216,1909,Taft
1246,702,1216,1909,Taft
1247,702,1216,1909,Taft
1248,703,1216,1909,Taft
1249,703,1216,1909,Taft
1250,703,1216,1909,Taft
1251,704,1216,1909,Taft
1252,704,1216,1909,Taft
1253,705,1216,1909,Taft
1254,705,1216,1909,Taft
1255,705,1216,1909,Taft
1256,705,1216,1909,Taft
1257,705,1216,1909,Taft
1258,706,1216,1909,Taft
1259,706,1216,1909,Taft
1260,706,1216,1909,Taft
1261,706,1216,1909,Taft
1262,707,1216,1909,Taft
1263,707,1216,1909,Taft
1264,707,1216,1909,Taft
1265,707,1216,1909,Taft
1266,707,1216,1909,Taft
1267,707,1216,1909,Taft
1268,707,1216,1909,Taft
1269,707,1216,1909,Taft
1270,707,1216,1909,Taft
1271,707,1216,1909,Taft
1272,708,1216,1909,Taft
1273,708,1216,1909,Taft
1274,708,1216,1909,Taft
1275,709,1216,1909,Taft
1276,710,1216,1909,Taft
1277,710,1216,1909,Taft
1278,710,1216,1909,Taft
1279,710,1216,1909,Taft
1280,710,1216,1909,Taft
1281,710,1216,1909,Taft
1282,711,1216,1909,Taft
1283,711,1216,1909,Taft
1284,711,1216,1909,Taft
1285,711,1216,1909,Taft
1286,712,1216,1909,Taft
1287,713,1216,1909,Taft
1288,713,1216,1909,Taft
1289,714,1216,1909,Taft
1290,715,1216,1909,Taft
1291,716,1216,1909,Taft
1292,716,1216,1909,Taft
1293,717,1216,1909,Taft
1294,717,1216,1909,Taft
1295,718,1216,1909,Taft
1296,718,1216,1909,Taft
1297,718,1216,1909,Taft
1298,718,1216,1909,Taft
1299,718,1216,1909,Taft
1300,718,1216,1909,Taft
1301,718,1216,1909,Taft
1302,718,1216,1909,Taft
1303,718,1216,1909,Taft
1304,718,1216,1909,Taft
1305,718,1216,1909,Taft
1306,718,1216,1909,Taft
1307,718,1216,1909,Taft
1308,718,1216,1909,Taft
1309,718,1216,1909,Taft
1310,718,1216,1909,Taft
1311,718,1216,1909,Taft
1312,718,1216,1909,Taft
1313,718,1216,1909,Taft
1314,718,1216,1909,Taft
1315,719,1216,1909,Taft
1316,720,1216,1909,Taft
1317,720,1216,1909,Taft
1318,721,1216,1909,Taft
1319,721,1216,1909,Taft
1320,722,1216,1909,Taft
1321,722,1216,1909,Taft
1322,723,1216,1909,Taft
1323,723,1216,1909,Taft
1324,724,1216,1909,Taft
1325,725,1216,1909,Taft
1326,725,1216,1909,Taft
1327,725,1216,1909,Taft
1328,726,1216,1909,Taft
1329,726,1216,1909,Taft
1330,726,1216,1909,Taft
1331,726,1216,1909,Taft
1332,727,1216,1909,Taft
1333,727,1216,1909,Taft
1334,728,1216,1909,Taft
1335,729,1216,1909,Taft
1336,729,1216,1909,Taft
1337,729,1216,1909,Taft
1338,729,1216,1909,Taft
1339,729,1216,1909,Taft
1340,729,1216,1909,Taft
1341,729,1216,1909,Taft
1342,729,1216,1909,Taft
1343,729,1216,1909,Taft
1344,729,1216,1909,Taft
1345,729,1216,1909,Taft
1346,730,1216,1909,Taft
1347,731,1216,1909,Taft
1348,731,1216,1909,Taft
1349,731,1216,1909,Taft
1350,732,1216,1909,Taft
1351,733,1216,1909,Taft
1352,733,1216,1909,Taft
1353,734,1216,1909,Taft
1354,735,1216,1909,Taft
1355,735,1216,1909,Taft
1356,735,1216,1909,Taft
1357,736,1216,1909,Taft
1358,736,1216,1909,Taft
1359,736,1216,1909,Taft
1360,737,1216,1909,Taft
1361,737,1216,1909,Taft
1362,737,1216,1909,Taft
1363,737,1216,1909,Taft
1364,737,1216,1909,Taft
1365,737,1216,1909,Taft
1366,737,1216,1909,Taft
1367,738,1216,1909,Taft
1368,739,1216,1909,Taft
1369,740,1216,1909,Taft
1370,740,1216,1909,Taft
1371,740,1216,1909,Taft
1372,740,1216,1909,Taft
1373,740,1216,1909,Taft
1374,740,1216,1909,Taft
1375,741,1216,1909,Taft
1376,742,1216,1909,Taft
1377,743,1216,1909,Taft
1378,743,1216,1909,Taft
1379,743,1216,1909,Taft
1380,743,1216,1909,Taft
1381,743,1216,1909,Taft
1382,744,1216,1909,Taft
1383,744,1216,1909,Taft
1384,744,1216,1909,Taft
1385,744,1216,1909,Taft
1386,744,1216,1909,Taft
1387,745,1216,1909,Taft
1388,746,1216,1909,Taft
1389,747,1216,1909,Taft
1390,748,1216,1909,Taft
1391,749,1216,1909,Taft
1392,749,1216,1909,Taft
1393,750,1216,1909,Taft
1394,751,1216,1909,Taft
1395,751,1216,1909,Taft
1396,751,1216,1909,Taft
1397,751,1216,1909,Taft
1398,751,1216,1909,Taft
1399,752,1216,1909,Taft
1400,752,1216,1909,Taft
1401,752,1216,1909,Taft
1402,752,1216,1909,Taft
1403,752,1216,1909,Taft
1404,753,1216,1909,Taft
1405,753,1216,1909,Taft
1406,754,1216,1909,Taft
1407,754,1216,1909,Taft
1408,754,1216,1909,Taft
1409,754,1216,1909,Taft
1410,755,1216,1909,Taft
1411,756,1216,1909,Taft
1412,757,1216,1909,Taft
1413,758,1216,1909,Taft
1414,758,1216,1909,Taft
1415,758,1216,1909,Taft
1416,759,1216,1909,Taft
1417,760,1216,1909,Taft
1418,760,1216,1909,Taft
1419,761,1216,1909,Taft
1420,762,1216,1909,Taft
1421,762,1216,1909,Taft
1422,763,1216,1909,Taft
1423,764,1216,1909,Taft
1424,764,1216,1909,Taft
1425,764,1216,1909,Taft
1426,764,1216,1909,Taft
1427,765,1216,1909,Taft
1428,765,1216,1909,Taft
1429,765,1216,1909,Taft
1430,765,1216,1909,Taft
1431,765,1216,1909,Taft
1432,765,1216,1909,Taft
1433,765,1216,1909,Taft
1434,766,1216,1909,Taft
1435,767,1216,1909,Taft
1436,767,1216,1909,Taft
1437,767,1216,1909,Taft
1438,767,1216,1909,Taft
1439,767,1216,1909,Taft
1440,767,1216,1909,Taft
1441,767,1216,1909,Taft
1442,767,1216,1909,Taft
1443,767,1216,1909,Taft
1444,768,1216,1909,Taft
1445,769,1216,1909,Taft
1446,769,1216,1909,Taft
1447,770,1216,1909,Taft
1448,770,1216,1909,Taft
1449,771,1216,1909,Taft
1450,772,1216,1909,Taft
1451,773,1216,1909,Taft
1452,774,1216,1909,Taft
1453,774,1216,1909,Taft
1454,774,1216,1909,Taft
1455,774,1216,1909,Taft
1456,774,1216,1909,Taft
1457,774,1216,1909,Taft
1458,775,1216,1909,Taft
1459,775,1216,1909,Taft
1460,776,1216,1909,Taft
1461,776,1216,1909,Taft
1462,777,1216,1909,Taft
1463,777,1216,1909,Taft
1464,778,1216,1909,Taft
1465,778,1216,1909,Taft
1466,779,1216,1909,Taft
1467,779,1216,1909,Taft
1468,779,1216,1909,Taft
1469,780,1216,1909,Taft
1470,780,1216,1909,Taft
1471,781,1216,1909,Taft
1472,781,1216,1909,Taft
1473,781,1216,1909,Taft
1474,782,1216,1909,Taft
1475,782,1216,1909,Taft
1476,782,1216,1909,Taft
1477,783,1216,1909,Taft
1478,783,1216,1909,Taft
1479,784,1216,1909,Taft
1480,785,1216,1909,Taft
1481,785,1216,1909,Taft
1482,786,1216,1909,Taft
1483,787,1216,1909,Taft
1484,787,1216,1909,Taft
1485,787,1216,1909,Taft
1486,788,1216,1909,Taft
1487,788,1216,1909,Taft
1488,788,1216,1909,Taft
1489,788,1216,1909,Taft
1490,788,1216,1909,Taft
1491,789,1216,1909,Taft
1492,789,1216,1909,Taft
1493,789,1216,1909,Taft
1494,789,1216,1909,Taft
1495,790,1216,1909,Taft
1496,790,1216,1909,Taft
1497,791,1216,1909,Taft
1498,791,1216,1909,Taft
1499,791,1216,1909,Taft
1500,791,1216,1909,Taft
1501,792,1216,1909,Taft
1502,792,1216,1909,Taft
1503,792,1216,1909,Taft
1504,792,1216,1909,Taft
1505,793,1216,1909,Taft
1506,793,1216,1909,Taft
1507,794,1216,1909,Taft
1508,794,1216,1909,Taft
1509,795,1216,1909,Taft
1510,795,1216,1909,Taft
1511,796,1216,1909,Taft
1512,796,1216,1909,Taft
1513,796,1216,1909,Taft
1514,796,1216,1909,Taft
1515,796,1216,1909,Taft
1516,796,1216,1909,Taft
1517,796,1216,1909,Taft
1518,797,1216,1909,Taft
1519,797,1216,1909,Taft
1520,797,1216,1909,Taft
1521,797,1216,1909,Taft
1522,798,1216,1909,Taft
1523,798,1216,1909,Taft
1524,798,1216,1909,Taft
1525,799,1216,1909,Taft
1526,799,1216,1909,Taft
1527,800,1216,1909,Taft
1528,801,1216,1909,Taft
1529,801,1216,1909,Taft
1530,801,1216,1909,Taft
1531,802,1216,1909,Taft
1532,803,1216,1909,Taft
1533,804,1216,1909,Taft
1534,805,1216,1909,Taft
1535,806,1216,1909,Taft
1536,806,1216,1909,Taft
1537,806,1216,1909,Taft
1538,807,1216,1909,Taft
1539,807,1216,1909,Taft
1540,807,1216,1909,Taft
1541,808,1216,1909,Taft
1542,808,1216,1909,Taft
1543,808,1216,1909,Taft
1544,808,1216,1909,Taft
1545,808,1216,1909,Taft
1546,809,1216,1909,Taft
1547,809,1216,1909,Taft
1548,810,1216,1909,Taft
1549,811,1216,1909,Taft
1550,812,1216,1909,Taft
1551,813,1216,1909,Taft
1552,814,1216,1909,Taft
1553,814,1216,1909,Taft
1554,814,1216,1909,Taft
1555,815,1216,1909,Taft
1556,815,1216,1909,Taft
1557,815,1216,1909,Taft
1558,816,1216,1909,Taft
1559,817,1216,1909,Taft
1560,817,1216,1909,Taft
1561,817,1216,1909,Taft
1562,817,1216,1909,Taft
1563,817,1216,1909,Taft
1564,817,1216,1909,Taft
1565,817,1216,1909,Taft
1566,818,1216,1909,Taft
1567,819,1216,1909,Taft
1568,820,1216,1909,Taft
1569,821,1216,1909,Taft
1570,822,1216,1909,Taft
1571,822,1216,1909,Taft
1572,822,1216,1909,Taft
1573,822,1216,1909,Taft
1574,822,1216,1909,Taft
1575,822,1216,1909,Taft
1576,823,1216,1909,Taft
1577,824,1216,1909,Taft
1578,825,1216,1909,Taft
1579,826,1216,1909,Taft
1580,826,1216,1909,Taft
1581,827,1216,1909,Taft
1582,827,1216,1909,Taft
1583,827,1216,1909,Taft
1584,828,1216,1909,Taft
1585,829,1216,1909,Taft
1586,829,1216,1909,Taft
1587,829,1216,1909,Taft
1588,829,1216,1909,Taft
1589,829,1216,1909,Taft
1590,829,1216,1909,Taft
1591,829,1216,1909,Taft
1592,829,1216,1909,Taft
1593,829,1216,1909,Taft
1594,830,1216,1909,Taft
1595,831,1216,1909,Taft
1596,832,1216,1909,Taft
1597,832,1216,1909,Taft
1598,832,1216,1909,Taft
1599,832,1216,1909,Taft
1600,833,1216,1909,Taft
1601,834,1216,1909,Taft
1602,835,1216,1909,Taft
1603,835,1216,1909,Taft
1604,836,1216,1909,Taft
1605,836,1216,1909,Taft
1606,836,1216,1909,Taft
1607,837,1216,1909,Taft
1608,837,1216,1909,Taft
1609,837,1216,1909,Taft
1610,837,1216,1909,Taft
1611,838,1216,1909,Taft
1612,838,1216,1909,Taft
1613,838,1216,1909,Taft
1614,839,1216,1909,Taft
1615,839,1216,1909,Taft
1616,839,1216,1909,Taft
1617,839,1216,1909,Taft
1618,839,1216,1909,Taft
1619,839,1216,1909,Taft
1620,839,1216,1909,Taft
1621,840,1216,1909,Taft
1622,840,1216,1909,Taft
1623,840,1216,1909,Taft
1624,841,1216,1909,Taft
1625,841,1216,1909,Taft
1626,842,1216,1909,Taft
1627,843,1216,1909,Taft
1628,843,1216,1909,Taft
1629,844,1216,1909,Taft
1630,844,1216,1909,Taft
1631,845,1216,1909,Taft
1632,846,1216,1909,Taft
1633,846,1216,1909,Taft
1634,846,1216,1909,Taft
1635,847,1216,1909,Taft
1636,847,1216,1909,Taft
1637,848,1216,1909,Taft
1638,849,1216,1909,Taft
1639,850,1216,1909,Taft
1640,850,1216,1909,Taft
1641,850,1216,1909,Taft
1642,851,1216,1909,Taft
1643,852,1216,1909,Taft
1644,852,1216,1909,Taft
1645,853,1216,1909,Taft
1646,854,1216,1909,Taft
1647,854,1216,1909,Taft
1648,854,1216,1909,Taft
1649,854,1216,1909,Taft
1650,854,1216,1909,Taft
1651,854,1216,1909,Taft
1652,854,1216,1909,Taft
1653,854,1216,1909,Taft
1654,854,1216,1909,Taft
1655,854,1216,1909,Taft
1656,854,1216,1909,Taft
1657,854,1216,1909,Taft
1658,855,1216,1909,Taft
1659,855,1216,1909,Taft
1660,856,1216,1909,Taft
1661,857,1216,1909,Taft
1662,857,1216,1909,Taft
1663,857,1216,1909,Taft
1664,857,1216,1909,Taft
1665,858,1216,1909,Taft
1666,859,1216,1909,Taft
1667,860,1216,1909,Taft
1668,860,1216,1909,Taft
1669,860,1216,1909,Taft
1670,860,1216,1909,Taft
1671,860,1216,1909,Taft
1672,861,1216,1909,Taft
1673,862,1216,1909,Taft
1674,863,1216,1909,Taft
1675,863,1216,1909,Taft
1676,864,1216,1909,Taft
1677,864,1216,1909,Taft
1678,865,1216,1909,Taft
1679,865,1216,1909,Taft
1680,866,1216,1909,Taft
1681,866,1216,1909,Taft
1682,866,1216,1909,Taft
1683,866,1216,1909,Taft
1684,867,1216,1909,Taft
1685,867,1216,1909,Taft
1686,868,1216,1909,Taft
1687,869,1216,1909,Taft
1688,870,1216,1909,Taft
1689,871,1216,1909,Taft
1690,871,1216,1909,Taft
1691,871,1216,1909,Taft
1692,871,1216,1909,Taft
1693,871,1216,1909,Taft
1694,871,1216,1909,Taft
1695,871,1216,1909,Taft
1696,872,1216,1909,Taft
1697,872,1216,1909,Taft
1698,872,1216,1909,Taft
1699,873,1216,1909,Taft
1700,874,1216,1909,Taft
1701,874,1216,1909,Taft
1702,874,1216,1909,Taft
1703,874,1216,1909,Taft
1704,874,1216,1909,Taft
1705,875,1216,1909,Taft
1706,875,1216,1909,Taft
1707,876,1216,1909,Taft
1708,876,1216,1909,Taft
1709,876,1216,1909,Taft
1710,876,1216,1909,Taft
1711,876,1216,1909,Taft
1712,877,1216,1909,Taft
1713,877,1216,1909,Taft
1714,877,1216,1909,Taft
1715,877,1216,1909,Taft
1716,878,1216,1909,Taft
1717,879,1216,1909,Taft
1718,880,1216,1909,Taft
1719,881,1216,1909,Taft
1720,882,1216,1909,Taft
1721,882,1216,1909,Taft
1722,883,1216,1909,Taft
1723,883,1216,1909,Taft
1724,883,1216,1909,Taft
1725,883,1216,1909,Taft
1726,883,1216,1909,Taft
1727,883,1216,1909,Taft
1728,884,1216,1909,Taft
1729,885,1216,1909,Taft
1730,885,1216,1909,Taft
1731,886,1216,1909,Taft
1732,887,1216,1909,Taft
1733,888,1216,1909,Taft
1734,889,1216,1909,Taft
1735,889,1216,1909,Taft
1736,889,1216,1909,Taft
1737,889,1216,1909,Taft
1738,890,1216,1909,Taft
1739,890,1216,1909,Taft
1740,890,1216,1909,Taft
1741,891,1216,1909,Taft
1742,891,1216,1909,Taft
1743,891,1216,1909,Taft
1744,892,1216,1909,Taft
1745,893,1216,1909,Taft
1746,894,1216,1909,Taft
1747,895,1216,1909,Taft
1748,895,1216,1909,Taft
1749,895,1216,1909,Taft
1750,895,1216,1909,Taft
1751,896,1216,1909,Taft
1752,897,1216,1909,Taft
1753,898,1216,1909,Taft
1754,899,1216,1909,Taft
1755,899,1216,1909,Taft
1756,899,1216,1909,Taft
1757,900,1216,1909,Taft
1758,900,1216,1909,Taft
1759,900,1216,1909,Taft
1760,900,1216,1909,Taft
1761,901,1216,1909,Taft
1762,901,1216,1909,Taft
1763,901,1216,1909,Taft
1764,901,1216,1909,Taft
1765,902,1216,1909,Taft
1766,902,1216,1909,Taft
1767,902,1216,1909,Taft
1768,902,1216,1909,Taft
1769,902,1216,1909,Taft
1770,902,1216,1909,Taft
1771,902,1216,1909,Taft
1772,902,1216,1909,Taft
1773,902,1216,1909,Taft
1774,902,1216,1909,Taft
1775,903,1216,1909,Taft
1776,904,1216,1909,Taft
1777,905,1216,1909,Taft
1778,906,1216,1909,Taft
1779,906,1216,1909,Taft
1780,906,1216,1909,Taft
1781,906,1216,1909,Taft
1782,906,1216,1909,Taft
1783,906,1216,1909,Taft
1784,906,1216,1909,Taft
1785,907,1216,1909,Taft
1786,907,1216,1909,Taft
1787,907,1216,1909,Taft
1788,907,1216,1909,Taft
1789,907,1216,1909,Taft
1790,908,1216,1909,Taft
1791,908,1216,1909,Taft
1792,909,1216,1909,Taft
1793,910,1216,1909,Taft
1794,911,1216,1909,Taft
1795,911,1216,1909,Taft
1796,911,1216,1909,Taft
1797,912,1216,1909,Taft
1798,912,1216,1909,Taft
1799,912,1216,1909,Taft
1800,912,1216,1909,Taft
1801,913,1216,1909,Taft
1802,914,1216,1909,Taft
1803,914,1216,1909,Taft
1804,915,1216,1909,Taft
1805,916,1216,1909,Taft
1806,916,1216,1909,Taft
1807,917,1216,1909,Taft
1808,917,1216,1909,Taft
1809,918,1216,1909,Taft
1810,919,1216,1909,Taft
1811,920,1216,1909,Taft
1812,920,1216,1909,Taft
1813,920,1216,1909,Taft
1814,920,1216,1909,Taft
1815,920,1216,1909,Taft
1816,920,1216,1909,Taft
1817,920,1216,1909,Taft
1818,921,1216,1909,Taft
1819,922,1216,1909,Taft
1820,922,1216,1909,Taft
1821,923,1216,1909,Taft
1822,924,1216,1909,Taft
1823,925,1216,1909,Taft
1824,926,1216,1909,Taft
1825,926,1216,1909,Taft
1826,927,1216,1909,Taft
1827,927,1216,1909,Taft
1828,927,1216,1909,Taft
1829,928,1216,1909,Taft
1830,929,1216,1909,Taft
1831,929,1216,1909,Taft
1832,929,1216,1909,Taft
1833,929,1216,1909,Taft
1834,929,1216,1909,Taft
1835,929,1216,1909,Taft
1836,929,1216,1909,Taft
1837,929,1216,1909,Taft
1838,929,1216,1909,Taft
1839,929,1216,1909,Taft
1840,929,1216,1909,Taft
1841,930,1216,1909,Taft
1842,930,1216,1909,Taft
1843,930,1216,1909,Taft
1844,930,1216,1909,Taft
1845,930,1216,1909,Taft
1846,931,1216,1909,Taft
1847,931,1216,1909,Taft
1848,932,1216,1909,Taft
1849,933,1216,1909,Taft
1850,933,1216,1909,Taft
1851,933,1216,1909,Taft
1852,933,1216,1909,Taft
1853,934,1216,1909,Taft
1854,934,1216,1909,Taft
1855,934,1216,1909,Taft
1856,934,1216,1909,Taft
1857,934,1216,1909,Taft
1858,934,1216,1909,Taft
1859,934,1216,1909,Taft
1860,934,1216,1909,Taft
1861,935,1216,1909,Taft
1862,936,1216,1909,Taft
1863,937,1216,1909,Taft
1864,937,1216,1909,Taft
1865,937,1216,1909,Taft
1866,938,1216,1909,Taft
1867,938,1216,1909,Taft
1868,938,1216,1909,Taft
1869,938,1216,1909,Taft
1870,939,1216,1909,Taft
1871,940,1216,1909,Taft
1872,941,1216,1909,Taft
1873,942,1216,1909,Taft
1874,942,1216,1909,Taft
1875,942,1216,1909,Taft
1876,942,1216,1909,Taft
1877,942,1216,1909,Taft
1878,942,1216,1909,Taft
1879,942,1216,1909,Taft
1880,943,1216,1909,Taft
1881,943,1216,1909,Taft
1882,943,1216,1909,Taft
1883,944,1216,1909,Taft
1884,945,1216,1909,Taft
1885,945,1216,1909,Taft
1886,945,1216,1909,Taft
1887,946,1216,1909,Taft
1888,947,1216,1909,Taft
1889,947,1216,1909,Taft
1890,947,1216,1909,Taft
1891,948,1216,1909,Taft
1892,948,1216,1909,Taft
1893,948,1216,1909,Taft
1894,948,1216,1909,Taft
1895,948,1216,1909,Taft
1896,948,1216,1909,Taft
1897,948,1216,1909,Taft
1898,949,1216,1909,Taft
1899,949,1216,1909,Taft
1900,949,1216,1909,Taft
1901,949,1216,1909,Taft
1902,950,1216,1909,Taft
1903,951,1216,1909,Taft
1904,952,1216,1909,Taft
1905,952,1216,1909,Taft
1906,953,1216,1909,Taft
1907,954,1216,1909,Taft
1908,954,1216,1909,Taft
1909,954,1216,1909,Taft
1910,954,1216,1909,Taft
1911,954,1216,1909,Taft
1912,954,1216,1909,Taft
1913,954,1216,1909,Taft
1914,955,1216,1909,Taft
1915,955,1216,1909,Taft
1916,955,1216,1909,Taft
1917,955,1216,1909,Taft
1918,956,1216,1909,Taft
1919,957,1216,1909,Taft
1920,957,1216,1909,Taft
1921,957,1216,1909,Taft
1922,957,1216,1909,Taft
1923,957,1216,1909,Taft
1924,958,1216,1909,Taft
1925,958,1216,1909,Taft
1926,958,1216,1909,Taft
1927,958,1216,1909,Taft
1928,959,1216,1909,Taft
1929,959,1216,1909,Taft
1930,959,1216,1909,Taft
1931,959,1216,1909,Taft
1932,959,1216,1909,Taft
1933,959,1216,1909,Taft
1934,959,1216,1909,Taft
1935,960,1216,1909,Taft
1936,960,1216,1909,Taft
1937,960,1216,1909,Taft
1938,960,1216,1909,Taft
1939,960,1216,1909,Taft
1940,960,1216,1909,Taft
1941,960,1216,1909,Taft
1942,961,1216,1909,Taft
1943,961,1216,1909,Taft
1944,961,1216,1909,Taft
1945,962,1216,1909,Taft
1946,963,1216,1909,Taft
1947,963,1216,1909,Taft
1948,963,1216,1909,Taft
1949,963,1216,1909,Taft
1950,963,1216,1909,Taft
1951,963,1216,1909,Taft
1952,964,1216,1909,Taft
1953,964,1216,1909,Taft
1954,964,1216,1909,Taft
1955,964,1216,1909,Taft
1956,965,1216,1909,Taft
1957,965,1216,1909,Taft
1958,965,1216,1909,Taft
1959,966,1216,1909,Taft
1960,966,1216,1909,Taft
1961,966,1216,1909,Taft
1962,967,1216,1909,Taft
1963,968,1216,1909,Taft
1964,969,1216,1909,Taft
1965,970,1216,1909,Taft
1966,970,1216,1909,Taft
1967,971,1216,1909,Taft
1968,971,1216,1909,Taft
1969,971,1216,1909,Taft
1970,972,1216,1909,Taft
1971,973,1216,1909,Taft
1972,973,1216,1909,Taft
1973,973,1216,1909,Taft
1974,973,1216,1909,Taft
1975,973,1216,1909,Taft
1976,973,1216,1909,Taft
1977,973,1216,1909,Taft
1978,974,1216,1909,Taft
1979,975,1216,1909,Taft
1980,975,1216,1909,Taft
1981,975,1216,1909,Taft
1982,976,1216,1909,Taft
1983,976,1216,1909,Taft
1984,976,1216,1909,Taft
1985,976,1216,1909,Taft
1986,976,1216,1909,Taft
1987,977,1216,1909,Taft
1988,978,1216,1909,Taft
1989,978,1216,1909,Taft
1990,978,1216,1909,Taft
1991,979,1216,1909,Taft
1992,979,1216,1909,Taft
1993,979,1216,1909,Taft
1994,980,1216,1909,Taft
1995,980,1216,1909,Taft
1996,980,1216,1909,Taft
1997,980,1216,1909,Taft
1998,981,1216,1909,Taft
1999,981,1216,1909,Taft
2000,982,1216,1909,Taft
2001,982,1216,1909,Taft
2002,983,1216,1909,Taft
2003,983,1216,1909,Taft
2004,983,1216,1909,Taft
2005,984,1216,1909,Taft
2006,985,1216,1909,Taft
2007,985,1216,1909,Taft
2008,985,1216,1909,Taft
2009,985,1216,1909,Taft
2010,985,1216,1909,Taft
2011,986,1216,1909,Taft
2012,986,1216,1909,Taft
2013,986,1216,1909,Taft
2014,987,1216,1909,Taft
2015,988,1216,1909,Taft
2016,988,1216,1909,Taft
2017,988,1216,1909,Taft
2018,988,1216,1909,Taft
2019,988,1216,1909,Taft
2020,988,1216,1909,Taft
2021,989,1216,1909,Taft
2022,990,1216,1909,Taft
2023,991,1216,1909,Taft
2024,992,1216,1909,Taft
2025,993,1216,1909,Taft
2026,994,1216,1909,Taft
2027,995,1216,1909,Taft
2028,995,1216,1909,Taft
2029,995,1216,1909,Taft
2030,995,1216,1909,Taft
2031,996,1216,1909,Taft
2032,997,1216,1909,Taft
2033,997,1216,1909,Taft
2034,998,1216,1909,Taft
2035,999,1216,1909,Taft
2036,999,1216,1909,Taft
2037,999,1216,1909,Taft
2038,999,1216,1909,Taft
2039,999,1216,1909,Taft
2040,1000,1216,1909,Taft
2041,1000,1216,1909,Taft
2042,1000,1216,1909,Taft
2043,1000,1216,1909,Taft
2044,1000,1216,1909,Taft
2045,1000,1216,1909,Taft
2046,1000,1216,1909,Taft
2047,1000,1216,1909,Taft
2048,1001,1216,1909,Taft
2049,1001,1216,1909,Taft
2050,1001,1216,1909,Taft
2051,1001,1216,1909,Taft
2052,1001,1216,1909,Taft
2053,1001,1216,1909,Taft
2054,1001,1216,1909,Taft
2055,1001,1216,1909,Taft
2056,1002,1216,1909,Taft
2057,1002,1216,1909,Taft
2058,1002,1216,1909,Taft
2059,1002,1216,1909,Taft
2060,1003,1216,1909,Taft
2061,1003,1216,1909,Taft
2062,1003,1216,1909,Taft
2063,1004,1216,1909,Taft
2064,1004,1216,1909,Taft
2065,1004,1216,1909,Taft
2066,1004,1216,1909,Taft
2067,1004,1216,1909,Taft
2068,1005,1216,1909,Taft
2069,1006,1216,1909,Taft
2070,1006,1216,1909,Taft
2071,1007,1216,1909,Taft
2072,1007,1216,1909,Taft
2073,1007,1216,1909,Taft
2074,1008,1216,1909,Taft
2075,1009,1216,1909,Taft
2076,1010,1216,1909,Taft
2077,1010,1216,1909,Taft
2078,1011,1216,1909,Taft
2079,1011,1216,1909,Taft
2080,1012,1216,1909,Taft
2081,1012,1216,1909,Taft
2082,1012,1216,1909,Taft
2083,1012,1216,1909,Taft
2084,1013,1216,1909,Taft
2085,1014,1216,1909,Taft
2086,1014,1216,1909,Taft
2087,1014,1216,1909,Taft
2088,1015,1216,1909,Taft
2089,1016,1216,1909,Taft
2090,1016,1216,1909,Taft
2091,1017,1216,1909,Taft
2092,1017,1216,1909,Taft
2093,1018,1216,1909,Taft
2094,1018,1216,1909,Taft
2095,1019,1216,1909,Taft
2096,1019,1216,1909,Taft
2097,1020,1216,1909,Taft
2098,1021,1216,1909,Taft
2099,1021,1216,1909,Taft
2100,1021,1216,1909,Taft
2101,1022,1216,1909,Taft
2102,1023,1216,1909,Taft
2103,1023,1216,1909,Taft
2104,1023,1216,1909,Taft
2105,1024,1216,1909,Taft
2106,1024,1216,1909,Taft
2107,1024,1216,1909,Taft
2108,1025,1216,1909,Taft
2109,1025,1216,1909,Taft
2110,1025,1216,1909,Taft
2111,1025,1216,1909,Taft
2112,1026,1216,1909,Taft
2113,1026,1216,1909,Taft
2114,1027,1216,1909,Taft
2115,1028,1216,1909,Taft
2116,1029,1216,1909,Taft
2117,1030,1216,1909,Taft
2118,1030,1216,1909,Taft
2119,1030,1216,1909,Taft
2120,1030,1216,1909,Taft
2121,1030,1216,1909,Taft
2122,1030,1216,1909,Taft
2123,1030,1216,1909,Taft
2124,1030,1216,1909,Taft
2125,1031,1216,1909,Taft
2126,1031,1216,1909,Taft
2127,1031,1216,1909,Taft
2128,1031,1216,1909,Taft
2129,1031,1216,1909,Taft
2130,1031,1216,1909,Taft
2131,1031,1216,1909,Taft
2132,1031,1216,1909,Taft
2133,1032,1216,1909,Taft
2134,1033,1216,1909,Taft
2135,1033,1216,1909,Taft
2136,1033,1216,1909,Taft
2137,1033,1216,1909,Taft
2138,1033,1216,1909,Taft
2139,1033,1216,1909,Taft
2140,1034,1216,1909,Taft
2141,1035,1216,1909,Taft
2142,1035,1216,1909,Taft
2143,1035,1216,1909,Taft
2144,1035,1216,1909,Taft
2145,1035,1216,1909,Taft
2146,1035,1216,1909,Taft
2147,1035,1216,1909,Taft
2148,1036,1216,1909,Taft
2149,1037,1216,1909,Taft
2150,1037,1216,1909,Taft
2151,1037,1216,1909,Taft
2152,1037,1216,1909,Taft
2153,1037,1216,1909,Taft
2154,1038,1216,1909,Taft
2155,1038,1216,1909,Taft
2156,1039,1216,1909,Taft
2157,1039,1216,1909,Taft
2158,1039,1216,1909,Taft
2159,1040,1216,1909,Taft
2160,1040,1216,1909,Taft
2161,1040,1216,1909,Taft
2162,1040,1216,1909,Taft
2163,1040,1216,1909,Taft
2164,1041,1216,1909,Taft
2165,1041,1216,1909,Taft
2166,1041,1216,1909,Taft
2167,1042,1216,1909,Taft
2168,1042,1216,1909,Taft
2169,1043,1216,1909,Taft
2170,1043,1216,1909,Taft
2171,1044,1216,1909,Taft
2172,1044,1216,1909,Taft
2173,1045,1216,1909,Taft
2174,1045,1216,1909,Taft
2175,1045,1216,1909,Taft
2176,1045,1216,1909,Taft
2177,1045,1216,1909,Taft
2178,1045,1216,1909,Taft
2179,1046,1216,1909,Taft
2180,1046,1216,1909,Taft
2181,1046,1216,1909,Taft
2182,1046,1216,1909,Taft
2183,1047,1216,1909,Taft
2184,1047,1216,1909,Taft
2185,1047,1216,1909,Taft
2186,1047,1216,1909,Taft
2187,1047,1216,1909,Taft
2188,1047,1216,1909,Taft
2189,1048,1216,1909,Taft
2190,1049,1216,1909,Taft
2191,1049,1216,1909,Taft
2192,1050,1216,1909,Taft
2193,1051,1216,1909,Taft
2194,1052,1216,1909,Taft
2195,1053,1216,1909,Taft
2196,1054,1216,1909,Taft
2197,1054,1216,1909,Taft
2198,1054,1216,1909,Taft
2199,1054,1216,1909,Taft
2200,1054,1216,1909,Taft
2201,1055,1216,1909,Taft
2202,1056,1216,1909,Taft
2203,1056,1216,1909,Taft
2204,1057,1216,1909,Taft
2205,1057,1216,1909,Taft
2206,1057,1216,1909,Taft
2207,1057,1216,1909,Taft
2208,1058,1216,1909,Taft
2209,1058,1216,1909,Taft
2210,1059,1216,1909,Taft
2211,1059,1216,1909,Taft
2212,1060,1216,1909,Taft
2213,1061,1216,1909,Taft
2214,1061,1216,1909,Taft
2215,1061,1216,1909,Taft
2216,1061,1216,1909,Taft
2217,1061,1216,1909,Taft
2218,1061,1216,1909,Taft
2219,1062,1216,1909,Taft
2220,1063,1216,1909,Taft
2221,1064,1216,1909,Taft
2222,1064,1216,1909,Taft
2223,1064,1216,1909,Taft
2224,1064,1216,1909,Taft
2225,1065,1216,1909,Taft
2226,1065,1216,1909,Taft
2227,1066,1216,1909,Taft
2228,1067,1216,1909,Taft
2229,1068,1216,1909,Taft
2230,1069,1216,1909,Taft
2231,1070,1216,1909,Taft
2232,1070,1216,1909,Taft
2233,1070,1216,1909,Taft
2234,1070,1216,1909,Taft
2235,1070,1216,1909,Taft
2236,1071,1216,1909,Taft
2237,1072,1216,1909,Taft
2238,1072,1216,1909,Taft
2239,1072,1216,1909,Taft
2240,1072,1216,1909,Taft
2241,1073,1216,1909,Taft
2242,1073,1216,1909,Taft
2243,1073,1216,1909,Taft
2244,1073,1216,1909,Taft
2245,1073,1216,1909,Taft
2246,1073,1216,1909,Taft
2247,1074,1216,1909,Taft
2248,1075,1216,1909,Taft
2249,1075,1216,1909,Taft
2250,1075,1216,1909,Taft
2251,1076,1216,1909,Taft
2252,1077,1216,1909,Taft
2253,1077,1216,1909,Taft
2254,1078,1216,1909,Taft
2255,1079,1216,1909,Taft
2256,1079,1216,1909,Taft
2257,1079,1216,1909,Taft
2258,1080,1216,1909,Taft
2259,1080,1216,1909,Taft
2260,1080,1216,1909,Taft
2261,1080,1216,1909,Taft
2262,1080,1216,1909,Taft
2263,1080,1216,1909,Taft
2264,1080,1216,1909,Taft
2265,1081,1216,1909,Taft
2266,1081,1216,1909,Taft
2267,1081,1216,1909,Taft
2268,1082,1216,1909,Taft
2269,1082,1216,1909,Taft
2270,1083,1216,1909,Taft
2271,1084,1216,1909,Taft
2272,1084,1216,1909,Taft
2273,1084,1216,1909,Taft
2274,1084,1216,1909,Taft
2275,1085,1216,1909,Taft
2276,1086,1216,1909,Taft
2277,1086,1216,1909,Taft
2278,1087,1216,1909,Taft
2279,1087,1216,1909,Taft
2280,1087,1216,1909,Taft
2281,1087,1216,1909,Taft
2282,1087,1216,1909,Taft
2283,1087,1216,1909,Taft
2284,1087,1216,1909,Taft
2285,1087,1216,1909,Taft
2286,1087,1216,1909,Taft
2287,1087,1216,1909,Taft
2288,1088,1216,1909,Taft
2289,1089,1216,1909,Taft
2290,1089,1216,1909,Taft
2291,1090,1216,1909,Taft
2292,1090,1216,1909,Taft
2293,1090,1216,1909,Taft
2294,1090,1216,1909,Taft
2295,1090,1216,1909,Taft
2296,1090,1216,1909,Taft
2297,1091,1216,1909,Taft
2298,1091,1216,1909,Taft
2299,1091,1216,1909,Taft
2300,1091,1216,1909,Taft
2301,1091,1216,1909,Taft
2302,1091,1216,1909,Taft
2303,1092,1216,1909,Taft
2304,1093,1216,1909,Taft
2305,1093,1216,1909,Taft
2306,1093,1216,1909,Taft
2307,1093,1216,1909,Taft
2308,1093,1216,1909,Taft
2309,1093,1216,1909,Taft
2310,1094,1216,1909,Taft
2311,1094,1216,1909,Taft
2312,1094,1216,1909,Taft
2313,1095,1216,1909,Taft
2314,1095,1216,1909,Taft
2315,1095,1216,1909,Taft
2316,1095,1216,1909,Taft
2317,1095,1216,1909,Taft
2318,1095,1216,1909,Taft
2319,1096,1216,1909,Taft
2320,1096,1216,1909,Taft
2321,1096,1216,1909,Taft
2322,1097,1216,1909,Taft
2323,1097,1216,1909,Taft
2324,1097,1216,1909,Taft
2325,1097,1216,1909,Taft
2326,1097,1216,1909,Taft
2327,1097,1216,1909,Taft
2328,1098,1216,1909,Taft
2329,1098,1216,1909,Taft
2330,1099,1216,1909,Taft
2331,1099,1216,1909,Taft
2332,1099,1216,1909,Taft
2333,1100,1216,1909,Taft
2334,1100,1216,1909,Taft
2335,1101,1216,1909,Taft
2336,1101,1216,1909,Taft
2337,1102,1216,1909,Taft
2338,1103,1216,1909,Taft
2339,1103,1216,1909,Taft
2340,1103,1216,1909,Taft
2341,1103,1216,1909,Taft
2342,1103,1216,1909,Taft
2343,1103,1216,1909,Taft
2344,1103,1216,1909,Taft
2345,1103,1216,1909,Taft
2346,1104,1216,1909,Taft
2347,1105,1216,1909,Taft
2348,1106,1216,1909,Taft
2349,1106,1216,1909,Taft
2350,1106,1216,1909,Taft
2351,1107,1216,1909,Taft
2352,1107,1216,1909,Taft
2353,1107,1216,1909,Taft
2354,1107,1216,1909,Taft
2355,1107,1216,1909,Taft
2356,1107,1216,1909,Taft
2357,1107,1216,1909,Taft
2358,1107,1216,1909,Taft
2359,1107,1216,1909,Taft
2360,1107,1216,1909,Taft
2361,1107,1216,1909,Taft
2362,1107,1216,1909,Taft
2363,1107,1216,1909,Taft
2364,1107,1216,1909,Taft
2365,1107,1216,1909,Taft
2366,1107,1216,1909,Taft
2367,1107,1216,1909,Taft
2368,1107,1216,1909,Taft
2369,1107,1216,1909,Taft
2370,1107,1216,1909,Taft
2371,1107,1216,1909,Taft
2372,1107,1216,1909,Taft
2373,1107,1216,1909,Taft
2374,1107,1216,1909,Taft
2375,1107,1216,1909,Taft
2376,1108,1216,1909,Taft
2377,1108,1216,1909,Taft
2378,1109,1216,1909,Taft
2379,1109,1216,1909,Taft
2380,1109,1216,1909,Taft
2381,1109,1216,1909,Taft
2382,1109,1216,1909,Taft
2383,1109,1216,1909,Taft
2384,1110,1216,1909,Taft
2385,1110,1216,1909,Taft
2386,1110,1216,1909,Taft
2387,1110,1216,1909,Taft
2388,1111,1216,1909,Taft
2389,1111,1216,1909,Taft
2390,1111,1216,1909,Taft
2391,1112,1216,1909,Taft
2392,1112,1216,1909,Taft
2393,1112,1216,1909,Taft
2394,1112,1216,1909,Taft
2395,1112,1216,1909,Taft
2396,1112,1216,1909,Taft
2397,1112,1216,1909,Taft
2398,1112,1216,1909,Taft
2399,1112,1216,1909,Taft
2400,1112,1216,1909,Taft
2401,1112,1216,1909,Taft
2402,1112,1216,1909,Taft
2403,1112,1216,1909,Taft
2404,1112,1216,1909,Taft
2405,1112,1216,1909,Taft
2406,1112,1216,1909,Taft
2407,1112,1216,1909,Taft
2408,1113,1216,1909,Taft
2409,1114,1216,1909,Taft
2410,1114,1216,1909,Taft
2411,1114,1216,1909,Taft
2412,1114,1216,1909,Taft
2413,1114,1216,1909,Taft
2414,1114,1216,1909,Taft
2415,1114,1216,1909,Taft
2416,1114,1216,1909,Taft
2417,1114,1216,1909,Taft
2418,1114,1216,1909,Taft
2419,1114,1216,1909,Taft
2420,1114,1216,1909,Taft
2421,1114,1216,1909,Taft
2422,1114,1216,1909,Taft
2423,1114,1216,1909,Taft
2424,1115,1216,1909,Taft
2425,1115,1216,1909,Taft
2426,1116,1216,1909,Taft
2427,1117,1216,1909,Taft
2428,1117,1216,1909,Taft
2429,1117,1216,1909,Taft
2430,1117,1216,1909,Taft
2431,1118,1216,1909,Taft
2432,1119,1216,1909,Taft
2433,1119,1216,1909,Taft
2434,1120,1216,1909,Taft
2435,1121,1216,1909,Taft
2436,1121,1216,1909,Taft
2437,1122,1216,1909,Taft
2438,1122,1216,1909,Taft
2439,1123,1216,1909,Taft
2440,1124,1216,1909,Taft
2441,1125,1216,1909,Taft
2442,1125,1216,1909,Taft
2443,1126,1216,1909,Taft
2444,1127,1216,1909,Taft
2445,1127,1216,1909,Taft
2446,1127,1216,1909,Taft
2447,1128,1216,1909,Taft
2448,1129,1216,1909,Taft
2449,1130,1216,1909,Taft
2450,1131,1216,1909,Taft
2451,1132,1216,1909,Taft
2452,1132,1216,1909,Taft
2453,1133,1216,1909,Taft
2454,1133,1216,1909,Taft
2455,1133,1216,1909,Taft
2456,1133,1216,1909,Taft
2457,1133,1216,1909,Taft
2458,1133,1216,1909,Taft
2459,1133,1216,1909,Taft
2460,1134,1216,1909,Taft
2461,1134,1216,1909,Taft
2462,1134,1216,1909,Taft
2463,1134,1216,1909,Taft
2464,1134,1216,1909,Taft
2465,1135,1216,1909,Taft
2466,1135,1216,1909,Taft
2467,1135,1216,1909,Taft
2468,1136,1216,1909,Taft
2469,1136,1216,1909,Taft
2470,1136,1216,1909,Taft
2471,1136,1216,1909,Taft
2472,1137,1216,1909,Taft
2473,1138,1216,1909,Taft
2474,1138,1216,1909,Taft
2475,1138,1216,1909,Taft
2476,1139,1216,1909,Taft
2477,1140,1216,1909,Taft
2478,1140,1216,1909,Taft
2479,1141,1216,1909,Taft
2480,1141,1216,1909,Taft
2481,1141,1216,1909,Taft
2482,1141,1216,1909,Taft
2483,1141,1216,1909,Taft
2484,1141,1216,1909,Taft
2485,1141,1216,1909,Taft
2486,1141,1216,1909,Taft
2487,1141,1216,1909,Taft
2488,1142,1216,1909,Taft
2489,1143,1216,1909,Taft
2490,1144,1216,1909,Taft
2491,1145,1216,1909,Taft
2492,1145,1216,1909,Taft
2493,1146,1216,1909,Taft
2494,1146,1216,1909,Taft
2495,1146,1216,1909,Taft
2496,1146,1216,1909,Taft
2497,1146,1216,1909,Taft
2498,1146,1216,1909,Taft
2499,1146,1216,1909,Taft
2500,1146,1216,1909,Taft
2501,1146,1216,1909,Taft
2502,1147,1216,1909,Taft
2503,1147,1216,1909,Taft
2504,1147,1216,1909,Taft
2505,1147,1216,1909,Taft
2506,1147,1216,1909,Taft
2507,1148,1216,1909,Taft
2508,1148,1216,1909,Taft
2509,1148,1216,1909,Taft
2510,1148,1216,1909,Taft
2511,1148,1216,1909,Taft
2512,1148,1216,1909,Taft
2513,1148,1216,1909,Taft
2514,1149,1216,1909,Taft
2515,1149,1216,1909,Taft
2516,1150,1216,1909,Taft
2517,1151,1216,1909,Taft
2518,1151,1216,1909,Taft
2519,1151,1216,1909,Taft
2520,1151,1216,1909,Taft
2521,1151,1216,1909,Taft
2522,1152,1216,1909,Taft
2523,1152,1216,1909,Taft
2524,1152,1216,1909,Taft
2525,1152,1216,1909,Taft
2526,1152,1216,1909,Taft
2527,1152,1216,1909,Taft
2528,1152,1216,1909,Taft
2529,1152,1216,1909,Taft
2530,1152,1216,1909,Taft
2531,1152,1216,1909,Taft
2532,1152,1216,1909,Taft
2533,1152,1216,1909,Taft
2534,1153,1216,1909,Taft
2535,1154,1216,1909,Taft
2536,1154,1216,1909,Taft
2537,1155,1216,1909,Taft
2538,1155,1216,1909,Taft
2539,1155,1216,1909,Taft
2540,1156,1216,1909,Taft
2541,1157,1216,1909,Taft
2542,1158,1216,1909,Taft
2543,1158,1216,1909,Taft
2544,1158,1216,1909,Taft
2545,1158,1216,1909,Taft
2546,1158,1216,1909,Taft
2547,1158,1216,1909,Taft
2548,1159,1216,1909,Taft
2549,1159,1216,1909,Taft
2550,1159,1216,1909,Taft
2551,1159,1216,1909,Taft
2552,1159,1216,1909,Taft
2553,1159,1216,1909,Taft
2554,1159,1216,1909,Taft
2555,1159,1216,1909,Taft
2556,1159,1216,1909,Taft
2557,1160,1216,1909,Taft
2558,1161,1216,1909,Taft
2559,1162,1216,1909,Taft
2560,1162,1216,1909,Taft
2561,1162,1216,1909,Taft
2562,1162,1216,1909,Taft
2563,1162,1216,1909,Taft
2564,1162,1216,1909,Taft
2565,1162,1216,1909,Taft
2566,1162,1216,1909,Taft
2567,1163,1216,1909,Taft
2568,1163,1216,1909,Taft
2569,1164,1216,1909,Taft
2570,1164,1216,1909,Taft
2571,1165,1216,1909,Taft
2572,1165,1216,1909,Taft
2573,1165,1216,1909,Taft
2574,1165,1216,1909,Taft
2575,1165,1216,1909,Taft
2576,1165,1216,1909,Taft
2577,1165,1216,1909,Taft
2578,1165,1216,1909,Taft
2579,1165,1216,1909,Taft
2580,1165,1216,1909,Taft
2581,1165,1216,1909,Taft
2582,1165,1216,1909,Taft
2583,1165,1216,1909,Taft
2584,1165,1216,1909,Taft
2585,1166,1216,1909,Taft
2586,1167,1216,1909,Taft
2587,1168,1216,1909,Taft
2588,1168,1216,1909,Taft
2589,1169,1216,1909,Taft
2590,1169,1216,1909,Taft
2591,1169,1216,1909,Taft
2592,1169,1216,1909,Taft
2593,1169,1216,1909,Taft
2594,1170,1216,1909,Taft
2595,1170,1216,1909,Taft
2596,1170,1216,1909,Taft
2597,1170,1216,1909,Taft
2598,1170,1216,1909,Taft
2599,1170,1216,1909,Taft
2600,1170,1216,1909,Taft
2601,1170,1216,1909,Taft
2602,1170,1216,1909,Taft
2603,1171,1216,1909,Taft
2604,1171,1216,1909,Taft
2605,1171,1216,1909,Taft
2606,1172,1216,1909,Taft
2607,1172,1216,1909,Taft
2608,1172,1216,1909,Taft
2609,1173,1216,1909,Taft
2610,1173,1216,1909,Taft
2611,1174,1216,1909,Taft
2612,1174,1216,1909,Taft
2613,1175,1216,1909,Taft
2614,1176,1216,1909,Taft
2615,1176,1216,1909,Taft
2616,1176,1216,1909,Taft
2617,1176,1216,1909,Taft
2618,1177,1216,1909,Taft
2619,1178,1216,1909,Taft
2620,1178,1216,1909,Taft
2621,1178,1216,1909,Taft
2622,1178,1216,1909,Taft
2623,1179,1216,1909,Taft
2624,1179,1216,1909,Taft
2625,1179,1216,1909,Taft
2626,1179,1216,1909,Taft
2627,1180,1216,1909,Taft
2628,1180,1216,1909,Taft
2629,1181,1216,1909,Taft
2630,1182,1216,1909,Taft
2631,1183,1216,1909,Taft
2632,1184,1216,1909,Taft
2633,1184,1216,1909,Taft
2634,1184,1216,1909,Taft
2635,1184,1216,1909,Taft
2636,1184,1216,1909,Taft
2637,1184,1216,1909,Taft
2638,1184,1216,1909,Taft
2639,1185,1216,1909,Taft
2640,1186,1216,1909,Taft
2641,1186,1216,1909,Taft
2642,1186,1216,1909,Taft
2643,1186,1216,1909,Taft
2644,1186,1216,1909,Taft
2645,1186,1216,1909,Taft
2646,1187,1216,1909,Taft
2647,1188,1216,1909,Taft
2648,1188,1216,1909,Taft
2649,1188,1216,1909,Taft
2650,1189,1216,1909,Taft
2651,1190,1216,1909,Taft
2652,1190,1216,1909,Taft
2653,1191,1216,1909,Taft
2654,1192,1216,1909,Taft
2655,1192,1216,1909,Taft
2656,1192,1216,1909,Taft
2657,1192,1216,1909,Taft
2658,1192,1216,1909,Taft
2659,1192,1216,1909,Taft
2660,1192,1216,1909,Taft
2661,1193,1216,1909,Taft
2662,1194,1216,1909,Taft
2663,1194,1216,1909,Taft
2664,1194,1216,1909,Taft
2665,1194,1216,1909,Taft
2666,1194,1216,1909,Taft
2667,1194,1216,1909,Taft
2668,1194,1216,1909,Taft
2669,1194,1216,1909,Taft
2670,1194,1216,1909,Taft
2671,1194,1216,1909,Taft
2672,1194,1216,1909,Taft
2673,1195,1216,1909,Taft
2674,1195,1216,1909,Taft
2675,1195,1216,1909,Taft
2676,1195,1216,1909,Taft
2677,1196,1216,1909,Taft
2678,1196,1216,1909,Taft
2679,1196,1216,1909,Taft
2680,1197,1216,1909,Taft
2681,1197,1216,1909,Taft
2682,1197,1216,1909,Taft
2683,1197,1216,1909,Taft
2684,1197,1216,1909,Taft
2685,1197,1216,1909,Taft
2686,1198,1216,1909,Taft
2687,1198,1216,1909,Taft
2688,1198,1216,1909,Taft
2689,1198,1216,1909,Taft
2690,1198,1216,1909,Taft
2691,1198,1216,1909,Taft
2692,1199,1216,1909,Taft
2693,1200,1216,1909,Taft
2694,1201,1216,1909,Taft
2695,1201,1216,1909,Taft
2696,1201,1216,1909,Taft
2697,1201,1216,1909,Taft
2698,1202,1216,1909,Taft
2699,1202,1216,1909,Taft
2700,1203,1216,1909,Taft
2701,1203,1216,1909,Taft
2702,1203,1216,1909,Taft
2703,1203,1216,1909,Taft
2704,1204,1216,1909,Taft
2705,1205,1216,1909,Taft
2706,1205,1216,1909,Taft
2707,1205,1216,1909,Taft
2708,1205,1216,1909,Taft
2709,1206,1216,1909,Taft
2710,1206,1216,1909,Taft
2711,1207,1216,1909,Taft
2712,1207,1216,1909,Taft
2713,1207,1216,1909,Taft
2714,1207,1216,1909,Taft
2715,1208,1216,1909,Taft
2716,1208,1216,1909,Taft
2717,1209,1216,1909,Taft
2718,1209,1216,1909,Taft
2719,1209,1216,1909,Taft
2720,1209,1216,1909,Taft
2721,1209,1216,1909,Taft
2722,1210,1216,1909,Taft
2723,1210,1216,1909,Taft
2724,1210,1216,1909,Taft
2725,1210,1216,1909,Taft
2726,1211,1216,1909,Taft
2727,1211,1216,1909,Taft
2728,1211,1216,1909,Taft
2729,1212,1216,1909,Taft
2730,1213,1216,1909,Taft
2731,1213,1216,1909,Taft
2732,1213,1216,1909,Taft
2733,1213,1216,1909,Taft
2734,1213,1216,1909,Taft
2735,1213,1216,1909,Taft
2736,1214,1216,1909,Taft
2737,1215,1216,1909,Taft
2738,1216,1216,1909,Taft
2739,1216,1216,1909,Taft
2740,1216,1216,1909,Taft
