0,1,1035,1925,Coolidge
1,2,1035,1925,Coolidge
2,3,1035,1925,Coolidge
3,4,1035,1925,Coolidge
4,5,1035,1925,Coolidge
5,6,1035,1925,Coolidge
6,7,1035,1925,Coolidge
7,8,1035,1925,Coolidge
8,9,1035,1925,Coolidge
9,10,1035,1925,Coolidge
10,11,1035,1925,Coolidge
11,12,1035,1925,Coolidge
12,13,1035,1925,Coolidge
13,14,1035,1925,Coolidge
14,15,1035,1925,Coolidge
15,16,1035,1925,Coolidge
16,17,1035,1925,Coolidge
17,18,1035,1925,Coolidge
18,19,1035,1925,Coolidge
19,20,1035,1925,Coolidge
20,21,1035,1925,Coolidge
21,22,1035,1925,Coolidge
22,23,1035,1925,Coolidge
23,24,1035,1925,Coolidge
24,25,1035,1925,Coolidge
25,26,1035,1925,Coolidge
26,27,1035,1925,Coolidge
27,28,1035,1925,Coolidge
28,29,1035,1925,Coolidge
29,30,1035,1925,Coolidge
30,31,1035,1925,Coolidge
31,32,1035,1925,Coolidge
32,33,1035,1925,Coolidge
33,34,1035,1925,Coolidge
34,35,1035,1925,Coolidge
35,36,1035,1925,Coolidge
36,37,1035,1925,Coolidge
37,38,1035,1925,Coolidge
38,39,1035,1925,Coolidge
39,40,1035,1925,Coolidge
40,41,1035,1925,Coolidge
41,42,1035,1925,Coolidge
42,43,1035,1925,Coolidge
43,44,1035,1925,Coolidge
44,45,1035,1925,Coolidge
45,46,1035,1925,Coolidge
46,47,1035,1925,Coolidge
47,48,1035,1925,Coolidge
48,49,1035,1925,Coolidge
49,50,1035,1925,Coolidge
50,51,1035,1925,Coolidge
51,52,1035,1925,Coolidge
52,53,1035,1925,Coolidge
53,54,1035,1925,Coolidge
54,55,1035,1925,Coolidge
55,56,1035,1925,Coolidge
56,57,1035,1925,Coolidge
57,58,1035,1925,Coolidge
58,59,1035,1925,Coolidge
59,60,1035,1925,Coolidge
60,61,1035,1925,Coolidge
61,62,1035,1925,Coolidge
62,63,1035,1925,Coolidge
63,64,1035,1925,Coolidge
64,65,1035,1925,Coolidge
65,66,1035,1925,Coolidge
66,67,1035,1925,Coolidge
67,68,1035,1925,Coolidge
68,69,1035,1925,Coolidge
69,70,1035,1925,Coolidge
70,71,1035,1925,Coolidge
71,72,1035,1925,Coolidge
72,73,1035,1925,Coolidge
73,74,1035,1925,Coolidge
74,75,1035,1925,Coolidge
75,76,1035,1925,Coolidge
76,77,1035,1925,Coolidge
77,78,1035,1925,Coolidge
78,79,1035,1925,Coolidge
79,80,1035,1925,Coolidge
80,80,1035,1925,Coolidge
81,81,1035,1925,Coolidge
82,82,1035,1925,Coolidge
83,83,1035,1925,Coolidge
84,84,1035,1925,Coolidge
85,85,1035,1925,Coolidge
86,85,1035,1925,Coolidge
87,86,1035,1925,Coolidge
88,87,1035,1925,Coolidge
89,87,1035,1925,Coolidge
90,88,1035,1925,Coolidge
91,89,1035,1925,Coolidge
92,90,1035,1925,Coolidge
93,91,1035,1925,Coolidge
94,92,1035,1925,Coolidge
95,93,1035,1925,Coolidge
96,94,1035,1925,Coolidge
97,95,1035,1925,Coolidge
98,96,1035,1925,Coolidge
99,96,1035,1925,Coolidge
100,97,1035,1925,Coolidge
101,98,1035,1925,Coolidge
102,99,1035,1925,Coolidge
103,100,1035,1925,Coolidge
104,101,1035,1925,Coolidge
105,102,1035,1925,Coolidge
106,103,1035,1925,Coolidge
107,104,1035,1925,Coolidge
108,105,1035,1925,Coolidge
109,105,1035,1925,Coolidge
110,106,1035,1925,Coolidge
111,107,1035,1925,Coolidge
112,107,1035,1925,Coolidge
113,108,1035,1925,Coolidge
114,109,1035,1925,Coolidge
115,110,1035,1925,Coolidge
116,111,1035,1925,Coolidge
117,112,1035,1925,Coolidge
118,113,1035,1925,Coolidge
119,114,1035,1925,Coolidge
120,114,1035,1925,Coolidge
121,115,1035,1925,Coolidge
122,116,1035,1925,Coolidge
123,117,1035,1925,Coolidge
124,118,1035,1925,Coolidge
125,119,1035,1925,Coolidge
126,120,1035,1925,Coolidge
127,120,1035,1925,Coolidge
128,120,1035,1925,Coolidge
129,121,1035,1925,Coolidge
130,122,1035,1925,Coolidge
131,123,1035,1925,Coolidge
132,123,1035,1925,Coolidge
133,124,1035,1925,Coolidge
134,125,1035,1925,Coolidge
135,126,1035,1925,Coolidge
136,127,1035,1925,Coolidge
137,128,1035,1925,Coolidge
138,129,1035,1925,Coolidge
139,130,1035,1925,Coolidge
140,130,1035,1925,Coolidge
141,131,1035,1925,Coolidge
142,132,1035,1925,Coolidge
143,133,1035,1925,Coolidge
144,134,1035,1925,Coolidge
145,134,1035,1925,Coolidge
146,134,1035,1925,Coolidge
147,135,1035,1925,Coolidge
148,136,1035,1925,Coolidge
149,137,1035,1925,Coolidge
150,137,1035,1925,Coolidge
151,138,1035,1925,Coolidge
152,139,1035,1925,Coolidge
153,140,1035,1925,Coolidge
154,140,1035,1925,Coolidge
155,141,1035,1925,Coolidge
156,142,1035,1925,Coolidge
157,142,1035,1925,Coolidge
158,142,1035,1925,Coolidge
159,143,1035,1925,Coolidge
160,144,1035,1925,Coolidge
161,145,1035,1925,Coolidge
162,146,1035,1925,Coolidge
163,147,1035,1925,Coolidge
164,148,1035,1925,Coolidge
165,149,1035,1925,Coolidge
166,149,1035,1925,Coolidge
167,150,1035,1925,Coolidge
168,151,1035,1925,Coolidge
169,151,1035,1925,Coolidge
170,151,1035,1925,Coolidge
171,152,1035,1925,Coolidge
172,153,1035,1925,Coolidge
173,153,1035,1925,Coolidge
174,154,1035,1925,Coolidge
175,155,1035,1925,Coolidge
176,155,1035,1925,Coolidge
177,156,1035,1925,Coolidge
178,157,1035,1925,Coolidge
179,157,1035,1925,Coolidge
180,158,1035,1925,Coolidge
181,159,1035,1925,Coolidge
182,159,1035,1925,Coolidge
183,160,1035,1925,Coolidge
184,161,1035,1925,Coolidge
185,162,1035,1925,Coolidge
186,163,1035,1925,Coolidge
187,164,1035,1925,Coolidge
188,165,1035,1925,Coolidge
189,165,1035,1925,Coolidge
190,166,1035,1925,Coolidge
191,167,1035,1925,Coolidge
192,168,1035,1925,Coolidge
193,168,1035,1925,Coolidge
194,169,1035,1925,Coolidge
195,170,1035,1925,Coolidge
196,171,1035,1925,Coolidge
197,172,1035,1925,Coolidge
198,173,1035,1925,Coolidge
199,173,1035,1925,Coolidge
200,173,1035,1925,Coolidge
201,174,1035,1925,Coolidge
202,175,1035,1925,Coolidge
203,175,1035,1925,Coolidge
204,176,1035,1925,Coolidge
205,177,1035,1925,Coolidge
206,178,1035,1925,Coolidge
207,179,1035,1925,Coolidge
208,180,1035,1925,Coolidge
209,181,1035,1925,Coolidge
210,182,1035,1925,Coolidge
211,183,1035,1925,Coolidge
212,184,1035,1925,Coolidge
213,184,1035,1925,Coolidge
214,185,1035,1925,Coolidge
215,186,1035,1925,Coolidge
216,187,1035,1925,Coolidge
217,188,1035,1925,Coolidge
218,189,1035,1925,Coolidge
219,190,1035,1925,Coolidge
220,190,1035,1925,Coolidge
221,190,1035,1925,Coolidge
222,191,1035,1925,Coolidge
223,192,1035,1925,Coolidge
224,193,1035,1925,Coolidge
225,193,1035,1925,Coolidge
226,194,1035,1925,Coolidge
227,194,1035,1925,Coolidge
228,195,1035,1925,Coolidge
229,196,1035,1925,Coolidge
230,197,1035,1925,Coolidge
231,197,1035,1925,Coolidge
232,198,1035,1925,Coolidge
233,199,1035,1925,Coolidge
234,199,1035,1925,Coolidge
235,200,1035,1925,Coolidge
236,201,1035,1925,Coolidge
237,201,1035,1925,Coolidge
238,201,1035,1925,Coolidge
239,202,1035,1925,Coolidge
240,203,1035,1925,Coolidge
241,204,1035,1925,Coolidge
242,205,1035,1925,Coolidge
243,206,1035,1925,Coolidge
244,207,1035,1925,Coolidge
245,208,1035,1925,Coolidge
246,209,1035,1925,Coolidge
247,210,1035,1925,Coolidge
248,211,1035,1925,Coolidge
249,212,1035,1925,Coolidge
250,213,1035,1925,Coolidge
251,214,1035,1925,Coolidge
252,215,1035,1925,Coolidge
253,216,1035,1925,Coolidge
254,217,1035,1925,Coolidge
255,217,1035,1925,Coolidge
256,218,1035,1925,Coolidge
257,218,1035,1925,Coolidge
258,219,1035,1925,Coolidge
259,219,1035,1925,Coolidge
260,220,1035,1925,Coolidge
261,221,1035,1925,Coolidge
262,222,1035,1925,Coolidge
263,223,1035,1925,Coolidge
264,224,1035,1925,Coolidge
265,225,1035,1925,Coolidge
266,226,1035,1925,Coolidge
267,227,1035,1925,Coolidge
268,228,1035,1925,Coolidge
269,229,1035,1925,Coolidge
270,230,1035,1925,Coolidge
271,231,1035,1925,Coolidge
272,232,1035,1925,Coolidge
273,232,1035,1925,Coolidge
274,232,1035,1925,Coolidge
275,233,1035,1925,Coolidge
276,234,1035,1925,Coolidge
277,235,1035,1925,Coolidge
278,236,1035,1925,Coolidge
279,237,1035,1925,Coolidge
280,237,1035,1925,Coolidge
281,238,1035,1925,Coolidge
282,238,1035,1925,Coolidge
283,239,1035,1925,Coolidge
284,239,1035,1925,Coolidge
285,240,1035,1925,Coolidge
286,241,1035,1925,Coolidge
287,242,1035,1925,Coolidge
288,243,1035,1925,Coolidge
289,243,1035,1925,Coolidge
290,244,1035,1925,Coolidge
291,245,1035,1925,Coolidge
292,246,1035,1925,Coolidge
293,247,1035,1925,Coolidge
294,247,1035,1925,Coolidge
295,248,1035,1925,Coolidge
296,248,1035,1925,Coolidge
297,249,1035,1925,Coolidge
298,249,1035,1925,Coolidge
299,250,1035,1925,Coolidge
300,250,1035,1925,Coolidge
301,251,1035,1925,Coolidge
302,251,1035,1925,Coolidge
303,251,1035,1925,Coolidge
304,252,1035,1925,Coolidge
305,253,1035,1925,Coolidge
306,253,1035,1925,Coolidge
307,254,1035,1925,Coolidge
308,255,1035,1925,Coolidge
309,256,1035,1925,Coolidge
310,256,1035,1925,Coolidge
311,257,1035,1925,Coolidge
312,258,1035,1925,Coolidge
313,258,1035,1925,Coolidge
314,258,1035,1925,Coolidge
315,259,1035,1925,Coolidge
316,260,1035,1925,Coolidge
317,261,1035,1925,Coolidge
318,262,1035,1925,Coolidge
319,263,1035,1925,Coolidge
320,263,1035,1925,Coolidge
321,263,1035,1925,Coolidge
322,264,1035,1925,Coolidge
323,264,1035,1925,Coolidge
324,265,1035,1925,Coolidge
325,266,1035,1925,Coolidge
326,267,1035,1925,Coolidge
327,267,1035,1925,Coolidge
328,267,1035,1925,Coolidge
329,267,1035,1925,Coolidge
330,268,1035,1925,Coolidge
331,268,1035,1925,Coolidge
332,268,1035,1925,Coolidge
333,268,1035,1925,Coolidge
334,269,1035,1925,Coolidge
335,270,1035,1925,Coolidge
336,271,1035,1925,Coolidge
337,272,1035,1925,Coolidge
338,273,1035,1925,Coolidge
339,274,1035,1925,Coolidge
340,275,1035,1925,Coolidge
341,276,1035,1925,Coolidge
342,276,1035,1925,Coolidge
343,276,1035,1925,Coolidge
344,276,1035,1925,Coolidge
345,277,1035,1925,Coolidge
346,278,1035,1925,Coolidge
347,279,1035,1925,Coolidge
348,280,1035,1925,Coolidge
349,281,1035,1925,Coolidge
350,281,1035,1925,Coolidge
351,282,1035,1925,Coolidge
352,283,1035,1925,Coolidge
353,284,1035,1925,Coolidge
354,285,1035,1925,Coolidge
355,286,1035,1925,Coolidge
356,286,1035,1925,Coolidge
357,287,1035,1925,Coolidge
358,288,1035,1925,Coolidge
359,289,1035,1925,Coolidge
360,290,1035,1925,Coolidge
361,290,1035,1925,Coolidge
362,291,1035,1925,Coolidge
363,291,1035,1925,Coolidge
364,291,1035,1925,Coolidge
365,291,1035,1925,Coolidge
366,292,1035,1925,Coolidge
367,293,1035,1925,Coolidge
368,293,1035,1925,Coolidge
369,294,1035,1925,Coolidge
370,294,1035,1925,Coolidge
371,295,1035,1925,Coolidge
372,296,1035,1925,Coolidge
373,297,1035,1925,Coolidge
374,298,1035,1925,Coolidge
375,299,1035,1925,Coolidge
376,300,1035,1925,Coolidge
377,301,1035,1925,Coolidge
378,301,1035,1925,Coolidge
379,302,1035,1925,Coolidge
380,303,1035,1925,Coolidge
381,304,1035,1925,Coolidge
382,305,1035,1925,Coolidge
383,305,1035,1925,Coolidge
384,305,1035,1925,Coolidge
385,305,1035,1925,Coolidge
386,306,1035,1925,Coolidge
387,307,1035,1925,Coolidge
388,308,1035,1925,Coolidge
389,309,1035,1925,Coolidge
390,310,1035,1925,Coolidge
391,310,1035,1925,Coolidge
392,310,1035,1925,Coolidge
393,311,1035,1925,Coolidge
394,312,1035,1925,Coolidge
395,312,1035,1925,Coolidge
396,312,1035,1925,Coolidge
397,312,1035,1925,Coolidge
398,313,1035,1925,Coolidge
399,314,1035,1925,Coolidge
400,315,1035,1925,Coolidge
401,316,1035,1925,Coolidge
402,317,1035,1925,Coolidge
403,317,1035,1925,Coolidge
404,317,1035,1925,Coolidge
405,318,1035,1925,Coolidge
406,319,1035,1925,Coolidge
407,320,1035,1925,Coolidge
408,320,1035,1925,Coolidge
409,321,1035,1925,Coolidge
410,322,1035,1925,Coolidge
411,323,1035,1925,Coolidge
412,323,1035,1925,Coolidge
413,323,1035,1925,Coolidge
414,323,1035,1925,Coolidge
415,323,1035,1925,Coolidge
416,324,1035,1925,Coolidge
417,324,1035,1925,Coolidge
418,325,1035,1925,Coolidge
419,326,1035,1925,Coolidge
420,327,1035,1925,Coolidge
421,327,1035,1925,Coolidge
422,328,1035,1925,Coolidge
423,329,1035,1925,Coolidge
424,330,1035,1925,Coolidge
425,331,1035,1925,Coolidge
426,332,1035,1925,Coolidge
427,332,1035,1925,Coolidge
428,333,1035,1925,Coolidge
429,333,1035,1925,Coolidge
430,334,1035,1925,Coolidge
431,335,1035,1925,Coolidge
432,336,1035,1925,Coolidge
433,337,1035,1925,Coolidge
434,337,1035,1925,Coolidge
435,338,1035,1925,Coolidge
436,339,1035,1925,Coolidge
437,339,1035,1925,Coolidge
438,340,1035,1925,Coolidge
439,341,1035,1925,Coolidge
440,342,1035,1925,Coolidge
441,342,1035,1925,Coolidge
442,343,1035,1925,Coolidge
443,344,1035,1925,Coolidge
444,345,1035,1925,Coolidge
445,346,1035,1925,Coolidge
446,346,1035,1925,Coolidge
447,347,1035,1925,Coolidge
448,347,1035,1925,Coolidge
449,347,1035,1925,Coolidge
450,348,1035,1925,Coolidge
451,348,1035,1925,Coolidge
452,349,1035,1925,Coolidge
453,350,1035,1925,Coolidge
454,350,1035,1925,Coolidge
455,351,1035,1925,Coolidge
456,351,1035,1925,Coolidge
457,352,1035,1925,Coolidge
458,352,1035,1925,Coolidge
459,352,1035,1925,Coolidge
460,352,1035,1925,Coolidge
461,352,1035,1925,Coolidge
462,353,1035,1925,Coolidge
463,354,1035,1925,Coolidge
464,354,1035,1925,Coolidge
465,355,1035,1925,Coolidge
466,356,1035,1925,Coolidge
467,357,1035,1925,Coolidge
468,358,1035,1925,Coolidge
469,358,1035,1925,Coolidge
470,359,1035,1925,Coolidge
471,359,1035,1925,Coolidge
472,359,1035,1925,Coolidge
473,360,1035,1925,Coolidge
474,361,1035,1925,Coolidge
475,362,1035,1925,Coolidge
476,363,1035,1925,Coolidge
477,363,1035,1925,Coolidge
478,364,1035,1925,Coolidge
479,365,1035,1925,Coolidge
480,366,1035,1925,Coolidge
481,366,1035,1925,Coolidge
482,366,1035,1925,Coolidge
483,367,1035,1925,Coolidge
484,367,1035,1925,Coolidge
485,368,1035,1925,Coolidge
486,368,1035,1925,Coolidge
487,368,1035,1925,Coolidge
488,368,1035,1925,Coolidge
489,369,1035,1925,Coolidge
490,370,1035,1925,Coolidge
491,371,1035,1925,Coolidge
492,372,1035,1925,Coolidge
493,372,1035,1925,Coolidge
494,373,1035,1925,Coolidge
495,373,1035,1925,Coolidge
496,374,1035,1925,Coolidge
497,375,1035,1925,Coolidge
498,375,1035,1925,Coolidge
499,376,1035,1925,Coolidge
500,377,1035,1925,Coolidge
501,378,1035,1925,Coolidge
502,379,1035,1925,Coolidge
503,379,1035,1925,Coolidge
504,380,1035,1925,Coolidge
505,380,1035,1925,Coolidge
506,381,1035,1925,Coolidge
507,382,1035,1925,Coolidge
508,383,1035,1925,Coolidge
509,384,1035,1925,Coolidge
510,385,1035,1925,Coolidge
511,386,1035,1925,Coolidge
512,387,1035,1925,Coolidge
513,387,1035,1925,Coolidge
514,387,1035,1925,Coolidge
515,387,1035,1925,Coolidge
516,387,1035,1925,Coolidge
517,387,1035,1925,Coolidge
518,388,1035,1925,Coolidge
519,388,1035,1925,Coolidge
520,388,1035,1925,Coolidge
521,388,1035,1925,Coolidge
522,388,1035,1925,Coolidge
523,389,1035,1925,Coolidge
524,390,1035,1925,Coolidge
525,390,1035,1925,Coolidge
526,391,1035,1925,Coolidge
527,391,1035,1925,Coolidge
528,391,1035,1925,Coolidge
529,392,1035,1925,Coolidge
530,392,1035,1925,Coolidge
531,393,1035,1925,Coolidge
532,393,1035,1925,Coolidge
533,394,1035,1925,Coolidge
534,394,1035,1925,Coolidge
535,395,1035,1925,Coolidge
536,396,1035,1925,Coolidge
537,397,1035,1925,Coolidge
538,398,1035,1925,Coolidge
539,398,1035,1925,Coolidge
540,399,1035,1925,Coolidge
541,399,1035,1925,Coolidge
542,399,1035,1925,Coolidge
543,399,1035,1925,Coolidge
544,400,1035,1925,Coolidge
545,401,1035,1925,Coolidge
546,402,1035,1925,Coolidge
547,402,1035,1925,Coolidge
548,402,1035,1925,Coolidge
549,402,1035,1925,Coolidge
550,403,1035,1925,Coolidge
551,403,1035,1925,Coolidge
552,403,1035,1925,Coolidge
553,403,1035,1925,Coolidge
554,403,1035,1925,Coolidge
555,403,1035,1925,Coolidge
556,403,1035,1925,Coolidge
557,403,1035,1925,Coolidge
558,403,1035,1925,Coolidge
559,403,1035,1925,Coolidge
560,404,1035,1925,Coolidge
561,405,1035,1925,Coolidge
562,406,1035,1925,Coolidge
563,406,1035,1925,Coolidge
564,406,1035,1925,Coolidge
565,407,1035,1925,Coolidge
566,407,1035,1925,Coolidge
567,407,1035,1925,Coolidge
568,407,1035,1925,Coolidge
569,407,1035,1925,Coolidge
570,408,1035,1925,Coolidge
571,408,1035,1925,Coolidge
572,408,1035,1925,Coolidge
573,408,1035,1925,Coolidge
574,409,1035,1925,Coolidge
575,410,1035,1925,Coolidge
576,410,1035,1925,Coolidge
577,411,1035,1925,Coolidge
578,412,1035,1925,Coolidge
579,413,1035,1925,Coolidge
580,413,1035,1925,Coolidge
581,413,1035,1925,Coolidge
582,414,1035,1925,Coolidge
583,414,1035,1925,Coolidge
584,415,1035,1925,Coolidge
585,415,1035,1925,Coolidge
586,416,1035,1925,Coolidge
587,416,1035,1925,Coolidge
588,416,1035,1925,Coolidge
589,417,1035,1925,Coolidge
590,417,1035,1925,Coolidge
591,417,1035,1925,Coolidge
592,417,1035,1925,Coolidge
593,418,1035,1925,Coolidge
594,419,1035,1925,Coolidge
595,420,1035,1925,Coolidge
596,421,1035,1925,Coolidge
597,422,1035,1925,Coolidge
598,423,1035,1925,Coolidge
599,424,1035,1925,Coolidge
600,425,1035,1925,Coolidge
601,426,1035,1925,Coolidge
602,427,1035,1925,Coolidge
603,428,1035,1925,Coolidge
604,429,1035,1925,Coolidge
605,430,1035,1925,Coolidge
606,431,1035,1925,Coolidge
607,432,1035,1925,Coolidge
608,433,1035,1925,Coolidge
609,434,1035,1925,Coolidge
610,434,1035,1925,Coolidge
611,435,1035,1925,Coolidge
612,435,1035,1925,Coolidge
613,435,1035,1925,Coolidge
614,436,1035,1925,Coolidge
615,437,1035,1925,Coolidge
616,438,1035,1925,Coolidge
617,438,1035,1925,Coolidge
618,439,1035,1925,Coolidge
619,439,1035,1925,Coolidge
620,439,1035,1925,Coolidge
621,440,1035,1925,Coolidge
622,441,1035,1925,Coolidge
623,442,1035,1925,Coolidge
624,443,1035,1925,Coolidge
625,444,1035,1925,Coolidge
626,445,1035,1925,Coolidge
627,445,1035,1925,Coolidge
628,446,1035,1925,Coolidge
629,447,1035,1925,Coolidge
630,448,1035,1925,Coolidge
631,448,1035,1925,Coolidge
632,448,1035,1925,Coolidge
633,449,1035,1925,Coolidge
634,450,1035,1925,Coolidge
635,450,1035,1925,Coolidge
636,450,1035,1925,Coolidge
637,450,1035,1925,Coolidge
638,450,1035,1925,Coolidge
639,451,1035,1925,Coolidge
640,452,1035,1925,Coolidge
641,452,1035,1925,Coolidge
642,453,1035,1925,Coolidge
643,454,1035,1925,Coolidge
644,454,1035,1925,Coolidge
645,454,1035,1925,Coolidge
646,455,1035,1925,Coolidge
647,455,1035,1925,Coolidge
648,456,1035,1925,Coolidge
649,457,1035,1925,Coolidge
650,458,1035,1925,Coolidge
651,458,1035,1925,Coolidge
652,458,1035,1925,Coolidge
653,459,1035,1925,Coolidge
654,459,1035,1925,Coolidge
655,459,1035,1925,Coolidge
656,460,1035,1925,Coolidge
657,460,1035,1925,Coolidge
658,461,1035,1925,Coolidge
659,461,1035,1925,Coolidge
660,461,1035,1925,Coolidge
661,461,1035,1925,Coolidge
662,462,1035,1925,Coolidge
663,462,1035,1925,Coolidge
664,462,1035,1925,Coolidge
665,463,1035,1925,Coolidge
666,463,1035,1925,Coolidge
667,463,1035,1925,Coolidge
668,464,1035,1925,Coolidge
669,464,1035,1925,Coolidge
670,464,1035,1925,Coolidge
671,465,1035,1925,Coolidge
672,465,1035,1925,Coolidge
673,466,1035,1925,Coolidge
674,467,1035,1925,Coolidge
675,468,1035,1925,Coolidge
676,469,1035,1925,Coolidge
677,470,1035,1925,Coolidge
678,470,1035,1925,Coolidge
679,471,1035,1925,Coolidge
680,472,1035,1925,Coolidge
681,473,1035,1925,Coolidge
682,474,1035,1925,Coolidge
683,474,1035,1925,Coolidge
684,474,1035,1925,Coolidge
685,475,1035,1925,Coolidge
686,476,1035,1925,Coolidge
687,476,1035,1925,Coolidge
688,477,1035,1925,Coolidge
689,477,1035,1925,Coolidge
690,478,1035,1925,Coolidge
691,479,1035,1925,Coolidge
692,480,1035,1925,Coolidge
693,481,1035,1925,Coolidge
694,482,1035,1925,Coolidge
695,483,1035,1925,Coolidge
696,483,1035,1925,Coolidge
697,484,1035,1925,Coolidge
698,484,1035,1925,Coolidge
699,484,1035,1925,Coolidge
700,484,1035,1925,Coolidge
701,484,1035,1925,Coolidge
702,485,1035,1925,Coolidge
703,485,1035,1925,Coolidge
704,485,1035,1925,Coolidge
705,485,1035,1925,Coolidge
706,486,1035,1925,Coolidge
707,486,1035,1925,Coolidge
708,487,1035,1925,Coolidge
709,488,1035,1925,Coolidge
710,489,1035,1925,Coolidge
711,490,1035,1925,Coolidge
712,490,1035,1925,Coolidge
713,491,1035,1925,Coolidge
714,492,1035,1925,Coolidge
715,493,1035,1925,Coolidge
716,494,1035,1925,Coolidge
717,495,1035,1925,Coolidge
718,496,1035,1925,Coolidge
719,497,1035,1925,Coolidge
720,498,1035,1925,Coolidge
721,499,1035,1925,Coolidge
722,499,1035,1925,Coolidge
723,500,1035,1925,Coolidge
724,500,1035,1925,Coolidge
725,500,1035,1925,Coolidge
726,500,1035,1925,Coolidge
727,500,1035,1925,Coolidge
728,501,1035,1925,Coolidge
729,502,1035,1925,Coolidge
730,503,1035,1925,Coolidge
731,503,1035,1925,Coolidge
732,504,1035,1925,Coolidge
733,504,1035,1925,Coolidge
734,505,1035,1925,Coolidge
735,506,1035,1925,Coolidge
736,506,1035,1925,Coolidge
737,506,1035,1925,Coolidge
738,507,1035,1925,Coolidge
739,508,1035,1925,Coolidge
740,508,1035,1925,Coolidge
741,508,1035,1925,Coolidge
742,508,1035,1925,Coolidge
743,508,1035,1925,Coolidge
744,509,1035,1925,Coolidge
745,509,1035,1925,Coolidge
746,509,1035,1925,Coolidge
747,509,1035,1925,Coolidge
748,510,1035,1925,Coolidge
749,510,1035,1925,Coolidge
750,511,1035,1925,Coolidge
751,512,1035,1925,Coolidge
752,512,1035,1925,Coolidge
753,513,1035,1925,Coolidge
754,513,1035,1925,Coolidge
755,513,1035,1925,Coolidge
756,514,1035,1925,Coolidge
757,514,1035,1925,Coolidge
758,515,1035,1925,Coolidge
759,516,1035,1925,Coolidge
760,517,1035,1925,Coolidge
761,518,1035,1925,Coolidge
762,519,1035,1925,Coolidge
763,519,1035,1925,Coolidge
764,519,1035,1925,Coolidge
765,520,1035,1925,Coolidge
766,520,1035,1925,Coolidge
767,521,1035,1925,Coolidge
768,522,1035,1925,Coolidge
769,523,1035,1925,Coolidge
770,523,1035,1925,Coolidge
771,523,1035,1925,Coolidge
772,523,1035,1925,Coolidge
773,524,1035,1925,Coolidge
774,525,1035,1925,Coolidge
775,525,1035,1925,Coolidge
776,526,1035,1925,Coolidge
777,526,1035,1925,Coolidge
778,526,1035,1925,Coolidge
779,527,1035,1925,Coolidge
780,528,1035,1925,Coolidge
781,529,1035,1925,Coolidge
782,530,1035,1925,Coolidge
783,530,1035,1925,Coolidge
784,531,1035,1925,Coolidge
785,531,1035,1925,Coolidge
786,531,1035,1925,Coolidge
787,531,1035,1925,Coolidge
788,531,1035,1925,Coolidge
789,532,1035,1925,Coolidge
790,533,1035,1925,Coolidge
791,533,1035,1925,Coolidge
792,534,1035,1925,Coolidge
793,534,1035,1925,Coolidge
794,534,1035,1925,Coolidge
795,535,1035,1925,Coolidge
796,535,1035,1925,Coolidge
797,535,1035,1925,Coolidge
798,535,1035,1925,Coolidge
799,536,1035,1925,Coolidge
800,537,1035,1925,Coolidge
801,537,1035,1925,Coolidge
802,537,1035,1925,Coolidge
803,538,1035,1925,Coolidge
804,538,1035,1925,Coolidge
805,539,1035,1925,Coolidge
806,539,1035,1925,Coolidge
807,540,1035,1925,Coolidge
808,540,1035,1925,Coolidge
809,541,1035,1925,Coolidge
810,541,1035,1925,Coolidge
811,541,1035,1925,Coolidge
812,541,1035,1925,Coolidge
813,541,1035,1925,Coolidge
814,541,1035,1925,Coolidge
815,542,1035,1925,Coolidge
816,542,1035,1925,Coolidge
817,543,1035,1925,Coolidge
818,544,1035,1925,Coolidge
819,544,1035,1925,Coolidge
820,544,1035,1925,Coolidge
821,545,1035,1925,Coolidge
822,546,1035,1925,Coolidge
823,546,1035,1925,Coolidge
824,546,1035,1925,Coolidge
825,546,1035,1925,Coolidge
826,547,1035,1925,Coolidge
827,548,1035,1925,Coolidge
828,548,1035,1925,Coolidge
829,549,1035,1925,Coolidge
830,550,1035,1925,Coolidge
831,551,1035,1925,Coolidge
832,552,1035,1925,Coolidge
833,552,1035,1925,Coolidge
834,552,1035,1925,Coolidge
835,553,1035,1925,Coolidge
836,553,1035,1925,Coolidge
837,553,1035,1925,Coolidge
838,553,1035,1925,Coolidge
839,553,1035,1925,Coolidge
840,554,1035,1925,Coolidge
841,555,1035,1925,Coolidge
842,556,1035,1925,Coolidge
843,557,1035,1925,Coolidge
844,558,1035,1925,Coolidge
845,558,1035,1925,Coolidge
846,558,1035,1925,Coolidge
847,559,1035,1925,Coolidge
848,560,1035,1925,Coolidge
849,560,1035,1925,Coolidge
850,560,1035,1925,Coolidge
851,561,1035,1925,Coolidge
852,561,1035,1925,Coolidge
853,562,1035,1925,Coolidge
854,563,1035,1925,Coolidge
855,563,1035,1925,Coolidge
856,564,1035,1925,Coolidge
857,565,1035,1925,Coolidge
858,566,1035,1925,Coolidge
859,566,1035,1925,Coolidge
860,567,1035,1925,Coolidge
861,568,1035,1925,Coolidge
862,568,1035,1925,Coolidge
863,568,1035,1925,Coolidge
864,568,1035,1925,Coolidge
865,568,1035,1925,Coolidge
866,568,1035,1925,Coolidge
867,569,1035,1925,Coolidge
868,570,1035,1925,Coolidge
869,570,1035,1925,Coolidge
870,570,1035,1925,Coolidge
871,571,1035,1925,Coolidge
872,571,1035,1925,Coolidge
873,571,1035,1925,Coolidge
874,572,1035,1925,Coolidge
875,572,1035,1925,Coolidge
876,572,1035,1925,Coolidge
877,572,1035,1925,Coolidge
878,573,1035,1925,Coolidge
879,573,1035,1925,Coolidge
880,574,1035,1925,Coolidge
881,574,1035,1925,Coolidge
882,575,1035,1925,Coolidge
883,576,1035,1925,Coolidge
884,576,1035,1925,Coolidge
885,576,1035,1925,Coolidge
886,576,1035,1925,Coolidge
887,577,1035,1925,Coolidge
888,577,1035,1925,Coolidge
889,578,1035,1925,Coolidge
890,578,1035,1925,Coolidge
891,578,1035,1925,Coolidge
892,578,1035,1925,Coolidge
893,578,1035,1925,Coolidge
894,578,1035,1925,Coolidge
895,578,1035,1925,Coolidge
896,578,1035,1925,Coolidge
897,578,1035,1925,Coolidge
898,578,1035,1925,Coolidge
899,579,1035,1925,Coolidge
900,579,1035,1925,Coolidge
901,579,1035,1925,Coolidge
902,580,1035,1925,Coolidge
903,580,1035,1925,Coolidge
904,581,1035,1925,Coolidge
905,581,1035,1925,Coolidge
906,582,1035,1925,Coolidge
907,583,1035,1925,Coolidge
908,583,1035,1925,Coolidge
909,583,1035,1925,Coolidge
910,584,1035,1925,Coolidge
911,584,1035,1925,Coolidge
912,584,1035,1925,Coolidge
913,584,1035,1925,Coolidge
914,585,1035,1925,Coolidge
915,585,1035,1925,Coolidge
916,585,1035,1925,Coolidge
917,585,1035,1925,Coolidge
918,585,1035,1925,Coolidge
919,585,1035,1925,Coolidge
920,585,1035,1925,Coolidge
921,585,1035,1925,Coolidge
922,586,1035,1925,Coolidge
923,586,1035,1925,Coolidge
924,586,1035,1925,Coolidge
925,587,1035,1925,Coolidge
926,588,1035,1925,Coolidge
927,589,1035,1925,Coolidge
928,590,1035,1925,Coolidge
929,591,1035,1925,Coolidge
930,591,1035,1925,Coolidge
931,592,1035,1925,Coolidge
932,593,1035,1925,Coolidge
933,593,1035,1925,Coolidge
934,594,1035,1925,Coolidge
935,594,1035,1925,Coolidge
936,595,1035,1925,Coolidge
937,596,1035,1925,Coolidge
938,596,1035,1925,Coolidge
939,596,1035,1925,Coolidge
940,597,1035,1925,Coolidge
941,598,1035,1925,Coolidge
942,598,1035,1925,Coolidge
943,598,1035,1925,Coolidge
944,599,1035,1925,Coolidge
945,599,1035,1925,Coolidge
946,599,1035,1925,Coolidge
947,599,1035,1925,Coolidge
948,600,1035,1925,Coolidge
949,600,1035,1925,Coolidge
950,600,1035,1925,Coolidge
951,601,1035,1925,Coolidge
952,601,1035,1925,Coolidge
953,602,1035,1925,Coolidge
954,602,1035,1925,Coolidge
955,603,1035,1925,Coolidge
956,603,1035,1925,Coolidge
957,603,1035,1925,Coolidge
958,604,1035,1925,Coolidge
959,604,1035,1925,Coolidge
960,605,1035,1925,Coolidge
961,606,1035,1925,Coolidge
962,607,1035,1925,Coolidge
963,608,1035,1925,Coolidge
964,608,1035,1925,Coolidge
965,609,1035,1925,Coolidge
966,610,1035,1925,Coolidge
967,610,1035,1925,Coolidge
968,610,1035,1925,Coolidge
969,611,1035,1925,Coolidge
970,611,1035,1925,Coolidge
971,611,1035,1925,Coolidge
972,612,1035,1925,Coolidge
973,612,1035,1925,Coolidge
974,612,1035,1925,Coolidge
975,612,1035,1925,Coolidge
976,612,1035,1925,Coolidge
977,612,1035,1925,Coolidge
978,612,1035,1925,Coolidge
979,613,1035,1925,Coolidge
980,613,1035,1925,Coolidge
981,614,1035,1925,Coolidge
982,614,1035,1925,Coolidge
983,614,1035,1925,Coolidge
984,614,1035,1925,Coolidge
985,614,1035,1925,Coolidge
986,615,1035,1925,Coolidge
987,615,1035,1925,Coolidge
988,616,1035,1925,Coolidge
989,616,1035,1925,Coolidge
990,616,1035,1925,Coolidge
991,616,1035,1925,Coolidge
992,616,1035,1925,Coolidge
993,616,1035,1925,Coolidge
994,616,1035,1925,Coolidge
995,617,1035,1925,Coolidge
996,617,1035,1925,Coolidge
997,617,1035,1925,Coolidge
998,617,1035,1925,Coolidge
999,617,1035,1925,Coolidge
1000,617,1035,1925,Coolidge
1001,617,1035,1925,Coolidge
1002,617,1035,1925,Coolidge
1003,617,1035,1925,Coolidge
1004,617,1035,1925,Coolidge
1005,617,1035,1925,Coolidge
1006,618,1035,1925,Coolidge
1007,618,1035,1925,Coolidge
1008,618,1035,1925,Coolidge
1009,618,1035,1925,Coolidge
1010,618,1035,1925,Coolidge
1011,618,1035,1925,Coolidge
1012,619,1035,1925,Coolidge
1013,619,1035,1925,Coolidge
1014,620,1035,1925,Coolidge
1015,620,1035,1925,Coolidge
1016,621,1035,1925,Coolidge
1017,622,1035,1925,Coolidge
1018,622,1035,1925,Coolidge
1019,622,1035,1925,Coolidge
1020,623,1035,1925,Coolidge
1021,624,1035,1925,Coolidge
1022,625,1035,1925,Coolidge
1023,625,1035,1925,Coolidge
1024,625,1035,1925,Coolidge
1025,625,1035,1925,Coolidge
1026,626,1035,1925,Coolidge
1027,626,1035,1925,Coolidge
1028,626,1035,1925,Coolidge
1029,626,1035,1925,Coolidge
1030,626,1035,1925,Coolidge
1031,626,1035,1925,Coolidge
1032,627,1035,1925,Coolidge
1033,627,1035,1925,Coolidge
1034,628,1035,1925,Coolidge
1035,628,1035,1925,Coolidge
1036,628,1035,1925,Coolidge
1037,629,1035,1925,Coolidge
1038,630,1035,1925,Coolidge
1039,630,1035,1925,Coolidge
1040,631,1035,1925,Coolidge
1041,632,1035,1925,Coolidge
1042,632,1035,1925,Coolidge
1043,632,1035,1925,Coolidge
1044,633,1035,1925,Coolidge
1045,633,1035,1925,Coolidge
1046,633,1035,1925,Coolidge
1047,633,1035,1925,Coolidge
1048,633,1035,1925,Coolidge
1049,634,1035,1925,Coolidge
1050,635,1035,1925,Coolidge
1051,635,1035,1925,Coolidge
1052,635,1035,1925,Coolidge
1053,636,1035,1925,Coolidge
1054,636,1035,1925,Coolidge
1055,636,1035,1925,Coolidge
1056,636,1035,1925,Coolidge
1057,637,1035,1925,Coolidge
1058,637,1035,1925,Coolidge
1059,637,1035,1925,Coolidge
1060,638,1035,1925,Coolidge
1061,638,1035,1925,Coolidge
1062,638,1035,1925,Coolidge
1063,638,1035,1925,Coolidge
1064,639,1035,1925,Coolidge
1065,639,1035,1925,Coolidge
1066,640,1035,1925,Coolidge
1067,640,1035,1925,Coolidge
1068,641,1035,1925,Coolidge
1069,641,1035,1925,Coolidge
1070,641,1035,1925,Coolidge
1071,642,1035,1925,Coolidge
1072,643,1035,1925,Coolidge
1073,643,1035,1925,Coolidge
1074,643,1035,1925,Coolidge
1075,644,1035,1925,Coolidge
1076,644,1035,1925,Coolidge
1077,645,1035,1925,Coolidge
1078,646,1035,1925,Coolidge
1079,646,1035,1925,Coolidge
1080,646,1035,1925,Coolidge
1081,647,1035,1925,Coolidge
1082,647,1035,1925,Coolidge
1083,648,1035,1925,Coolidge
1084,649,1035,1925,Coolidge
1085,649,1035,1925,Coolidge
1086,649,1035,1925,Coolidge
1087,650,1035,1925,Coolidge
1088,650,1035,1925,Coolidge
1089,651,1035,1925,Coolidge
1090,652,1035,1925,Coolidge
1091,653,1035,1925,Coolidge
1092,653,1035,1925,Coolidge
1093,653,1035,1925,Coolidge
1094,654,1035,1925,Coolidge
1095,654,1035,1925,Coolidge
1096,655,1035,1925,Coolidge
1097,655,1035,1925,Coolidge
1098,655,1035,1925,Coolidge
1099,655,1035,1925,Coolidge
1100,655,1035,1925,Coolidge
1101,656,1035,1925,Coolidge
1102,656,1035,1925,Coolidge
1103,656,1035,1925,Coolidge
1104,657,1035,1925,Coolidge
1105,657,1035,1925,Coolidge
1106,658,1035,1925,Coolidge
1107,659,1035,1925,Coolidge
1108,659,1035,1925,Coolidge
1109,659,1035,1925,Coolidge
1110,659,1035,1925,Coolidge
1111,659,1035,1925,Coolidge
1112,659,1035,1925,Coolidge
1113,660,1035,1925,Coolidge
1114,660,1035,1925,Coolidge
1115,661,1035,1925,Coolidge
1116,661,1035,1925,Coolidge
1117,662,1035,1925,Coolidge
1118,663,1035,1925,Coolidge
1119,664,1035,1925,Coolidge
1120,664,1035,1925,Coolidge
1121,665,1035,1925,Coolidge
1122,665,1035,1925,Coolidge
1123,666,1035,1925,Coolidge
1124,667,1035,1925,Coolidge
1125,668,1035,1925,Coolidge
1126,669,1035,1925,Coolidge
1127,669,1035,1925,Coolidge
1128,670,1035,1925,Coolidge
1129,670,1035,1925,Coolidge
1130,671,1035,1925,Coolidge
1131,672,1035,1925,Coolidge
1132,673,1035,1925,Coolidge
1133,673,1035,1925,Coolidge
1134,674,1035,1925,Coolidge
1135,674,1035,1925,Coolidge
1136,674,1035,1925,Coolidge
1137,674,1035,1925,Coolidge
1138,675,1035,1925,Coolidge
1139,676,1035,1925,Coolidge
1140,677,1035,1925,Coolidge
1141,678,1035,1925,Coolidge
1142,679,1035,1925,Coolidge
1143,679,1035,1925,Coolidge
1144,680,1035,1925,Coolidge
1145,681,1035,1925,Coolidge
1146,681,1035,1925,Coolidge
1147,681,1035,1925,Coolidge
1148,682,1035,1925,Coolidge
1149,682,1035,1925,Coolidge
1150,683,1035,1925,Coolidge
1151,683,1035,1925,Coolidge
1152,683,1035,1925,Coolidge
1153,683,1035,1925,Coolidge
1154,683,1035,1925,Coolidge
1155,683,1035,1925,Coolidge
1156,683,1035,1925,Coolidge
1157,684,1035,1925,Coolidge
1158,684,1035,1925,Coolidge
1159,684,1035,1925,Coolidge
1160,685,1035,1925,Coolidge
1161,686,1035,1925,Coolidge
1162,686,1035,1925,Coolidge
1163,686,1035,1925,Coolidge
1164,687,1035,1925,Coolidge
1165,687,1035,1925,Coolidge
1166,688,1035,1925,Coolidge
1167,688,1035,1925,Coolidge
1168,689,1035,1925,Coolidge
1169,689,1035,1925,Coolidge
1170,690,1035,1925,Coolidge
1171,690,1035,1925,Coolidge
1172,690,1035,1925,Coolidge
1173,691,1035,1925,Coolidge
1174,691,1035,1925,Coolidge
1175,691,1035,1925,Coolidge
1176,691,1035,1925,Coolidge
1177,691,1035,1925,Coolidge
1178,692,1035,1925,Coolidge
1179,693,1035,1925,Coolidge
1180,693,1035,1925,Coolidge
1181,693,1035,1925,Coolidge
1182,694,1035,1925,Coolidge
1183,694,1035,1925,Coolidge
1184,694,1035,1925,Coolidge
1185,694,1035,1925,Coolidge
1186,694,1035,1925,Coolidge
1187,694,1035,1925,Coolidge
1188,694,1035,1925,Coolidge
1189,694,1035,1925,Coolidge
1190,694,1035,1925,Coolidge
1191,694,1035,1925,Coolidge
1192,694,1035,1925,Coolidge
1193,694,1035,1925,Coolidge
1194,694,1035,1925,Coolidge
1195,694,1035,1925,Coolidge
1196,695,1035,1925,Coolidge
1197,695,1035,1925,Coolidge
1198,695,1035,1925,Coolidge
1199,695,1035,1925,Coolidge
1200,695,1035,1925,Coolidge
1201,695,1035,1925,Coolidge
1202,695,1035,1925,Coolidge
1203,696,1035,1925,Coolidge
1204,697,1035,1925,Coolidge
1205,698,1035,1925,Coolidge
1206,699,1035,1925,Coolidge
1207,699,1035,1925,Coolidge
1208,700,1035,1925,Coolidge
1209,700,1035,1925,Coolidge
1210,701,1035,1925,Coolidge
1211,701,1035,1925,Coolidge
1212,702,1035,1925,Coolidge
1213,703,1035,1925,Coolidge
1214,704,1035,1925,Coolidge
1215,704,1035,1925,Coolidge
1216,704,1035,1925,Coolidge
1217,705,1035,1925,Coolidge
1218,705,1035,1925,Coolidge
1219,706,1035,1925,Coolidge
1220,707,1035,1925,Coolidge
1221,708,1035,1925,Coolidge
1222,709,1035,1925,Coolidge
1223,710,1035,1925,Coolidge
1224,711,1035,1925,Coolidge
1225,711,1035,1925,Coolidge
1226,711,1035,1925,Coolidge
1227,712,1035,1925,Coolidge
1228,712,1035,1925,Coolidge
1229,712,1035,1925,Coolidge
1230,713,1035,1925,Coolidge
1231,714,1035,1925,Coolidge
1232,714,1035,1925,Coolidge
1233,714,1035,1925,Coolidge
1234,715,1035,1925,Coolidge
1235,716,1035,1925,Coolidge
1236,716,1035,1925,Coolidge
1237,716,1035,1925,Coolidge
1238,716,1035,1925,Coolidge
1239,716,1035,1925,Coolidge
1240,716,1035,1925,Coolidge
1241,716,1035,1925,Coolidge
1242,716,1035,1925,Coolidge
1243,716,1035,1925,Coolidge
1244,717,1035,1925,Coolidge
1245,717,1035,1925,Coolidge
1246,717,1035,1925,Coolidge
1247,718,1035,1925,Coolidge
1248,718,1035,1925,Coolidge
1249,718,1035,1925,Coolidge
1250,719,1035,1925,Coolidge
1251,719,1035,1925,Coolidge
1252,719,1035,1925,Coolidge
1253,719,1035,1925,Coolidge
1254,719,1035,1925,Coolidge
1255,719,1035,1925,Coolidge
1256,720,1035,1925,Coolidge
1257,720,1035,1925,Coolidge
1258,721,1035,1925,Coolidge
1259,721,1035,1925,Coolidge
1260,721,1035,1925,Coolidge
1261,721,1035,1925,Coolidge
1262,721,1035,1925,Coolidge
1263,722,1035,1925,Coolidge
1264,723,1035,1925,Coolidge
1265,723,1035,1925,Coolidge
1266,724,1035,1925,Coolidge
1267,725,1035,1925,Coolidge
1268,726,1035,1925,Coolidge
1269,727,1035,1925,Coolidge
1270,727,1035,1925,Coolidge
1271,727,1035,1925,Coolidge
1272,727,1035,1925,Coolidge
1273,727,1035,1925,Coolidge
1274,728,1035,1925,Coolidge
1275,728,1035,1925,Coolidge
1276,728,1035,1925,Coolidge
1277,728,1035,1925,Coolidge
1278,729,1035,1925,Coolidge
1279,729,1035,1925,Coolidge
1280,730,1035,1925,Coolidge
1281,730,1035,1925,Coolidge
1282,731,1035,1925,Coolidge
1283,731,1035,1925,Coolidge
1284,731,1035,1925,Coolidge
1285,732,1035,1925,Coolidge
1286,733,1035,1925,Coolidge
1287,733,1035,1925,Coolidge
1288,733,1035,1925,Coolidge
1289,733,1035,1925,Coolidge
1290,733,1035,1925,Coolidge
1291,734,1035,1925,Coolidge
1292,735,1035,1925,Coolidge
1293,735,1035,1925,Coolidge
1294,736,1035,1925,Coolidge
1295,737,1035,1925,Coolidge
1296,738,1035,1925,Coolidge
1297,739,1035,1925,Coolidge
1298,739,1035,1925,Coolidge
1299,740,1035,1925,Coolidge
1300,741,1035,1925,Coolidge
1301,742,1035,1925,Coolidge
1302,742,1035,1925,Coolidge
1303,743,1035,1925,Coolidge
1304,743,1035,1925,Coolidge
1305,743,1035,1925,Coolidge
1306,743,1035,1925,Coolidge
1307,743,1035,1925,Coolidge
1308,744,1035,1925,Coolidge
1309,744,1035,1925,Coolidge
1310,744,1035,1925,Coolidge
1311,745,1035,1925,Coolidge
1312,745,1035,1925,Coolidge
1313,745,1035,1925,Coolidge
1314,746,1035,1925,Coolidge
1315,746,1035,1925,Coolidge
1316,746,1035,1925,Coolidge
1317,747,1035,1925,Coolidge
1318,748,1035,1925,Coolidge
1319,748,1035,1925,Coolidge
1320,748,1035,1925,Coolidge
1321,749,1035,1925,Coolidge
1322,750,1035,1925,Coolidge
1323,751,1035,1925,Coolidge
1324,752,1035,1925,Coolidge
1325,753,1035,1925,Coolidge
1326,754,1035,1925,Coolidge
1327,754,1035,1925,Coolidge
1328,754,1035,1925,Coolidge
1329,754,1035,1925,Coolidge
1330,754,1035,1925,Coolidge
1331,754,1035,1925,Coolidge
1332,754,1035,1925,Coolidge
1333,754,1035,1925,Coolidge
1334,754,1035,1925,Coolidge
1335,754,1035,1925,Coolidge
1336,754,1035,1925,Coolidge
1337,754,1035,1925,Coolidge
1338,754,1035,1925,Coolidge
1339,754,1035,1925,Coolidge
1340,754,1035,1925,Coolidge
1341,755,1035,1925,Coolidge
1342,755,1035,1925,Coolidge
1343,756,1035,1925,Coolidge
1344,756,1035,1925,Coolidge
1345,756,1035,1925,Coolidge
1346,756,1035,1925,Coolidge
1347,756,1035,1925,Coolidge
1348,756,1035,1925,Coolidge
1349,757,1035,1925,Coolidge
1350,758,1035,1925,Coolidge
1351,758,1035,1925,Coolidge
1352,758,1035,1925,Coolidge
1353,758,1035,1925,Coolidge
1354,758,1035,1925,Coolidge
1355,759,1035,1925,Coolidge
1356,759,1035,1925,Coolidge
1357,759,1035,1925,Coolidge
1358,760,1035,1925,Coolidge
1359,760,1035,1925,Coolidge
1360,760,1035,1925,Coolidge
1361,760,1035,1925,Coolidge
1362,760,1035,1925,Coolidge
1363,761,1035,1925,Coolidge
1364,761,1035,1925,Coolidge
1365,762,1035,1925,Coolidge
1366,762,1035,1925,Coolidge
1367,763,1035,1925,Coolidge
1368,763,1035,1925,Coolidge
1369,763,1035,1925,Coolidge
1370,764,1035,1925,Coolidge
1371,764,1035,1925,Coolidge
1372,764,1035,1925,Coolidge
1373,765,1035,1925,Coolidge
1374,766,1035,1925,Coolidge
1375,767,1035,1925,Coolidge
1376,768,1035,1925,Coolidge
1377,768,1035,1925,Coolidge
1378,768,1035,1925,Coolidge
1379,768,1035,1925,Coolidge
1380,769,1035,1925,Coolidge
1381,769,1035,1925,Coolidge
1382,770,1035,1925,Coolidge
1383,771,1035,1925,Coolidge
1384,771,1035,1925,Coolidge
1385,772,1035,1925,Coolidge
1386,772,1035,1925,Coolidge
1387,773,1035,1925,Coolidge
1388,773,1035,1925,Coolidge
1389,774,1035,1925,Coolidge
1390,774,1035,1925,Coolidge
1391,774,1035,1925,Coolidge
1392,774,1035,1925,Coolidge
1393,774,1035,1925,Coolidge
1394,774,1035,1925,Coolidge
1395,774,1035,1925,Coolidge
1396,775,1035,1925,Coolidge
1397,775,1035,1925,Coolidge
1398,775,1035,1925,Coolidge
1399,776,1035,1925,Coolidge
1400,777,1035,1925,Coolidge
1401,778,1035,1925,Coolidge
1402,779,1035,1925,Coolidge
1403,779,1035,1925,Coolidge
1404,780,1035,1925,Coolidge
1405,780,1035,1925,Coolidge
1406,781,1035,1925,Coolidge
1407,782,1035,1925,Coolidge
1408,782,1035,1925,Coolidge
1409,783,1035,1925,Coolidge
1410,784,1035,1925,Coolidge
1411,784,1035,1925,Coolidge
1412,784,1035,1925,Coolidge
1413,784,1035,1925,Coolidge
1414,785,1035,1925,Coolidge
1415,786,1035,1925,Coolidge
1416,787,1035,1925,Coolidge
1417,787,1035,1925,Coolidge
1418,788,1035,1925,Coolidge
1419,788,1035,1925,Coolidge
1420,789,1035,1925,Coolidge
1421,790,1035,1925,Coolidge
1422,791,1035,1925,Coolidge
1423,791,1035,1925,Coolidge
1424,791,1035,1925,Coolidge
1425,791,1035,1925,Coolidge
1426,791,1035,1925,Coolidge
1427,792,1035,1925,Coolidge
1428,792,1035,1925,Coolidge
1429,793,1035,1925,Coolidge
1430,793,1035,1925,Coolidge
1431,793,1035,1925,Coolidge
1432,793,1035,1925,Coolidge
1433,794,1035,1925,Coolidge
1434,794,1035,1925,Coolidge
1435,794,1035,1925,Coolidge
1436,795,1035,1925,Coolidge
1437,796,1035,1925,Coolidge
1438,797,1035,1925,Coolidge
1439,797,1035,1925,Coolidge
1440,797,1035,1925,Coolidge
1441,798,1035,1925,Coolidge
1442,799,1035,1925,Coolidge
1443,799,1035,1925,Coolidge
1444,799,1035,1925,Coolidge
1445,799,1035,1925,Coolidge
1446,799,1035,1925,Coolidge
1447,799,1035,1925,Coolidge
1448,799,1035,1925,Coolidge
1449,800,1035,1925,Coolidge
1450,800,1035,1925,Coolidge
1451,800,1035,1925,Coolidge
1452,800,1035,1925,Coolidge
1453,801,1035,1925,Coolidge
1454,801,1035,1925,Coolidge
1455,801,1035,1925,Coolidge
1456,801,1035,1925,Coolidge
1457,801,1035,1925,Coolidge
1458,801,1035,1925,Coolidge
1459,801,1035,1925,Coolidge
1460,802,1035,1925,Coolidge
1461,803,1035,1925,Coolidge
1462,804,1035,1925,Coolidge
1463,804,1035,1925,Coolidge
1464,804,1035,1925,Coolidge
1465,805,1035,1925,Coolidge
1466,805,1035,1925,Coolidge
1467,805,1035,1925,Coolidge
1468,805,1035,1925,Coolidge
1469,806,1035,1925,Coolidge
1470,806,1035,1925,Coolidge
1471,806,1035,1925,Coolidge
1472,806,1035,1925,Coolidge
1473,807,1035,1925,Coolidge
1474,807,1035,1925,Coolidge
1475,808,1035,1925,Coolidge
1476,809,1035,1925,Coolidge
1477,809,1035,1925,Coolidge
1478,809,1035,1925,Coolidge
1479,810,1035,1925,Coolidge
1480,810,1035,1925,Coolidge
1481,810,1035,1925,Coolidge
1482,810,1035,1925,Coolidge
1483,810,1035,1925,Coolidge
1484,811,1035,1925,Coolidge
1485,811,1035,1925,Coolidge
1486,811,1035,1925,Coolidge
1487,811,1035,1925,Coolidge
1488,811,1035,1925,Coolidge
1489,811,1035,1925,Coolidge
1490,811,1035,1925,Coolidge
1491,811,1035,1925,Coolidge
1492,811,1035,1925,Coolidge
1493,811,1035,1925,Coolidge
1494,812,1035,1925,Coolidge
1495,812,1035,1925,Coolidge
1496,812,1035,1925,Coolidge
1497,813,1035,1925,Coolidge
1498,814,1035,1925,Coolidge
1499,814,1035,1925,Coolidge
1500,814,1035,1925,Coolidge
1501,815,1035,1925,Coolidge
1502,815,1035,1925,Coolidge
1503,815,1035,1925,Coolidge
1504,816,1035,1925,Coolidge
1505,817,1035,1925,Coolidge
1506,818,1035,1925,Coolidge
1507,819,1035,1925,Coolidge
1508,819,1035,1925,Coolidge
1509,819,1035,1925,Coolidge
1510,819,1035,1925,Coolidge
1511,819,1035,1925,Coolidge
1512,820,1035,1925,Coolidge
1513,821,1035,1925,Coolidge
1514,821,1035,1925,Coolidge
1515,822,1035,1925,Coolidge
1516,822,1035,1925,Coolidge
1517,823,1035,1925,Coolidge
1518,824,1035,1925,Coolidge
1519,824,1035,1925,Coolidge
1520,824,1035,1925,Coolidge
1521,825,1035,1925,Coolidge
1522,825,1035,1925,Coolidge
1523,825,1035,1925,Coolidge
1524,826,1035,1925,Coolidge
1525,826,1035,1925,Coolidge
1526,827,1035,1925,Coolidge
1527,828,1035,1925,Coolidge
1528,829,1035,1925,Coolidge
1529,830,1035,1925,Coolidge
1530,831,1035,1925,Coolidge
1531,831,1035,1925,Coolidge
1532,831,1035,1925,Coolidge
1533,831,1035,1925,Coolidge
1534,831,1035,1925,Coolidge
1535,831,1035,1925,Coolidge
1536,832,1035,1925,Coolidge
1537,833,1035,1925,Coolidge
1538,834,1035,1925,Coolidge
1539,834,1035,1925,Coolidge
1540,835,1035,1925,Coolidge
1541,835,1035,1925,Coolidge
1542,836,1035,1925,Coolidge
1543,837,1035,1925,Coolidge
1544,837,1035,1925,Coolidge
1545,838,1035,1925,Coolidge
1546,838,1035,1925,Coolidge
1547,838,1035,1925,Coolidge
1548,839,1035,1925,Coolidge
1549,840,1035,1925,Coolidge
1550,840,1035,1925,Coolidge
1551,840,1035,1925,Coolidge
1552,840,1035,1925,Coolidge
1553,841,1035,1925,Coolidge
1554,841,1035,1925,Coolidge
1555,841,1035,1925,Coolidge
1556,841,1035,1925,Coolidge
1557,841,1035,1925,Coolidge
1558,841,1035,1925,Coolidge
1559,841,1035,1925,Coolidge
1560,841,1035,1925,Coolidge
1561,842,1035,1925,Coolidge
1562,842,1035,1925,Coolidge
1563,842,1035,1925,Coolidge
1564,843,1035,1925,Coolidge
1565,843,1035,1925,Coolidge
1566,843,1035,1925,Coolidge
1567,843,1035,1925,Coolidge
1568,843,1035,1925,Coolidge
1569,843,1035,1925,Coolidge
1570,843,1035,1925,Coolidge
1571,844,1035,1925,Coolidge
1572,844,1035,1925,Coolidge
1573,844,1035,1925,Coolidge
1574,845,1035,1925,Coolidge
1575,846,1035,1925,Coolidge
1576,846,1035,1925,Coolidge
1577,846,1035,1925,Coolidge
1578,846,1035,1925,Coolidge
1579,846,1035,1925,Coolidge
1580,846,1035,1925,Coolidge
1581,846,1035,1925,Coolidge
1582,846,1035,1925,Coolidge
1583,846,1035,1925,Coolidge
1584,847,1035,1925,Coolidge
1585,847,1035,1925,Coolidge
1586,848,1035,1925,Coolidge
1587,848,1035,1925,Coolidge
1588,849,1035,1925,Coolidge
1589,849,1035,1925,Coolidge
1590,850,1035,1925,Coolidge
1591,850,1035,1925,Coolidge
1592,850,1035,1925,Coolidge
1593,850,1035,1925,Coolidge
1594,850,1035,1925,Coolidge
1595,850,1035,1925,Coolidge
1596,850,1035,1925,Coolidge
1597,850,1035,1925,Coolidge
1598,850,1035,1925,Coolidge
1599,850,1035,1925,Coolidge
1600,851,1035,1925,Coolidge
1601,852,1035,1925,Coolidge
1602,852,1035,1925,Coolidge
1603,853,1035,1925,Coolidge
1604,854,1035,1925,Coolidge
1605,854,1035,1925,Coolidge
1606,854,1035,1925,Coolidge
1607,854,1035,1925,Coolidge
1608,855,1035,1925,Coolidge
1609,856,1035,1925,Coolidge
1610,857,1035,1925,Coolidge
1611,858,1035,1925,Coolidge
1612,858,1035,1925,Coolidge
1613,858,1035,1925,Coolidge
1614,859,1035,1925,Coolidge
1615,859,1035,1925,Coolidge
1616,860,1035,1925,Coolidge
1617,860,1035,1925,Coolidge
1618,861,1035,1925,Coolidge
1619,861,1035,1925,Coolidge
1620,862,1035,1925,Coolidge
1621,863,1035,1925,Coolidge
1622,863,1035,1925,Coolidge
1623,863,1035,1925,Coolidge
1624,864,1035,1925,Coolidge
1625,864,1035,1925,Coolidge
1626,864,1035,1925,Coolidge
1627,864,1035,1925,Coolidge
1628,865,1035,1925,Coolidge
1629,865,1035,1925,Coolidge
1630,865,1035,1925,Coolidge
1631,865,1035,1925,Coolidge
1632,865,1035,1925,Coolidge
1633,866,1035,1925,Coolidge
1634,866,1035,1925,Coolidge
1635,866,1035,1925,Coolidge
1636,866,1035,1925,Coolidge
1637,867,1035,1925,Coolidge
1638,867,1035,1925,Coolidge
1639,867,1035,1925,Coolidge
1640,867,1035,1925,Coolidge
1641,867,1035,1925,Coolidge
1642,867,1035,1925,Coolidge
1643,868,1035,1925,Coolidge
1644,868,1035,1925,Coolidge
1645,869,1035,1925,Coolidge
1646,869,1035,1925,Coolidge
1647,869,1035,1925,Coolidge
1648,870,1035,1925,Coolidge
1649,870,1035,1925,Coolidge
1650,870,1035,1925,Coolidge
1651,871,1035,1925,Coolidge
1652,871,1035,1925,Coolidge
1653,871,1035,1925,Coolidge
1654,871,1035,1925,Coolidge
1655,871,1035,1925,Coolidge
1656,872,1035,1925,Coolidge
1657,873,1035,1925,Coolidge
1658,874,1035,1925,Coolidge
1659,875,1035,1925,Coolidge
1660,876,1035,1925,Coolidge
1661,877,1035,1925,Coolidge
1662,877,1035,1925,Coolidge
1663,878,1035,1925,Coolidge
1664,878,1035,1925,Coolidge
1665,879,1035,1925,Coolidge
1666,880,1035,1925,Coolidge
1667,880,1035,1925,Coolidge
1668,881,1035,1925,Coolidge
1669,882,1035,1925,Coolidge
1670,883,1035,1925,Coolidge
1671,883,1035,1925,Coolidge
1672,884,1035,1925,Coolidge
1673,884,1035,1925,Coolidge
1674,884,1035,1925,Coolidge
1675,885,1035,1925,Coolidge
1676,886,1035,1925,Coolidge
1677,886,1035,1925,Coolidge
1678,886,1035,1925,Coolidge
1679,886,1035,1925,Coolidge
1680,887,1035,1925,Coolidge
1681,888,1035,1925,Coolidge
1682,889,1035,1925,Coolidge
1683,890,1035,1925,Coolidge
1684,891,1035,1925,Coolidge
1685,892,1035,1925,Coolidge
1686,893,1035,1925,Coolidge
1687,894,1035,1925,Coolidge
1688,895,1035,1925,Coolidge
1689,895,1035,1925,Coolidge
1690,895,1035,1925,Coolidge
1691,895,1035,1925,Coolidge
1692,895,1035,1925,Coolidge
1693,895,1035,1925,Coolidge
1694,895,1035,1925,Coolidge
1695,895,1035,1925,Coolidge
1696,895,1035,1925,Coolidge
1697,895,1035,1925,Coolidge
1698,896,1035,1925,Coolidge
1699,896,1035,1925,Coolidge
1700,896,1035,1925,Coolidge
1701,897,1035,1925,Coolidge
1702,897,1035,1925,Coolidge
1703,897,1035,1925,Coolidge
1704,897,1035,1925,Coolidge
1705,897,1035,1925,Coolidge
1706,898,1035,1925,Coolidge
1707,899,1035,1925,Coolidge
1708,899,1035,1925,Coolidge
1709,900,1035,1925,Coolidge
1710,901,1035,1925,Coolidge
1711,901,1035,1925,Coolidge
1712,902,1035,1925,Coolidge
1713,902,1035,1925,Coolidge
1714,902,1035,1925,Coolidge
1715,903,1035,1925,Coolidge
1716,904,1035,1925,Coolidge
1717,905,1035,1925,Coolidge
1718,905,1035,1925,Coolidge
1719,905,1035,1925,Coolidge
1720,905,1035,1925,Coolidge
1721,905,1035,1925,Coolidge
1722,906,1035,1925,Coolidge
1723,907,1035,1925,Coolidge
1724,908,1035,1925,Coolidge
1725,908,1035,1925,Coolidge
1726,908,1035,1925,Coolidge
1727,908,1035,1925,Coolidge
1728,908,1035,1925,Coolidge
1729,909,1035,1925,Coolidge
1730,910,1035,1925,Coolidge
1731,910,1035,1925,Coolidge
1732,911,1035,1925,Coolidge
1733,911,1035,1925,Coolidge
1734,911,1035,1925,Coolidge
1735,912,1035,1925,Coolidge
1736,912,1035,1925,Coolidge
1737,912,1035,1925,Coolidge
1738,913,1035,1925,Coolidge
1739,913,1035,1925,Coolidge
1740,914,1035,1925,Coolidge
1741,915,1035,1925,Coolidge
1742,916,1035,1925,Coolidge
1743,916,1035,1925,Coolidge
1744,916,1035,1925,Coolidge
1745,916,1035,1925,Coolidge
1746,917,1035,1925,Coolidge
1747,917,1035,1925,Coolidge
1748,917,1035,1925,Coolidge
1749,917,1035,1925,Coolidge
1750,917,1035,1925,Coolidge
1751,917,1035,1925,Coolidge
1752,917,1035,1925,Coolidge
1753,918,1035,1925,Coolidge
1754,919,1035,1925,Coolidge
1755,919,1035,1925,Coolidge
1756,919,1035,1925,Coolidge
1757,919,1035,1925,Coolidge
1758,919,1035,1925,Coolidge
1759,920,1035,1925,Coolidge
1760,920,1035,1925,Coolidge
1761,920,1035,1925,Coolidge
1762,920,1035,1925,Coolidge
1763,921,1035,1925,Coolidge
1764,922,1035,1925,Coolidge
1765,923,1035,1925,Coolidge
1766,923,1035,1925,Coolidge
1767,923,1035,1925,Coolidge
1768,923,1035,1925,Coolidge
1769,923,1035,1925,Coolidge
1770,923,1035,1925,Coolidge
1771,924,1035,1925,Coolidge
1772,925,1035,1925,Coolidge
1773,925,1035,1925,Coolidge
1774,925,1035,1925,Coolidge
1775,926,1035,1925,Coolidge
1776,927,1035,1925,Coolidge
1777,927,1035,1925,Coolidge
1778,927,1035,1925,Coolidge
1779,927,1035,1925,Coolidge
1780,927,1035,1925,Coolidge
1781,927,1035,1925,Coolidge
1782,927,1035,1925,Coolidge
1783,928,1035,1925,Coolidge
1784,929,1035,1925,Coolidge
1785,929,1035,1925,Coolidge
1786,930,1035,1925,Coolidge
1787,930,1035,1925,Coolidge
1788,930,1035,1925,Coolidge
1789,931,1035,1925,Coolidge
1790,932,1035,1925,Coolidge
1791,933,1035,1925,Coolidge
1792,934,1035,1925,Coolidge
1793,935,1035,1925,Coolidge
1794,936,1035,1925,Coolidge
1795,937,1035,1925,Coolidge
1796,938,1035,1925,Coolidge
1797,939,1035,1925,Coolidge
1798,939,1035,1925,Coolidge
1799,939,1035,1925,Coolidge
1800,939,1035,1925,Coolidge
1801,940,1035,1925,Coolidge
1802,940,1035,1925,Coolidge
1803,941,1035,1925,Coolidge
1804,941,1035,1925,Coolidge
1805,941,1035,1925,Coolidge
1806,941,1035,1925,Coolidge
1807,941,1035,1925,Coolidge
1808,941,1035,1925,Coolidge
1809,941,1035,1925,Coolidge
1810,941,1035,1925,Coolidge
1811,941,1035,1925,Coolidge
1812,941,1035,1925,Coolidge
1813,942,1035,1925,Coolidge
1814,942,1035,1925,Coolidge
1815,942,1035,1925,Coolidge
1816,943,1035,1925,Coolidge
1817,944,1035,1925,Coolidge
1818,944,1035,1925,Coolidge
1819,945,1035,1925,Coolidge
1820,946,1035,1925,Coolidge
1821,947,1035,1925,Coolidge
1822,948,1035,1925,Coolidge
1823,949,1035,1925,Coolidge
1824,949,1035,1925,Coolidge
1825,950,1035,1925,Coolidge
1826,951,1035,1925,Coolidge
1827,951,1035,1925,Coolidge
1828,951,1035,1925,Coolidge
1829,951,1035,1925,Coolidge
1830,952,1035,1925,Coolidge
1831,952,1035,1925,Coolidge
1832,952,1035,1925,Coolidge
1833,953,1035,1925,Coolidge
1834,954,1035,1925,Coolidge
1835,954,1035,1925,Coolidge
1836,955,1035,1925,Coolidge
1837,956,1035,1925,Coolidge
1838,956,1035,1925,Coolidge
1839,956,1035,1925,Coolidge
1840,956,1035,1925,Coolidge
1841,957,1035,1925,Coolidge
1842,957,1035,1925,Coolidge
1843,957,1035,1925,Coolidge
1844,957,1035,1925,Coolidge
1845,957,1035,1925,Coolidge
1846,957,1035,1925,Coolidge
1847,957,1035,1925,Coolidge
1848,957,1035,1925,Coolidge
1849,957,1035,1925,Coolidge
1850,957,1035,1925,Coolidge
1851,957,1035,1925,Coolidge
1852,957,1035,1925,Coolidge
1853,958,1035,1925,Coolidge
1854,958,1035,1925,Coolidge
1855,959,1035,1925,Coolidge
1856,959,1035,1925,Coolidge
1857,960,1035,1925,Coolidge
1858,960,1035,1925,Coolidge
1859,960,1035,1925,Coolidge
1860,960,1035,1925,Coolidge
1861,961,1035,1925,Coolidge
1862,961,1035,1925,Coolidge
1863,962,1035,1925,Coolidge
1864,963,1035,1925,Coolidge
1865,964,1035,1925,Coolidge
1866,965,1035,1925,Coolidge
1867,965,1035,1925,Coolidge
1868,966,1035,1925,Coolidge
1869,966,1035,1925,Coolidge
1870,966,1035,1925,Coolidge
1871,966,1035,1925,Coolidge
1872,966,1035,1925,Coolidge
1873,966,1035,1925,Coolidge
1874,967,1035,1925,Coolidge
1875,967,1035,1925,Coolidge
1876,968,1035,1925,Coolidge
1877,968,1035,1925,Coolidge
1878,968,1035,1925,Coolidge
1879,968,1035,1925,Coolidge
1880,968,1035,1925,Coolidge
1881,968,1035,1925,Coolidge
1882,968,1035,1925,Coolidge
1883,969,1035,1925,Coolidge
1884,969,1035,1925,Coolidge
1885,970,1035,1925,Coolidge
1886,971,1035,1925,Coolidge
1887,972,1035,1925,Coolidge
1888,972,1035,1925,Coolidge
1889,972,1035,1925,Coolidge
1890,973,1035,1925,Coolidge
1891,974,1035,1925,Coolidge
1892,974,1035,1925,Coolidge
1893,974,1035,1925,Coolidge
1894,974,1035,1925,Coolidge
1895,975,1035,1925,Coolidge
1896,975,1035,1925,Coolidge
1897,975,1035,1925,Coolidge
1898,976,1035,1925,Coolidge
1899,976,1035,1925,Coolidge
1900,976,1035,1925,Coolidge
1901,976,1035,1925,Coolidge
1902,976,1035,1925,Coolidge
1903,977,1035,1925,Coolidge
1904,977,1035,1925,Coolidge
1905,978,1035,1925,Coolidge
1906,978,1035,1925,Coolidge
1907,978,1035,1925,Coolidge
1908,979,1035,1925,Coolidge
1909,979,1035,1925,Coolidge
1910,980,1035,1925,Coolidge
1911,980,1035,1925,Coolidge
1912,980,1035,1925,Coolidge
1913,981,1035,1925,Coolidge
1914,981,1035,1925,Coolidge
1915,981,1035,1925,Coolidge
1916,981,1035,1925,Coolidge
1917,981,1035,1925,Coolidge
1918,982,1035,1925,Coolidge
1919,982,1035,1925,Coolidge
1920,983,1035,1925,Coolidge
1921,984,1035,1925,Coolidge
1922,984,1035,1925,Coolidge
1923,984,1035,1925,Coolidge
1924,984,1035,1925,Coolidge
1925,984,1035,1925,Coolidge
1926,984,1035,1925,Coolidge
1927,985,1035,1925,Coolidge
1928,985,1035,1925,Coolidge
1929,985,1035,1925,Coolidge
1930,986,1035,1925,Coolidge
1931,987,1035,1925,Coolidge
1932,987,1035,1925,Coolidge
1933,988,1035,1925,Coolidge
1934,988,1035,1925,Coolidge
1935,988,1035,1925,Coolidge
1936,988,1035,1925,Coolidge
1937,989,1035,1925,Coolidge
1938,990,1035,1925,Coolidge
1939,991,1035,1925,Coolidge
1940,992,1035,1925,Coolidge
1941,992,1035,1925,Coolidge
1942,993,1035,1925,Coolidge
1943,993,1035,1925,Coolidge
1944,994,1035,1925,Coolidge
1945,994,1035,1925,Coolidge
1946,994,1035,1925,Coolidge
1947,994,1035,1925,Coolidge
1948,994,1035,1925,Coolidge
1949,995,1035,1925,Coolidge
1950,995,1035,1925,Coolidge
1951,995,1035,1925,Coolidge
1952,995,1035,1925,Coolidge
1953,995,1035,1925,Coolidge
1954,995,1035,1925,Coolidge
1955,996,1035,1925,Coolidge
1956,997,1035,1925,Coolidge
1957,997,1035,1925,Coolidge
1958,997,1035,1925,Coolidge
1959,997,1035,1925,Coolidge
1960,998,1035,1925,Coolidge
1961,998,1035,1925,Coolidge
1962,999,1035,1925,Coolidge
1963,999,1035,1925,Coolidge
1964,999,1035,1925,Coolidge
1965,999,1035,1925,Coolidge
1966,999,1035,1925,Coolidge
1967,999,1035,1925,Coolidge
1968,1000,1035,1925,Coolidge
1969,1000,1035,1925,Coolidge
1970,1001,1035,1925,Coolidge
1971,1001,1035,1925,Coolidge
1972,1001,1035,1925,Coolidge
1973,1001,1035,1925,Coolidge
1974,1001,1035,1925,Coolidge
1975,1001,1035,1925,Coolidge
1976,1001,1035,1925,Coolidge
1977,1001,1035,1925,Coolidge
1978,1002,1035,1925,Coolidge
1979,1002,1035,1925,Coolidge
1980,1002,1035,1925,Coolidge
1981,1002,1035,1925,Coolidge
1982,1002,1035,1925,Coolidge
1983,1003,1035,1925,Coolidge
1984,1004,1035,1925,Coolidge
1985,1005,1035,1925,Coolidge
1986,1005,1035,1925,Coolidge
1987,1005,1035,1925,Coolidge
1988,1006,1035,1925,Coolidge
1989,1007,1035,1925,Coolidge
1990,1007,1035,1925,Coolidge
1991,1008,1035,1925,Coolidge
1992,1008,1035,1925,Coolidge
1993,1009,1035,1925,Coolidge
1994,1010,1035,1925,Coolidge
1995,1011,1035,1925,Coolidge
1996,1012,1035,1925,Coolidge
1997,1013,1035,1925,Coolidge
1998,1013,1035,1925,Coolidge
1999,1013,1035,1925,Coolidge
2000,1014,1035,1925,Coolidge
2001,1014,1035,1925,Coolidge
2002,1014,1035,1925,Coolidge
2003,1014,1035,1925,Coolidge
2004,1014,1035,1925,Coolidge
2005,1015,1035,1925,Coolidge
2006,1016,1035,1925,Coolidge
2007,1017,1035,1925,Coolidge
2008,1018,1035,1925,Coolidge
2009,1018,1035,1925,Coolidge
2010,1018,1035,1925,Coolidge
2011,1019,1035,1925,Coolidge
2012,1020,1035,1925,Coolidge
2013,1021,1035,1925,Coolidge
2014,1021,1035,1925,Coolidge
2015,1021,1035,1925,Coolidge
2016,1022,1035,1925,Coolidge
2017,1022,1035,1925,Coolidge
2018,1023,1035,1925,Coolidge
2019,1024,1035,1925,Coolidge
2020,1025,1035,1925,Coolidge
2021,1026,1035,1925,Coolidge
2022,1026,1035,1925,Coolidge
2023,1027,1035,1925,Coolidge
2024,1027,1035,1925,Coolidge
2025,1027,1035,1925,Coolidge
2026,1027,1035,1925,Coolidge
2027,1027,1035,1925,Coolidge
2028,1028,1035,1925,Coolidge
2029,1028,1035,1925,Coolidge
2030,1028,1035,1925,Coolidge
2031,1028,1035,1925,Coolidge
2032,1029,1035,1925,Coolidge
2033,1030,1035,1925,Coolidge
2034,1031,1035,1925,Coolidge
2035,1032,1035,1925,Coolidge
2036,1032,1035,1925,Coolidge
2037,1033,1035,1925,Coolidge
2038,1033,1035,1925,Coolidge
2039,1034,1035,1925,Coolidge
2040,1035,1035,1925,Coolidge
