0,1,649,1949,Truman
1,2,649,1949,Truman
2,3,649,1949,Truman
3,3,649,1949,Truman
4,4,649,1949,Truman
5,5,649,1949,Truman
6,6,649,1949,Truman
7,7,649,1949,Truman
8,8,649,1949,Truman
9,9,649,1949,Truman
10,10,649,1949,Truman
11,11,649,1949,Truman
12,12,649,1949,Truman
13,13,649,1949,Truman
14,14,649,1949,Truman
15,15,649,1949,Truman
16,15,649,1949,Truman
17,15,649,1949,Truman
18,16,649,1949,Truman
19,17,649,1949,Truman
20,17,649,1949,Truman
21,18,649,1949,Truman
22,19,649,1949,Truman
23,20,649,1949,Truman
24,21,649,1949,Truman
25,22,649,1949,Truman
26,23,649,1949,Truman
27,24,649,1949,Truman
28,25,649,1949,Truman
29,25,649,1949,Truman
30,26,649,1949,Truman
31,27,649,1949,Truman
32,28,649,1949,Truman
33,29,649,1949,Truman
34,30,649,1949,Truman
35,30,649,1949,Truman
36,31,649,1949,Truman
37,32,649,1949,Truman
38,33,649,1949,Truman
39,34,649,1949,Truman
40,35,649,1949,Truman
41,36,649,1949,Truman
42,37,649,1949,Truman
43,38,649,1949,Truman
44,39,649,1949,Truman
45,40,649,1949,Truman
46,41,649,1949,Truman
47,42,649,1949,Truman
48,43,649,1949,Truman
49,44,649,1949,Truman
50,45,649,1949,Truman
51,46,649,1949,Truman
52,47,649,1949,Truman
53,48,649,1949,Truman
54,49,649,1949,Truman
55,50,649,1949,Truman
56,51,649,1949,Truman
57,52,649,1949,Truman
58,53,649,1949,Truman
59,54,649,1949,Truman
60,55,649,1949,Truman
61,56,649,1949,Truman
62,56,649,1949,Truman
63,57,649,1949,Truman
64,58,649,1949,Truman
65,59,649,1949,Truman
66,59,649,1949,Truman
67,59,649,1949,Truman
68,60,649,1949,Truman
69,61,649,1949,Truman
70,62,649,1949,Truman
71,63,649,1949,Truman
72,64,649,1949,Truman
73,65,649,1949,Truman
74,66,649,1949,Truman
75,67,649,1949,Truman
76,68,649,1949,Truman
77,69,649,1949,Truman
78,70,649,1949,Truman
79,70,649,1949,Truman
80,71,649,1949,Truman
81,72,649,1949,Truman
82,72,649,1949,Truman
83,73,649,1949,Truman
84,74,649,1949,Truman
85,75,649,1949,Truman
86,76,649,1949,Truman
87,77,649,1949,Truman
88,78,649,1949,Truman
89,79,649,1949,Truman
90,80,649,1949,Truman
91,81,649,1949,Truman
92,82,649,1949,Truman
93,83,649,1949,Truman
94,84,649,1949,Truman
95,84,649,1949,Truman
96,84,649,1949,Truman
97,85,649,1949,Truman
98,85,649,1949,Truman
99,86,649,1949,Truman
100,87,649,1949,Truman
101,88,649,1949,Truman
102,89,649,1949,Truman
103,89,649,1949,Truman
104,89,649,1949,Truman
105,90,649,1949,Truman
106,90,649,1949,Truman
107,90,649,1949,Truman
108,91,649,1949,Truman
109,91,649,1949,Truman
110,92,649,1949,Truman
111,93,649,1949,Truman
112,94,649,1949,Truman
113,95,649,1949,Truman
114,96,649,1949,Truman
115,97,649,1949,Truman
116,98,649,1949,Truman
117,99,649,1949,Truman
118,99,649,1949,Truman
119,100,649,1949,Truman
120,100,649,1949,Truman
121,100,649,1949,Truman
122,101,649,1949,Truman
123,102,649,1949,Truman
124,103,649,1949,Truman
125,104,649,1949,Truman
126,105,649,1949,Truman
127,106,649,1949,Truman
128,107,649,1949,Truman
129,108,649,1949,Truman
130,109,649,1949,Truman
131,109,649,1949,Truman
132,110,649,1949,Truman
133,111,649,1949,Truman
134,112,649,1949,Truman
135,113,649,1949,Truman
136,114,649,1949,Truman
137,114,649,1949,Truman
138,115,649,1949,Truman
139,116,649,1949,Truman
140,117,649,1949,Truman
141,117,649,1949,Truman
142,118,649,1949,Truman
143,119,649,1949,Truman
144,119,649,1949,Truman
145,119,649,1949,Truman
146,119,649,1949,Truman
147,119,649,1949,Truman
148,120,649,1949,Truman
149,121,649,1949,Truman
150,121,649,1949,Truman
151,122,649,1949,Truman
152,122,649,1949,Truman
153,122,649,1949,Truman
154,123,649,1949,Truman
155,124,649,1949,Truman
156,124,649,1949,Truman
157,124,649,1949,Truman
158,125,649,1949,Truman
159,125,649,1949,Truman
160,126,649,1949,Truman
161,126,649,1949,Truman
162,127,649,1949,Truman
163,128,649,1949,Truman
164,129,649,1949,Truman
165,129,649,1949,Truman
166,129,649,1949,Truman
167,129,649,1949,Truman
168,129,649,1949,Truman
169,129,649,1949,Truman
170,130,649,1949,Truman
171,131,649,1949,Truman
172,132,649,1949,Truman
173,132,649,1949,Truman
174,132,649,1949,Truman
175,132,649,1949,Truman
176,133,649,1949,Truman
177,133,649,1949,Truman
178,133,649,1949,Truman
179,134,649,1949,Truman
180,135,649,1949,Truman
181,136,649,1949,Truman
182,136,649,1949,Truman
183,137,649,1949,Truman
184,137,649,1949,Truman
185,137,649,1949,Truman
186,137,649,1949,Truman
187,138,649,1949,Truman
188,139,649,1949,Truman
189,139,649,1949,Truman
190,139,649,1949,Truman
191,139,649,1949,Truman
192,139,649,1949,Truman
193,140,649,1949,Truman
194,141,649,1949,Truman
195,142,649,1949,Truman
196,143,649,1949,Truman
197,144,649,1949,Truman
198,145,649,1949,Truman
199,146,649,1949,Truman
200,147,649,1949,Truman
201,148,649,1949,Truman
202,149,649,1949,Truman
203,149,649,1949,Truman
204,149,649,1949,Truman
205,149,649,1949,Truman
206,149,649,1949,Truman
207,149,649,1949,Truman
208,149,649,1949,Truman
209,150,649,1949,Truman
210,150,649,1949,Truman
211,151,649,1949,Truman
212,152,649,1949,Truman
213,153,649,1949,Truman
214,154,649,1949,Truman
215,155,649,1949,Truman
216,155,649,1949,Truman
217,155,649,1949,Truman
218,156,649,1949,Truman
219,156,649,1949,Truman
220,156,649,1949,Truman
221,156,649,1949,Truman
222,157,649,1949,Truman
223,158,649,1949,Truman
224,158,649,1949,Truman
225,159,649,1949,Truman
226,160,649,1949,Truman
227,161,649,1949,Truman
228,162,649,1949,Truman
229,163,649,1949,Truman
230,163,649,1949,Truman
231,164,649,1949,Truman
232,165,649,1949,Truman
233,166,649,1949,Truman
234,166,649,1949,Truman
235,167,649,1949,Truman
236,167,649,1949,Truman
237,168,649,1949,Truman
238,169,649,1949,Truman
239,170,649,1949,Truman
240,171,649,1949,Truman
241,172,649,1949,Truman
242,172,649,1949,Truman
243,173,649,1949,Truman
244,174,649,1949,Truman
245,174,649,1949,Truman
246,175,649,1949,Truman
247,176,649,1949,Truman
248,176,649,1949,Truman
249,177,649,1949,Truman
250,177,649,1949,Truman
251,178,649,1949,Truman
252,179,649,1949,Truman
253,179,649,1949,Truman
254,180,649,1949,Truman
255,181,649,1949,Truman
256,182,649,1949,Truman
257,183,649,1949,Truman
258,184,649,1949,Truman
259,185,649,1949,Truman
260,185,649,1949,Truman
261,185,649,1949,Truman
262,185,649,1949,Truman
263,186,649,1949,Truman
264,186,649,1949,Truman
265,186,649,1949,Truman
266,187,649,1949,Truman
267,187,649,1949,Truman
268,188,649,1949,Truman
269,189,649,1949,Truman
270,190,649,1949,Truman
271,190,649,1949,Truman
272,190,649,1949,Truman
273,191,649,1949,Truman
274,192,649,1949,Truman
275,193,649,1949,Truman
276,194,649,1949,Truman
277,195,649,1949,Truman
278,195,649,1949,Truman
279,196,649,1949,Truman
280,196,649,1949,Truman
281,197,649,1949,Truman
282,198,649,1949,Truman
283,199,649,1949,Truman
284,200,649,1949,Truman
285,201,649,1949,Truman
286,201,649,1949,Truman
287,201,649,1949,Truman
288,202,649,1949,Truman
289,202,649,1949,Truman
290,202,649,1949,Truman
291,203,649,1949,Truman
292,204,649,1949,Truman
293,205,649,1949,Truman
294,206,649,1949,Truman
295,207,649,1949,Truman
296,208,649,1949,Truman
297,209,649,1949,Truman
298,209,649,1949,Truman
299,210,649,1949,Truman
300,211,649,1949,Truman
301,212,649,1949,Truman
302,213,649,1949,Truman
303,213,649,1949,Truman
304,213,649,1949,Truman
305,214,649,1949,Truman
306,215,649,1949,Truman
307,216,649,1949,Truman
308,217,649,1949,Truman
309,218,649,1949,Truman
310,218,649,1949,Truman
311,219,649,1949,Truman
312,220,649,1949,Truman
313,220,649,1949,Truman
314,221,649,1949,Truman
315,221,649,1949,Truman
316,221,649,1949,Truman
317,222,649,1949,Truman
318,222,649,1949,Truman
319,223,649,1949,Truman
320,224,649,1949,Truman
321,225,649,1949,Truman
322,226,649,1949,Truman
323,226,649,1949,Truman
324,227,649,1949,Truman
325,228,649,1949,Truman
326,229,649,1949,Truman
327,229,649,1949,Truman
328,229,649,1949,Truman
329,229,649,1949,Truman
330,230,649,1949,Truman
331,231,649,1949,Truman
332,231,649,1949,Truman
333,231,649,1949,Truman
334,232,649,1949,Truman
335,233,649,1949,Truman
336,234,649,1949,Truman
337,235,649,1949,Truman
338,235,649,1949,Truman
339,236,649,1949,Truman
340,236,649,1949,Truman
341,236,649,1949,Truman
342,237,649,1949,Truman
343,238,649,1949,Truman
344,239,649,1949,Truman
345,239,649,1949,Truman
346,240,649,1949,Truman
347,240,649,1949,Truman
348,241,649,1949,Truman
349,242,649,1949,Truman
350,243,649,1949,Truman
351,244,649,1949,Truman
352,244,649,1949,Truman
353,245,649,1949,Truman
354,245,649,1949,Truman
355,245,649,1949,Truman
356,245,649,1949,Truman
357,245,649,1949,Truman
358,246,649,1949,Truman
359,247,649,1949,Truman
360,248,649,1949,Truman
361,249,649,1949,Truman
362,249,649,1949,Truman
363,249,649,1949,Truman
364,250,649,1949,Truman
365,250,649,1949,Truman
366,250,649,1949,Truman
367,250,649,1949,Truman
368,251,649,1949,Truman
369,251,649,1949,Truman
370,251,649,1949,Truman
371,252,649,1949,Truman
372,252,649,1949,Truman
373,253,649,1949,Truman
374,254,649,1949,Truman
375,255,649,1949,Truman
376,256,649,1949,Truman
377,257,649,1949,Truman
378,257,649,1949,Truman
379,257,649,1949,Truman
380,258,649,1949,Truman
381,258,649,1949,Truman
382,258,649,1949,Truman
383,259,649,1949,Truman
384,259,649,1949,Truman
385,259,649,1949,Truman
386,259,649,1949,Truman
387,259,649,1949,Truman
388,260,649,1949,Truman
389,261,649,1949,Truman
390,261,649,1949,Truman
391,262,649,1949,Truman
392,263,649,1949,Truman
393,264,649,1949,Truman
394,264,649,1949,Truman
395,265,649,1949,Truman
396,266,649,1949,Truman
397,266,649,1949,Truman
398,266,649,1949,Truman
399,266,649,1949,Truman
400,266,649,1949,Truman
401,267,649,1949,Truman
402,267,649,1949,Truman
403,267,649,1949,Truman
404,268,649,1949,Truman
405,269,649,1949,Truman
406,270,649,1949,Truman
407,270,649,1949,Truman
408,270,649,1949,Truman
409,271,649,1949,Truman
410,272,649,1949,Truman
411,273,649,1949,Truman
412,273,649,1949,Truman
413,274,649,1949,Truman
414,274,649,1949,Truman
415,275,649,1949,Truman
416,275,649,1949,Truman
417,276,649,1949,Truman
418,276,649,1949,Truman
419,276,649,1949,Truman
420,276,649,1949,Truman
421,277,649,1949,Truman
422,278,649,1949,Truman
423,279,649,1949,Truman
424,280,649,1949,Truman
425,280,649,1949,Truman
426,281,649,1949,Truman
427,282,649,1949,Truman
428,283,649,1949,Truman
429,284,649,1949,Truman
430,285,649,1949,Truman
431,285,649,1949,Truman
432,286,649,1949,Truman
433,287,649,1949,Truman
434,288,649,1949,Truman
435,288,649,1949,Truman
436,288,649,1949,Truman
437,289,649,1949,Truman
438,290,649,1949,Truman
439,291,649,1949,Truman
440,292,649,1949,Truman
441,293,649,1949,Truman
442,293,649,1949,Truman
443,294,649,1949,Truman
444,295,649,1949,Truman
445,295,649,1949,Truman
446,296,649,1949,Truman
447,297,649,1949,Truman
448,298,649,1949,Truman
449,298,649,1949,Truman
450,298,649,1949,Truman
451,299,649,1949,Truman
452,300,649,1949,Truman
453,301,649,1949,Truman
454,301,649,1949,Truman
455,301,649,1949,Truman
456,302,649,1949,Truman
457,302,649,1949,Truman
458,302,649,1949,Truman
459,303,649,1949,Truman
460,303,649,1949,Truman
461,304,649,1949,Truman
462,304,649,1949,Truman
463,305,649,1949,Truman
464,306,649,1949,Truman
465,307,649,1949,Truman
466,308,649,1949,Truman
467,309,649,1949,Truman
468,310,649,1949,Truman
469,310,649,1949,Truman
470,311,649,1949,Truman
471,311,649,1949,Truman
472,312,649,1949,Truman
473,313,649,1949,Truman
474,314,649,1949,Truman
475,315,649,1949,Truman
476,315,649,1949,Truman
477,316,649,1949,Truman
478,317,649,1949,Truman
479,318,649,1949,Truman
480,319,649,1949,Truman
481,319,649,1949,Truman
482,320,649,1949,Truman
483,321,649,1949,Truman
484,322,649,1949,Truman
485,322,649,1949,Truman
486,322,649,1949,Truman
487,323,649,1949,Truman
488,324,649,1949,Truman
489,325,649,1949,Truman
490,326,649,1949,Truman
491,327,649,1949,Truman
492,328,649,1949,Truman
493,328,649,1949,Truman
494,328,649,1949,Truman
495,329,649,1949,Truman
496,329,649,1949,Truman
497,329,649,1949,Truman
498,330,649,1949,Truman
499,331,649,1949,Truman
500,331,649,1949,Truman
501,331,649,1949,Truman
502,331,649,1949,Truman
503,331,649,1949,Truman
504,332,649,1949,Truman
505,333,649,1949,Truman
506,334,649,1949,Truman
507,335,649,1949,Truman
508,336,649,1949,Truman
509,337,649,1949,Truman
510,338,649,1949,Truman
511,338,649,1949,Truman
512,338,649,1949,Truman
513,338,649,1949,Truman
514,339,649,1949,Truman
515,339,649,1949,Truman
516,340,649,1949,Truman
517,340,649,1949,Truman
518,340,649,1949,Truman
519,340,649,1949,Truman
520,340,649,1949,Truman
521,341,649,1949,Truman
522,342,649,1949,Truman
523,343,649,1949,Truman
524,344,649,1949,Truman
525,344,649,1949,Truman
526,345,649,1949,Truman
527,346,649,1949,Truman
528,347,649,1949,Truman
529,348,649,1949,Truman
530,348,649,1949,Truman
531,349,649,1949,Truman
532,350,649,1949,Truman
533,350,649,1949,Truman
534,350,649,1949,Truman
535,351,649,1949,Truman
536,351,649,1949,Truman
537,351,649,1949,Truman
538,351,649,1949,Truman
539,351,649,1949,Truman
540,351,649,1949,Truman
541,352,649,1949,Truman
542,352,649,1949,Truman
543,353,649,1949,Truman
544,353,649,1949,Truman
545,354,649,1949,Truman
546,355,649,1949,Truman
547,356,649,1949,Truman
548,357,649,1949,Truman
549,357,649,1949,Truman
550,358,649,1949,Truman
551,358,649,1949,Truman
552,358,649,1949,Truman
553,358,649,1949,Truman
554,359,649,1949,Truman
555,359,649,1949,Truman
556,360,649,1949,Truman
557,361,649,1949,Truman
558,362,649,1949,Truman
559,363,649,1949,Truman
560,363,649,1949,Truman
561,364,649,1949,Truman
562,365,649,1949,Truman
563,366,649,1949,Truman
564,367,649,1949,Truman
565,368,649,1949,Truman
566,368,649,1949,Truman
567,368,649,1949,Truman
568,369,649,1949,Truman
569,370,649,1949,Truman
570,370,649,1949,Truman
571,371,649,1949,Truman
572,371,649,1949,Truman
573,371,649,1949,Truman
574,371,649,1949,Truman
575,371,649,1949,Truman
576,371,649,1949,Truman
577,371,649,1949,Truman
578,371,649,1949,Truman
579,371,649,1949,Truman
580,371,649,1949,Truman
581,372,649,1949,Truman
582,373,649,1949,Truman
583,373,649,1949,Truman
584,374,649,1949,Truman
585,374,649,1949,Truman
586,374,649,1949,Truman
587,375,649,1949,Truman
588,376,649,1949,Truman
589,377,649,1949,Truman
590,377,649,1949,Truman
591,377,649,1949,Truman
592,377,649,1949,Truman
593,377,649,1949,Truman
594,377,649,1949,Truman
595,377,649,1949,Truman
596,378,649,1949,Truman
597,379,649,1949,Truman
598,379,649,1949,Truman
599,380,649,1949,Truman
600,381,649,1949,Truman
601,382,649,1949,Truman
602,382,649,1949,Truman
603,382,649,1949,Truman
604,382,649,1949,Truman
605,382,649,1949,Truman
606,383,649,1949,Truman
607,383,649,1949,Truman
608,383,649,1949,Truman
609,384,649,1949,Truman
610,385,649,1949,Truman
611,386,649,1949,Truman
612,387,649,1949,Truman
613,388,649,1949,Truman
614,388,649,1949,Truman
615,388,649,1949,Truman
616,388,649,1949,Truman
617,389,649,1949,Truman
618,389,649,1949,Truman
619,389,649,1949,Truman
620,389,649,1949,Truman
621,389,649,1949,Truman
622,389,649,1949,Truman
623,390,649,1949,Truman
624,390,649,1949,Truman
625,390,649,1949,Truman
626,391,649,1949,Truman
627,392,649,1949,Truman
628,393,649,1949,Truman
629,394,649,1949,Truman
630,395,649,1949,Truman
631,396,649,1949,Truman
632,396,649,1949,Truman
633,396,649,1949,Truman
634,396,649,1949,Truman
635,397,649,1949,Truman
636,398,649,1949,Truman
637,398,649,1949,Truman
638,399,649,1949,Truman
639,399,649,1949,Truman
640,399,649,1949,Truman
641,399,649,1949,Truman
642,399,649,1949,Truman
643,399,649,1949,Truman
644,399,649,1949,Truman
645,399,649,1949,Truman
646,400,649,1949,Truman
647,400,649,1949,Truman
648,401,649,1949,Truman
649,401,649,1949,Truman
650,401,649,1949,Truman
651,402,649,1949,Truman
652,402,649,1949,Truman
653,403,649,1949,Truman
654,404,649,1949,Truman
655,405,649,1949,Truman
656,406,649,1949,Truman
657,406,649,1949,Truman
658,406,649,1949,Truman
659,407,649,1949,Truman
660,408,649,1949,Truman
661,408,649,1949,Truman
662,408,649,1949,Truman
663,408,649,1949,Truman
664,409,649,1949,Truman
665,410,649,1949,Truman
666,410,649,1949,Truman
667,410,649,1949,Truman
668,411,649,1949,Truman
669,411,649,1949,Truman
670,411,649,1949,Truman
671,412,649,1949,Truman
672,412,649,1949,Truman
673,413,649,1949,Truman
674,414,649,1949,Truman
675,414,649,1949,Truman
676,414,649,1949,Truman
677,414,649,1949,Truman
678,414,649,1949,Truman
679,415,649,1949,Truman
680,415,649,1949,Truman
681,416,649,1949,Truman
682,416,649,1949,Truman
683,416,649,1949,Truman
684,417,649,1949,Truman
685,418,649,1949,Truman
686,419,649,1949,Truman
687,420,649,1949,Truman
688,420,649,1949,Truman
689,420,649,1949,Truman
690,420,649,1949,Truman
691,421,649,1949,Truman
692,422,649,1949,Truman
693,423,649,1949,Truman
694,424,649,1949,Truman
695,425,649,1949,Truman
696,426,649,1949,Truman
697,426,649,1949,Truman
698,426,649,1949,Truman
699,427,649,1949,Truman
700,427,649,1949,Truman
701,428,649,1949,Truman
702,428,649,1949,Truman
703,428,649,1949,Truman
704,429,649,1949,Truman
705,430,649,1949,Truman
706,431,649,1949,Truman
707,432,649,1949,Truman
708,433,649,1949,Truman
709,434,649,1949,Truman
710,435,649,1949,Truman
711,435,649,1949,Truman
712,436,649,1949,Truman
713,436,649,1949,Truman
714,436,649,1949,Truman
715,437,649,1949,Truman
716,438,649,1949,Truman
717,439,649,1949,Truman
718,439,649,1949,Truman
719,440,649,1949,Truman
720,440,649,1949,Truman
721,440,649,1949,Truman
722,441,649,1949,Truman
723,442,649,1949,Truman
724,442,649,1949,Truman
725,443,649,1949,Truman
726,443,649,1949,Truman
727,443,649,1949,Truman
728,444,649,1949,Truman
729,444,649,1949,Truman
730,444,649,1949,Truman
731,444,649,1949,Truman
732,444,649,1949,Truman
733,444,649,1949,Truman
734,445,649,1949,Truman
735,446,649,1949,Truman
736,447,649,1949,Truman
737,448,649,1949,Truman
738,449,649,1949,Truman
739,449,649,1949,Truman
740,449,649,1949,Truman
741,450,649,1949,Truman
742,450,649,1949,Truman
743,450,649,1949,Truman
744,450,649,1949,Truman
745,451,649,1949,Truman
746,452,649,1949,Truman
747,453,649,1949,Truman
748,453,649,1949,Truman
749,453,649,1949,Truman
750,454,649,1949,Truman
751,454,649,1949,Truman
752,455,649,1949,Truman
753,455,649,1949,Truman
754,455,649,1949,Truman
755,456,649,1949,Truman
756,457,649,1949,Truman
757,458,649,1949,Truman
758,458,649,1949,Truman
759,459,649,1949,Truman
760,459,649,1949,Truman
761,459,649,1949,Truman
762,459,649,1949,Truman
763,459,649,1949,Truman
764,459,649,1949,Truman
765,459,649,1949,Truman
766,459,649,1949,Truman
767,460,649,1949,Truman
768,461,649,1949,Truman
769,462,649,1949,Truman
770,462,649,1949,Truman
771,462,649,1949,Truman
772,463,649,1949,Truman
773,463,649,1949,Truman
774,464,649,1949,Truman
775,464,649,1949,Truman
776,464,649,1949,Truman
777,465,649,1949,Truman
778,465,649,1949,Truman
779,466,649,1949,Truman
780,467,649,1949,Truman
781,467,649,1949,Truman
782,467,649,1949,Truman
783,468,649,1949,Truman
784,468,649,1949,Truman
785,469,649,1949,Truman
786,469,649,1949,Truman
787,470,649,1949,Truman
788,471,649,1949,Truman
789,472,649,1949,Truman
790,473,649,1949,Truman
791,474,649,1949,Truman
792,475,649,1949,Truman
793,475,649,1949,Truman
794,476,649,1949,Truman
795,476,649,1949,Truman
796,476,649,1949,Truman
797,476,649,1949,Truman
798,476,649,1949,Truman
799,477,649,1949,Truman
800,478,649,1949,Truman
801,479,649,1949,Truman
802,480,649,1949,Truman
803,481,649,1949,Truman
804,481,649,1949,Truman
805,482,649,1949,Truman
806,483,649,1949,Truman
807,484,649,1949,Truman
808,484,649,1949,Truman
809,484,649,1949,Truman
810,484,649,1949,Truman
811,485,649,1949,Truman
812,486,649,1949,Truman
813,486,649,1949,Truman
814,486,649,1949,Truman
815,487,649,1949,Truman
816,487,649,1949,Truman
817,488,649,1949,Truman
818,488,649,1949,Truman
819,489,649,1949,Truman
820,489,649,1949,Truman
821,489,649,1949,Truman
822,489,649,1949,Truman
823,490,649,1949,Truman
824,491,649,1949,Truman
825,492,649,1949,Truman
826,493,649,1949,Truman
827,494,649,1949,Truman
828,495,649,1949,Truman
829,495,649,1949,Truman
830,495,649,1949,Truman
831,495,649,1949,Truman
832,495,649,1949,Truman
833,496,649,1949,Truman
834,497,649,1949,Truman
835,497,649,1949,Truman
836,497,649,1949,Truman
837,498,649,1949,Truman
838,498,649,1949,Truman
839,498,649,1949,Truman
840,499,649,1949,Truman
841,499,649,1949,Truman
842,499,649,1949,Truman
843,500,649,1949,Truman
844,501,649,1949,Truman
845,502,649,1949,Truman
846,503,649,1949,Truman
847,503,649,1949,Truman
848,504,649,1949,Truman
849,505,649,1949,Truman
850,506,649,1949,Truman
851,506,649,1949,Truman
852,507,649,1949,Truman
853,507,649,1949,Truman
854,507,649,1949,Truman
855,508,649,1949,Truman
856,509,649,1949,Truman
857,509,649,1949,Truman
858,509,649,1949,Truman
859,509,649,1949,Truman
860,509,649,1949,Truman
861,509,649,1949,Truman
862,509,649,1949,Truman
863,509,649,1949,Truman
864,509,649,1949,Truman
865,510,649,1949,Truman
866,510,649,1949,Truman
867,510,649,1949,Truman
868,510,649,1949,Truman
869,510,649,1949,Truman
870,510,649,1949,Truman
871,511,649,1949,Truman
872,512,649,1949,Truman
873,512,649,1949,Truman
874,513,649,1949,Truman
875,514,649,1949,Truman
876,514,649,1949,Truman
877,515,649,1949,Truman
878,516,649,1949,Truman
879,517,649,1949,Truman
880,517,649,1949,Truman
881,518,649,1949,Truman
882,518,649,1949,Truman
883,518,649,1949,Truman
884,518,649,1949,Truman
885,518,649,1949,Truman
886,518,649,1949,Truman
887,518,649,1949,Truman
888,518,649,1949,Truman
889,518,649,1949,Truman
890,518,649,1949,Truman
891,518,649,1949,Truman
892,519,649,1949,Truman
893,519,649,1949,Truman
894,520,649,1949,Truman
895,521,649,1949,Truman
896,522,649,1949,Truman
897,523,649,1949,Truman
898,524,649,1949,Truman
899,524,649,1949,Truman
900,525,649,1949,Truman
901,525,649,1949,Truman
902,526,649,1949,Truman
903,527,649,1949,Truman
904,527,649,1949,Truman
905,528,649,1949,Truman
906,528,649,1949,Truman
907,529,649,1949,Truman
908,530,649,1949,Truman
909,531,649,1949,Truman
910,531,649,1949,Truman
911,531,649,1949,Truman
912,532,649,1949,Truman
913,532,649,1949,Truman
914,532,649,1949,Truman
915,532,649,1949,Truman
916,532,649,1949,Truman
917,532,649,1949,Truman
918,533,649,1949,Truman
919,533,649,1949,Truman
920,534,649,1949,Truman
921,535,649,1949,Truman
922,535,649,1949,Truman
923,535,649,1949,Truman
924,536,649,1949,Truman
925,536,649,1949,Truman
926,537,649,1949,Truman
927,537,649,1949,Truman
928,538,649,1949,Truman
929,538,649,1949,Truman
930,539,649,1949,Truman
931,539,649,1949,Truman
932,540,649,1949,Truman
933,541,649,1949,Truman
934,541,649,1949,Truman
935,542,649,1949,Truman
936,542,649,1949,Truman
937,542,649,1949,Truman
938,542,649,1949,Truman
939,543,649,1949,Truman
940,543,649,1949,Truman
941,543,649,1949,Truman
942,544,649,1949,Truman
943,544,649,1949,Truman
944,545,649,1949,Truman
945,546,649,1949,Truman
946,546,649,1949,Truman
947,546,649,1949,Truman
948,546,649,1949,Truman
949,546,649,1949,Truman
950,546,649,1949,Truman
951,546,649,1949,Truman
952,546,649,1949,Truman
953,547,649,1949,Truman
954,548,649,1949,Truman
955,548,649,1949,Truman
956,548,649,1949,Truman
957,548,649,1949,Truman
958,548,649,1949,Truman
959,549,649,1949,Truman
960,550,649,1949,Truman
961,550,649,1949,Truman
962,551,649,1949,Truman
963,551,649,1949,Truman
964,552,649,1949,Truman
965,552,649,1949,Truman
966,553,649,1949,Truman
967,553,649,1949,Truman
968,553,649,1949,Truman
969,553,649,1949,Truman
970,554,649,1949,Truman
971,554,649,1949,Truman
972,554,649,1949,Truman
973,555,649,1949,Truman
974,556,649,1949,Truman
975,557,649,1949,Truman
976,558,649,1949,Truman
977,559,649,1949,Truman
978,559,649,1949,Truman
979,559,649,1949,Truman
980,560,649,1949,Truman
981,561,649,1949,Truman
982,561,649,1949,Truman
983,561,649,1949,Truman
984,561,649,1949,Truman
985,561,649,1949,Truman
986,561,649,1949,Truman
987,561,649,1949,Truman
988,562,649,1949,Truman
989,563,649,1949,Truman
990,563,649,1949,Truman
991,564,649,1949,Truman
992,564,649,1949,Truman
993,564,649,1949,Truman
994,564,649,1949,Truman
995,564,649,1949,Truman
996,564,649,1949,Truman
997,564,649,1949,Truman
998,564,649,1949,Truman
999,564,649,1949,Truman
1000,565,649,1949,Truman
1001,565,649,1949,Truman
1002,565,649,1949,Truman
1003,566,649,1949,Truman
1004,567,649,1949,Truman
1005,567,649,1949,Truman
1006,568,649,1949,Truman
1007,568,649,1949,Truman
1008,569,649,1949,Truman
1009,570,649,1949,Truman
1010,570,649,1949,Truman
1011,571,649,1949,Truman
1012,572,649,1949,Truman
1013,573,649,1949,Truman
1014,573,649,1949,Truman
1015,573,649,1949,Truman
1016,573,649,1949,Truman
1017,573,649,1949,Truman
1018,573,649,1949,Truman
1019,574,649,1949,Truman
1020,575,649,1949,Truman
1021,576,649,1949,Truman
1022,577,649,1949,Truman
1023,577,649,1949,Truman
1024,577,649,1949,Truman
1025,577,649,1949,Truman
1026,578,649,1949,Truman
1027,579,649,1949,Truman
1028,580,649,1949,Truman
1029,581,649,1949,Truman
1030,582,649,1949,Truman
1031,582,649,1949,Truman
1032,582,649,1949,Truman
1033,583,649,1949,Truman
1034,583,649,1949,Truman
1035,583,649,1949,Truman
1036,583,649,1949,Truman
1037,583,649,1949,Truman
1038,583,649,1949,Truman
1039,583,649,1949,Truman
1040,583,649,1949,Truman
1041,583,649,1949,Truman
1042,584,649,1949,Truman
1043,585,649,1949,Truman
1044,585,649,1949,Truman
1045,586,649,1949,Truman
1046,586,649,1949,Truman
1047,586,649,1949,Truman
1048,587,649,1949,Truman
1049,587,649,1949,Truman
1050,587,649,1949,Truman
1051,588,649,1949,Truman
1052,589,649,1949,Truman
1053,590,649,1949,Truman
1054,591,649,1949,Truman
1055,592,649,1949,Truman
1056,592,649,1949,Truman
1057,592,649,1949,Truman
1058,593,649,1949,Truman
1059,593,649,1949,Truman
1060,593,649,1949,Truman
1061,593,649,1949,Truman
1062,593,649,1949,Truman
1063,593,649,1949,Truman
1064,593,649,1949,Truman
1065,593,649,1949,Truman
1066,594,649,1949,Truman
1067,594,649,1949,Truman
1068,595,649,1949,Truman
1069,596,649,1949,Truman
1070,597,649,1949,Truman
1071,597,649,1949,Truman
1072,598,649,1949,Truman
1073,598,649,1949,Truman
1074,598,649,1949,Truman
1075,599,649,1949,Truman
1076,600,649,1949,Truman
1077,601,649,1949,Truman
1078,601,649,1949,Truman
1079,601,649,1949,Truman
1080,602,649,1949,Truman
1081,602,649,1949,Truman
1082,602,649,1949,Truman
1083,602,649,1949,Truman
1084,602,649,1949,Truman
1085,602,649,1949,Truman
1086,603,649,1949,Truman
1087,604,649,1949,Truman
1088,605,649,1949,Truman
1089,605,649,1949,Truman
1090,606,649,1949,Truman
1091,606,649,1949,Truman
1092,606,649,1949,Truman
1093,606,649,1949,Truman
1094,606,649,1949,Truman
1095,606,649,1949,Truman
1096,607,649,1949,Truman
1097,608,649,1949,Truman
1098,608,649,1949,Truman
1099,608,649,1949,Truman
1100,608,649,1949,Truman
1101,608,649,1949,Truman
1102,608,649,1949,Truman
1103,608,649,1949,Truman
1104,608,649,1949,Truman
1105,608,649,1949,Truman
1106,608,649,1949,Truman
1107,608,649,1949,Truman
1108,609,649,1949,Truman
1109,610,649,1949,Truman
1110,611,649,1949,Truman
1111,612,649,1949,Truman
1112,612,649,1949,Truman
1113,613,649,1949,Truman
1114,614,649,1949,Truman
1115,614,649,1949,Truman
1116,614,649,1949,Truman
1117,614,649,1949,Truman
1118,614,649,1949,Truman
1119,614,649,1949,Truman
1120,615,649,1949,Truman
1121,616,649,1949,Truman
1122,617,649,1949,Truman
1123,617,649,1949,Truman
1124,617,649,1949,Truman
1125,617,649,1949,Truman
1126,617,649,1949,Truman
1127,617,649,1949,Truman
1128,617,649,1949,Truman
1129,618,649,1949,Truman
1130,618,649,1949,Truman
1131,618,649,1949,Truman
1132,619,649,1949,Truman
1133,620,649,1949,Truman
1134,620,649,1949,Truman
1135,620,649,1949,Truman
1136,620,649,1949,Truman
1137,620,649,1949,Truman
1138,621,649,1949,Truman
1139,621,649,1949,Truman
1140,622,649,1949,Truman
1141,622,649,1949,Truman
1142,622,649,1949,Truman
1143,622,649,1949,Truman
1144,623,649,1949,Truman
1145,623,649,1949,Truman
1146,623,649,1949,Truman
1147,624,649,1949,Truman
1148,624,649,1949,Truman
1149,624,649,1949,Truman
1150,625,649,1949,Truman
1151,626,649,1949,Truman
1152,626,649,1949,Truman
1153,627,649,1949,Truman
1154,627,649,1949,Truman
1155,627,649,1949,Truman
1156,628,649,1949,Truman
1157,629,649,1949,Truman
1158,629,649,1949,Truman
1159,630,649,1949,Truman
1160,631,649,1949,Truman
1161,631,649,1949,Truman
1162,631,649,1949,Truman
1163,632,649,1949,Truman
1164,632,649,1949,Truman
1165,632,649,1949,Truman
1166,632,649,1949,Truman
1167,632,649,1949,Truman
1168,632,649,1949,Truman
1169,633,649,1949,Truman
1170,633,649,1949,Truman
1171,634,649,1949,Truman
1172,635,649,1949,Truman
1173,636,649,1949,Truman
1174,636,649,1949,Truman
1175,636,649,1949,Truman
1176,636,649,1949,Truman
1177,636,649,1949,Truman
1178,636,649,1949,Truman
1179,636,649,1949,Truman
1180,637,649,1949,Truman
1181,637,649,1949,Truman
1182,637,649,1949,Truman
1183,637,649,1949,Truman
1184,637,649,1949,Truman
1185,638,649,1949,Truman
1186,638,649,1949,Truman
1187,638,649,1949,Truman
1188,638,649,1949,Truman
1189,639,649,1949,Truman
1190,640,649,1949,Truman
1191,641,649,1949,Truman
1192,641,649,1949,Truman
1193,641,649,1949,Truman
1194,641,649,1949,Truman
1195,641,649,1949,Truman
1196,641,649,1949,Truman
1197,642,649,1949,Truman
1198,642,649,1949,Truman
1199,642,649,1949,Truman
1200,642,649,1949,Truman
1201,643,649,1949,Truman
1202,643,649,1949,Truman
1203,643,649,1949,Truman
1204,644,649,1949,Truman
1205,644,649,1949,Truman
1206,645,649,1949,Truman
1207,645,649,1949,Truman
1208,645,649,1949,Truman
1209,645,649,1949,Truman
1210,645,649,1949,Truman
1211,645,649,1949,Truman
1212,645,649,1949,Truman
1213,646,649,1949,Truman
1214,646,649,1949,Truman
1215,647,649,1949,Truman
1216,647,649,1949,Truman
1217,647,649,1949,Truman
1218,648,649,1949,Truman
1219,648,649,1949,Truman
1220,648,649,1949,Truman
1221,648,649,1949,Truman
1222,648,649,1949,Truman
1223,648,649,1949,Truman
1224,648,649,1949,Truman
1225,649,649,1949,Truman
1226,649,649,1949,Truman
1227,649,649,1949,Truman
1228,649,649,1949,Truman
1229,649,649,1949,Truman
