0,1,739,1981,Reagan
1,2,739,1981,Reagan
2,3,739,1981,Reagan
3,4,739,1981,Reagan
4,5,739,1981,Reagan
5,5,739,1981,Reagan
6,6,739,1981,Reagan
7,7,739,1981,Reagan
8,7,739,1981,Reagan
9,8,739,1981,Reagan
10,8,739,1981,Reagan
11,8,739,1981,Reagan
12,9,739,1981,Reagan
13,9,739,1981,Reagan
14,10,739,1981,Reagan
15,11,739,1981,Reagan
16,12,739,1981,Reagan
17,13,739,1981,Reagan
18,14,739,1981,Reagan
19,15,739,1981,Reagan
20,16,739,1981,Reagan
21,17,739,1981,Reagan
22,18,739,1981,Reagan
23,19,739,1981,Reagan
24,20,739,1981,Reagan
25,21,739,1981,Reagan
26,22,739,1981,Reagan
27,23,739,1981,Reagan
28,24,739,1981,Reagan
29,25,739,1981,Reagan
30,26,739,1981,Reagan
31,27,739,1981,Reagan
32,28,739,1981,Reagan
33,29,739,1981,Reagan
34,30,739,1981,Reagan
35,31,739,1981,Reagan
36,32,739,1981,Reagan
37,33,739,1981,Reagan
38,34,739,1981,Reagan
39,35,739,1981,Reagan
40,36,739,1981,Reagan
41,37,739,1981,Reagan
42,38,739,1981,Reagan
43,39,739,1981,Reagan
44,40,739,1981,Reagan
45,40,739,1981,Reagan
46,41,739,1981,Reagan
47,42,739,1981,Reagan
48,43,739,1981,Reagan
49,44,739,1981,Reagan
50,45,739,1981,Reagan
51,46,739,1981,Reagan
52,47,739,1981,Reagan
53,48,739,1981,Reagan
54,49,739,1981,Reagan
55,50,739,1981,Reagan
56,51,739,1981,Reagan
57,52,739,1981,Reagan
58,53,739,1981,Reagan
59,54,739,1981,Reagan
60,55,739,1981,Reagan
61,56,739,1981,Reagan
62,56,739,1981,Reagan
63,56,739,1981,Reagan
64,57,739,1981,Reagan
65,58,739,1981,Reagan
66,58,739,1981,Reagan
67,58,739,1981,Reagan
68,59,739,1981,Reagan
69,60,739,1981,Reagan
70,61,739,1981,Reagan
71,62,739,1981,Reagan
72,63,739,1981,Reagan
73,64,739,1981,Reagan
74,65,739,1981,Reagan
75,66,739,1981,Reagan
76,67,739,1981,Reagan
77,68,739,1981,Reagan
78,69,739,1981,Reagan
79,69,739,1981,Reagan
80,70,739,1981,Reagan
81,71,739,1981,Reagan
82,72,739,1981,Reagan
83,73,739,1981,Reagan
84,74,739,1981,Reagan
85,75,739,1981,Reagan
86,76,739,1981,Reagan
87,77,739,1981,Reagan
88,78,739,1981,Reagan
89,79,739,1981,Reagan
90,80,739,1981,Reagan
91,80,739,1981,Reagan
92,81,739,1981,Reagan
93,81,739,1981,Reagan
94,82,739,1981,Reagan
95,82,739,1981,Reagan
96,83,739,1981,Reagan
97,84,739,1981,Reagan
98,85,739,1981,Reagan
99,85,739,1981,Reagan
100,86,739,1981,Reagan
101,86,739,1981,Reagan
102,87,739,1981,Reagan
103,88,739,1981,Reagan
104,89,739,1981,Reagan
105,89,739,1981,Reagan
106,90,739,1981,Reagan
107,91,739,1981,Reagan
108,92,739,1981,Reagan
109,93,739,1981,Reagan
110,94,739,1981,Reagan
111,95,739,1981,Reagan
112,96,739,1981,Reagan
113,97,739,1981,Reagan
114,98,739,1981,Reagan
115,99,739,1981,Reagan
116,100,739,1981,Reagan
117,101,739,1981,Reagan
118,102,739,1981,Reagan
119,103,739,1981,Reagan
120,103,739,1981,Reagan
121,104,739,1981,Reagan
122,105,739,1981,Reagan
123,105,739,1981,Reagan
124,106,739,1981,Reagan
125,107,739,1981,Reagan
126,108,739,1981,Reagan
127,109,739,1981,Reagan
128,110,739,1981,Reagan
129,111,739,1981,Reagan
130,112,739,1981,Reagan
131,113,739,1981,Reagan
132,114,739,1981,Reagan
133,115,739,1981,Reagan
134,115,739,1981,Reagan
135,116,739,1981,Reagan
136,117,739,1981,Reagan
137,118,739,1981,Reagan
138,119,739,1981,Reagan
139,119,739,1981,Reagan
140,120,739,1981,Reagan
141,121,739,1981,Reagan
142,122,739,1981,Reagan
143,123,739,1981,Reagan
144,124,739,1981,Reagan
145,125,739,1981,Reagan
146,126,739,1981,Reagan
147,127,739,1981,Reagan
148,128,739,1981,Reagan
149,129,739,1981,Reagan
150,130,739,1981,Reagan
151,131,739,1981,Reagan
152,132,739,1981,Reagan
153,133,739,1981,Reagan
154,134,739,1981,Reagan
155,135,739,1981,Reagan
156,136,739,1981,Reagan
157,136,739,1981,Reagan
158,136,739,1981,Reagan
159,137,739,1981,Reagan
160,138,739,1981,Reagan
161,139,739,1981,Reagan
162,139,739,1981,Reagan
163,139,739,1981,Reagan
164,140,739,1981,Reagan
165,141,739,1981,Reagan
166,142,739,1981,Reagan
167,142,739,1981,Reagan
168,142,739,1981,Reagan
169,143,739,1981,Reagan
170,144,739,1981,Reagan
171,145,739,1981,Reagan
172,146,739,1981,Reagan
173,147,739,1981,Reagan
174,148,739,1981,Reagan
175,149,739,1981,Reagan
176,150,739,1981,Reagan
177,151,739,1981,Reagan
178,152,739,1981,Reagan
179,152,739,1981,Reagan
180,153,739,1981,Reagan
181,154,739,1981,Reagan
182,155,739,1981,Reagan
183,155,739,1981,Reagan
184,156,739,1981,Reagan
185,157,739,1981,Reagan
186,158,739,1981,Reagan
187,158,739,1981,Reagan
188,159,739,1981,Reagan
189,160,739,1981,Reagan
190,161,739,1981,Reagan
191,161,739,1981,Reagan
192,162,739,1981,Reagan
193,163,739,1981,Reagan
194,164,739,1981,Reagan
195,164,739,1981,Reagan
196,164,739,1981,Reagan
197,165,739,1981,Reagan
198,166,739,1981,Reagan
199,166,739,1981,Reagan
200,166,739,1981,Reagan
201,167,739,1981,Reagan
202,168,739,1981,Reagan
203,169,739,1981,Reagan
204,170,739,1981,Reagan
205,171,739,1981,Reagan
206,172,739,1981,Reagan
207,173,739,1981,Reagan
208,174,739,1981,Reagan
209,174,739,1981,Reagan
210,175,739,1981,Reagan
211,175,739,1981,Reagan
212,176,739,1981,Reagan
213,177,739,1981,Reagan
214,177,739,1981,Reagan
215,178,739,1981,Reagan
216,179,739,1981,Reagan
217,179,739,1981,Reagan
218,180,739,1981,Reagan
219,181,739,1981,Reagan
220,182,739,1981,Reagan
221,183,739,1981,Reagan
222,184,739,1981,Reagan
223,185,739,1981,Reagan
224,186,739,1981,Reagan
225,187,739,1981,Reagan
226,187,739,1981,Reagan
227,188,739,1981,Reagan
228,188,739,1981,Reagan
229,188,739,1981,Reagan
230,188,739,1981,Reagan
231,189,739,1981,Reagan
232,189,739,1981,Reagan
233,190,739,1981,Reagan
234,190,739,1981,Reagan
235,190,739,1981,Reagan
236,191,739,1981,Reagan
237,191,739,1981,Reagan
238,192,739,1981,Reagan
239,192,739,1981,Reagan
240,193,739,1981,Reagan
241,194,739,1981,Reagan
242,195,739,1981,Reagan
243,196,739,1981,Reagan
244,196,739,1981,Reagan
245,196,739,1981,Reagan
246,196,739,1981,Reagan
247,196,739,1981,Reagan
248,196,739,1981,Reagan
249,197,739,1981,Reagan
250,198,739,1981,Reagan
251,199,739,1981,Reagan
252,200,739,1981,Reagan
253,201,739,1981,Reagan
254,202,739,1981,Reagan
255,202,739,1981,Reagan
256,203,739,1981,Reagan
257,204,739,1981,Reagan
258,205,739,1981,Reagan
259,206,739,1981,Reagan
260,206,739,1981,Reagan
261,206,739,1981,Reagan
262,207,739,1981,Reagan
263,208,739,1981,Reagan
264,209,739,1981,Reagan
265,210,739,1981,Reagan
266,211,739,1981,Reagan
267,211,739,1981,Reagan
268,211,739,1981,Reagan
269,212,739,1981,Reagan
270,213,739,1981,Reagan
271,214,739,1981,Reagan
272,215,739,1981,Reagan
273,216,739,1981,Reagan
274,217,739,1981,Reagan
275,218,739,1981,Reagan
276,219,739,1981,Reagan
277,219,739,1981,Reagan
278,220,739,1981,Reagan
279,221,739,1981,Reagan
280,222,739,1981,Reagan
281,222,739,1981,Reagan
282,222,739,1981,Reagan
283,222,739,1981,Reagan
284,222,739,1981,Reagan
285,223,739,1981,Reagan
286,223,739,1981,Reagan
287,224,739,1981,Reagan
288,225,739,1981,Reagan
289,225,739,1981,Reagan
290,225,739,1981,Reagan
291,225,739,1981,Reagan
292,226,739,1981,Reagan
293,227,739,1981,Reagan
294,228,739,1981,Reagan
295,229,739,1981,Reagan
296,229,739,1981,Reagan
297,230,739,1981,Reagan
298,230,739,1981,Reagan
299,230,739,1981,Reagan
300,231,739,1981,Reagan
301,231,739,1981,Reagan
302,231,739,1981,Reagan
303,231,739,1981,Reagan
304,232,739,1981,Reagan
305,232,739,1981,Reagan
306,233,739,1981,Reagan
307,233,739,1981,Reagan
308,233,739,1981,Reagan
309,234,739,1981,Reagan
310,235,739,1981,Reagan
311,236,739,1981,Reagan
312,237,739,1981,Reagan
313,237,739,1981,Reagan
314,238,739,1981,Reagan
315,238,739,1981,Reagan
316,239,739,1981,Reagan
317,240,739,1981,Reagan
318,240,739,1981,Reagan
319,241,739,1981,Reagan
320,242,739,1981,Reagan
321,242,739,1981,Reagan
322,242,739,1981,Reagan
323,242,739,1981,Reagan
324,242,739,1981,Reagan
325,242,739,1981,Reagan
326,243,739,1981,Reagan
327,243,739,1981,Reagan
328,243,739,1981,Reagan
329,244,739,1981,Reagan
330,245,739,1981,Reagan
331,246,739,1981,Reagan
332,247,739,1981,Reagan
333,248,739,1981,Reagan
334,249,739,1981,Reagan
335,249,739,1981,Reagan
336,250,739,1981,Reagan
337,251,739,1981,Reagan
338,251,739,1981,Reagan
339,252,739,1981,Reagan
340,253,739,1981,Reagan
341,254,739,1981,Reagan
342,255,739,1981,Reagan
343,256,739,1981,Reagan
344,257,739,1981,Reagan
345,258,739,1981,Reagan
346,259,739,1981,Reagan
347,260,739,1981,Reagan
348,261,739,1981,Reagan
349,262,739,1981,Reagan
350,262,739,1981,Reagan
351,262,739,1981,Reagan
352,263,739,1981,Reagan
353,264,739,1981,Reagan
354,264,739,1981,Reagan
355,265,739,1981,Reagan
356,266,739,1981,Reagan
357,267,739,1981,Reagan
358,268,739,1981,Reagan
359,269,739,1981,Reagan
360,270,739,1981,Reagan
361,271,739,1981,Reagan
362,271,739,1981,Reagan
363,272,739,1981,Reagan
364,272,739,1981,Reagan
365,272,739,1981,Reagan
366,273,739,1981,Reagan
367,273,739,1981,Reagan
368,273,739,1981,Reagan
369,274,739,1981,Reagan
370,275,739,1981,Reagan
371,276,739,1981,Reagan
372,277,739,1981,Reagan
373,278,739,1981,Reagan
374,279,739,1981,Reagan
375,280,739,1981,Reagan
376,281,739,1981,Reagan
377,282,739,1981,Reagan
378,283,739,1981,Reagan
379,283,739,1981,Reagan
380,284,739,1981,Reagan
381,285,739,1981,Reagan
382,286,739,1981,Reagan
383,287,739,1981,Reagan
384,288,739,1981,Reagan
385,289,739,1981,Reagan
386,290,739,1981,Reagan
387,290,739,1981,Reagan
388,290,739,1981,Reagan
389,290,739,1981,Reagan
390,290,739,1981,Reagan
391,290,739,1981,Reagan
392,290,739,1981,Reagan
393,291,739,1981,Reagan
394,291,739,1981,Reagan
395,291,739,1981,Reagan
396,292,739,1981,Reagan
397,292,739,1981,Reagan
398,293,739,1981,Reagan
399,294,739,1981,Reagan
400,295,739,1981,Reagan
401,296,739,1981,Reagan
402,296,739,1981,Reagan
403,296,739,1981,Reagan
404,297,739,1981,Reagan
405,298,739,1981,Reagan
406,298,739,1981,Reagan
407,299,739,1981,Reagan
408,299,739,1981,Reagan
409,299,739,1981,Reagan
410,299,739,1981,Reagan
411,300,739,1981,Reagan
412,301,739,1981,Reagan
413,301,739,1981,Reagan
414,302,739,1981,Reagan
415,303,739,1981,Reagan
416,303,739,1981,Reagan
417,304,739,1981,Reagan
418,305,739,1981,Reagan
419,305,739,1981,Reagan
420,306,739,1981,Reagan
421,307,739,1981,Reagan
422,308,739,1981,Reagan
423,308,739,1981,Reagan
424,309,739,1981,Reagan
425,309,739,1981,Reagan
426,310,739,1981,Reagan
427,310,739,1981,Reagan
428,310,739,1981,Reagan
429,310,739,1981,Reagan
430,310,739,1981,Reagan
431,311,739,1981,Reagan
432,311,739,1981,Reagan
433,311,739,1981,Reagan
434,311,739,1981,Reagan
435,312,739,1981,Reagan
436,313,739,1981,Reagan
437,313,739,1981,Reagan
438,314,739,1981,Reagan
439,314,739,1981,Reagan
440,314,739,1981,Reagan
441,314,739,1981,Reagan
442,314,739,1981,Reagan
443,315,739,1981,Reagan
444,315,739,1981,Reagan
445,315,739,1981,Reagan
446,316,739,1981,Reagan
447,317,739,1981,Reagan
448,318,739,1981,Reagan
449,318,739,1981,Reagan
450,318,739,1981,Reagan
451,318,739,1981,Reagan
452,319,739,1981,Reagan
453,320,739,1981,Reagan
454,321,739,1981,Reagan
455,321,739,1981,Reagan
456,322,739,1981,Reagan
457,323,739,1981,Reagan
458,324,739,1981,Reagan
459,324,739,1981,Reagan
460,325,739,1981,Reagan
461,326,739,1981,Reagan
462,326,739,1981,Reagan
463,327,739,1981,Reagan
464,328,739,1981,Reagan
465,329,739,1981,Reagan
466,330,739,1981,Reagan
467,331,739,1981,Reagan
468,332,739,1981,Reagan
469,333,739,1981,Reagan
470,334,739,1981,Reagan
471,335,739,1981,Reagan
472,335,739,1981,Reagan
473,335,739,1981,Reagan
474,335,739,1981,Reagan
475,335,739,1981,Reagan
476,336,739,1981,Reagan
477,336,739,1981,Reagan
478,336,739,1981,Reagan
479,336,739,1981,Reagan
480,336,739,1981,Reagan
481,336,739,1981,Reagan
482,337,739,1981,Reagan
483,337,739,1981,Reagan
484,337,739,1981,Reagan
485,338,739,1981,Reagan
486,338,739,1981,Reagan
487,338,739,1981,Reagan
488,339,739,1981,Reagan
489,339,739,1981,Reagan
490,339,739,1981,Reagan
491,340,739,1981,Reagan
492,340,739,1981,Reagan
493,340,739,1981,Reagan
494,340,739,1981,Reagan
495,340,739,1981,Reagan
496,340,739,1981,Reagan
497,341,739,1981,Reagan
498,341,739,1981,Reagan
499,341,739,1981,Reagan
500,341,739,1981,Reagan
501,341,739,1981,Reagan
502,341,739,1981,Reagan
503,342,739,1981,Reagan
504,343,739,1981,Reagan
505,344,739,1981,Reagan
506,344,739,1981,Reagan
507,344,739,1981,Reagan
508,344,739,1981,Reagan
509,345,739,1981,Reagan
510,345,739,1981,Reagan
511,346,739,1981,Reagan
512,347,739,1981,Reagan
513,347,739,1981,Reagan
514,348,739,1981,Reagan
515,349,739,1981,Reagan
516,350,739,1981,Reagan
517,351,739,1981,Reagan
518,351,739,1981,Reagan
519,351,739,1981,Reagan
520,352,739,1981,Reagan
521,352,739,1981,Reagan
522,353,739,1981,Reagan
523,353,739,1981,Reagan
524,353,739,1981,Reagan
525,354,739,1981,Reagan
526,355,739,1981,Reagan
527,356,739,1981,Reagan
528,356,739,1981,Reagan
529,357,739,1981,Reagan
530,357,739,1981,Reagan
531,357,739,1981,Reagan
532,358,739,1981,Reagan
533,359,739,1981,Reagan
534,359,739,1981,Reagan
535,359,739,1981,Reagan
536,360,739,1981,Reagan
537,360,739,1981,Reagan
538,361,739,1981,Reagan
539,362,739,1981,Reagan
540,362,739,1981,Reagan
541,362,739,1981,Reagan
542,362,739,1981,Reagan
543,362,739,1981,Reagan
544,362,739,1981,Reagan
545,362,739,1981,Reagan
546,363,739,1981,Reagan
547,364,739,1981,Reagan
548,365,739,1981,Reagan
549,365,739,1981,Reagan
550,365,739,1981,Reagan
551,365,739,1981,Reagan
552,366,739,1981,Reagan
553,366,739,1981,Reagan
554,367,739,1981,Reagan
555,368,739,1981,Reagan
556,369,739,1981,Reagan
557,370,739,1981,Reagan
558,371,739,1981,Reagan
559,371,739,1981,Reagan
560,372,739,1981,Reagan
561,373,739,1981,Reagan
562,374,739,1981,Reagan
563,374,739,1981,Reagan
564,374,739,1981,Reagan
565,374,739,1981,Reagan
566,374,739,1981,Reagan
567,374,739,1981,Reagan
568,375,739,1981,Reagan
569,375,739,1981,Reagan
570,375,739,1981,Reagan
571,376,739,1981,Reagan
572,377,739,1981,Reagan
573,378,739,1981,Reagan
574,378,739,1981,Reagan
575,379,739,1981,Reagan
576,379,739,1981,Reagan
577,379,739,1981,Reagan
578,380,739,1981,Reagan
579,381,739,1981,Reagan
580,382,739,1981,Reagan
581,382,739,1981,Reagan
582,382,739,1981,Reagan
583,383,739,1981,Reagan
584,383,739,1981,Reagan
585,384,739,1981,Reagan
586,384,739,1981,Reagan
587,384,739,1981,Reagan
588,384,739,1981,Reagan
589,385,739,1981,Reagan
590,385,739,1981,Reagan
591,385,739,1981,Reagan
592,385,739,1981,Reagan
593,386,739,1981,Reagan
594,386,739,1981,Reagan
595,387,739,1981,Reagan
596,387,739,1981,Reagan
597,387,739,1981,Reagan
598,387,739,1981,Reagan
599,388,739,1981,Reagan
600,388,739,1981,Reagan
601,389,739,1981,Reagan
602,389,739,1981,Reagan
603,389,739,1981,Reagan
604,390,739,1981,Reagan
605,391,739,1981,Reagan
606,392,739,1981,Reagan
607,392,739,1981,Reagan
608,392,739,1981,Reagan
609,392,739,1981,Reagan
610,392,739,1981,Reagan
611,392,739,1981,Reagan
612,393,739,1981,Reagan
613,394,739,1981,Reagan
614,394,739,1981,Reagan
615,394,739,1981,Reagan
616,395,739,1981,Reagan
617,395,739,1981,Reagan
618,396,739,1981,Reagan
619,396,739,1981,Reagan
620,396,739,1981,Reagan
621,397,739,1981,Reagan
622,397,739,1981,Reagan
623,398,739,1981,Reagan
624,398,739,1981,Reagan
625,398,739,1981,Reagan
626,398,739,1981,Reagan
627,399,739,1981,Reagan
628,399,739,1981,Reagan
629,399,739,1981,Reagan
630,399,739,1981,Reagan
631,399,739,1981,Reagan
632,399,739,1981,Reagan
633,400,739,1981,Reagan
634,401,739,1981,Reagan
635,402,739,1981,Reagan
636,403,739,1981,Reagan
637,404,739,1981,Reagan
638,405,739,1981,Reagan
639,405,739,1981,Reagan
640,406,739,1981,Reagan
641,406,739,1981,Reagan
642,406,739,1981,Reagan
643,406,739,1981,Reagan
644,406,739,1981,Reagan
645,407,739,1981,Reagan
646,407,739,1981,Reagan
647,408,739,1981,Reagan
648,409,739,1981,Reagan
649,409,739,1981,Reagan
650,409,739,1981,Reagan
651,410,739,1981,Reagan
652,411,739,1981,Reagan
653,411,739,1981,Reagan
654,411,739,1981,Reagan
655,412,739,1981,Reagan
656,412,739,1981,Reagan
657,412,739,1981,Reagan
658,413,739,1981,Reagan
659,413,739,1981,Reagan
660,414,739,1981,Reagan
661,414,739,1981,Reagan
662,414,739,1981,Reagan
663,414,739,1981,Reagan
664,415,739,1981,Reagan
665,416,739,1981,Reagan
666,416,739,1981,Reagan
667,417,739,1981,Reagan
668,417,739,1981,Reagan
669,417,739,1981,Reagan
670,418,739,1981,Reagan
671,419,739,1981,Reagan
672,419,739,1981,Reagan
673,420,739,1981,Reagan
674,421,739,1981,Reagan
675,422,739,1981,Reagan
676,423,739,1981,Reagan
677,424,739,1981,Reagan
678,425,739,1981,Reagan
679,426,739,1981,Reagan
680,427,739,1981,Reagan
681,428,739,1981,Reagan
682,428,739,1981,Reagan
683,429,739,1981,Reagan
684,430,739,1981,Reagan
685,430,739,1981,Reagan
686,430,739,1981,Reagan
687,430,739,1981,Reagan
688,431,739,1981,Reagan
689,432,739,1981,Reagan
690,433,739,1981,Reagan
691,433,739,1981,Reagan
692,433,739,1981,Reagan
693,434,739,1981,Reagan
694,434,739,1981,Reagan
695,434,739,1981,Reagan
696,435,739,1981,Reagan
697,435,739,1981,Reagan
698,435,739,1981,Reagan
699,436,739,1981,Reagan
700,436,739,1981,Reagan
701,437,739,1981,Reagan
702,437,739,1981,Reagan
703,438,739,1981,Reagan
704,438,739,1981,Reagan
705,438,739,1981,Reagan
706,439,739,1981,Reagan
707,439,739,1981,Reagan
708,439,739,1981,Reagan
709,439,739,1981,Reagan
710,439,739,1981,Reagan
711,439,739,1981,Reagan
712,439,739,1981,Reagan
713,440,739,1981,Reagan
714,440,739,1981,Reagan
715,441,739,1981,Reagan
716,442,739,1981,Reagan
717,443,739,1981,Reagan
718,443,739,1981,Reagan
719,444,739,1981,Reagan
720,445,739,1981,Reagan
721,446,739,1981,Reagan
722,447,739,1981,Reagan
723,448,739,1981,Reagan
724,448,739,1981,Reagan
725,449,739,1981,Reagan
726,450,739,1981,Reagan
727,451,739,1981,Reagan
728,452,739,1981,Reagan
729,452,739,1981,Reagan
730,452,739,1981,Reagan
731,452,739,1981,Reagan
732,452,739,1981,Reagan
733,452,739,1981,Reagan
734,452,739,1981,Reagan
735,452,739,1981,Reagan
736,453,739,1981,Reagan
737,453,739,1981,Reagan
738,454,739,1981,Reagan
739,455,739,1981,Reagan
740,456,739,1981,Reagan
741,457,739,1981,Reagan
742,457,739,1981,Reagan
743,458,739,1981,Reagan
744,458,739,1981,Reagan
745,458,739,1981,Reagan
746,458,739,1981,Reagan
747,459,739,1981,Reagan
748,460,739,1981,Reagan
749,461,739,1981,Reagan
750,461,739,1981,Reagan
751,462,739,1981,Reagan
752,463,739,1981,Reagan
753,464,739,1981,Reagan
754,464,739,1981,Reagan
755,464,739,1981,Reagan
756,465,739,1981,Reagan
757,465,739,1981,Reagan
758,466,739,1981,Reagan
759,466,739,1981,Reagan
760,467,739,1981,Reagan
761,468,739,1981,Reagan
762,468,739,1981,Reagan
763,469,739,1981,Reagan
764,469,739,1981,Reagan
765,469,739,1981,Reagan
766,469,739,1981,Reagan
767,470,739,1981,Reagan
768,470,739,1981,Reagan
769,471,739,1981,Reagan
770,472,739,1981,Reagan
771,473,739,1981,Reagan
772,474,739,1981,Reagan
773,474,739,1981,Reagan
774,475,739,1981,Reagan
775,475,739,1981,Reagan
776,476,739,1981,Reagan
777,476,739,1981,Reagan
778,477,739,1981,Reagan
779,478,739,1981,Reagan
780,479,739,1981,Reagan
781,480,739,1981,Reagan
782,481,739,1981,Reagan
783,481,739,1981,Reagan
784,482,739,1981,Reagan
785,483,739,1981,Reagan
786,484,739,1981,Reagan
787,485,739,1981,Reagan
788,486,739,1981,Reagan
789,487,739,1981,Reagan
790,488,739,1981,Reagan
791,488,739,1981,Reagan
792,489,739,1981,Reagan
793,489,739,1981,Reagan
794,490,739,1981,Reagan
795,491,739,1981,Reagan
796,492,739,1981,Reagan
797,493,739,1981,Reagan
798,493,739,1981,Reagan
799,493,739,1981,Reagan
800,494,739,1981,Reagan
801,494,739,1981,Reagan
802,495,739,1981,Reagan
803,496,739,1981,Reagan
804,496,739,1981,Reagan
805,496,739,1981,Reagan
806,496,739,1981,Reagan
807,497,739,1981,Reagan
808,498,739,1981,Reagan
809,499,739,1981,Reagan
810,500,739,1981,Reagan
811,501,739,1981,Reagan
812,502,739,1981,Reagan
813,503,739,1981,Reagan
814,504,739,1981,Reagan
815,504,739,1981,Reagan
816,505,739,1981,Reagan
817,505,739,1981,Reagan
818,505,739,1981,Reagan
819,505,739,1981,Reagan
820,506,739,1981,Reagan
821,507,739,1981,Reagan
822,508,739,1981,Reagan
823,509,739,1981,Reagan
824,510,739,1981,Reagan
825,510,739,1981,Reagan
826,511,739,1981,Reagan
827,512,739,1981,Reagan
828,513,739,1981,Reagan
829,513,739,1981,Reagan
830,513,739,1981,Reagan
831,513,739,1981,Reagan
832,513,739,1981,Reagan
833,514,739,1981,Reagan
834,515,739,1981,Reagan
835,515,739,1981,Reagan
836,516,739,1981,Reagan
837,517,739,1981,Reagan
838,517,739,1981,Reagan
839,517,739,1981,Reagan
840,518,739,1981,Reagan
841,519,739,1981,Reagan
842,520,739,1981,Reagan
843,520,739,1981,Reagan
844,521,739,1981,Reagan
845,522,739,1981,Reagan
846,522,739,1981,Reagan
847,522,739,1981,Reagan
848,522,739,1981,Reagan
849,523,739,1981,Reagan
850,523,739,1981,Reagan
851,524,739,1981,Reagan
852,524,739,1981,Reagan
853,524,739,1981,Reagan
854,524,739,1981,Reagan
855,524,739,1981,Reagan
856,524,739,1981,Reagan
857,525,739,1981,Reagan
858,525,739,1981,Reagan
859,525,739,1981,Reagan
860,525,739,1981,Reagan
861,525,739,1981,Reagan
862,525,739,1981,Reagan
863,526,739,1981,Reagan
864,526,739,1981,Reagan
865,526,739,1981,Reagan
866,526,739,1981,Reagan
867,526,739,1981,Reagan
868,526,739,1981,Reagan
869,526,739,1981,Reagan
870,526,739,1981,Reagan
871,526,739,1981,Reagan
872,527,739,1981,Reagan
873,527,739,1981,Reagan
874,527,739,1981,Reagan
875,528,739,1981,Reagan
876,528,739,1981,Reagan
877,528,739,1981,Reagan
878,529,739,1981,Reagan
879,529,739,1981,Reagan
880,530,739,1981,Reagan
881,530,739,1981,Reagan
882,530,739,1981,Reagan
883,530,739,1981,Reagan
884,531,739,1981,Reagan
885,532,739,1981,Reagan
886,532,739,1981,Reagan
887,532,739,1981,Reagan
888,533,739,1981,Reagan
889,534,739,1981,Reagan
890,535,739,1981,Reagan
891,536,739,1981,Reagan
892,536,739,1981,Reagan
893,537,739,1981,Reagan
894,538,739,1981,Reagan
895,538,739,1981,Reagan
896,539,739,1981,Reagan
897,540,739,1981,Reagan
898,540,739,1981,Reagan
899,540,739,1981,Reagan
900,541,739,1981,Reagan
901,542,739,1981,Reagan
902,543,739,1981,Reagan
903,544,739,1981,Reagan
904,544,739,1981,Reagan
905,545,739,1981,Reagan
906,546,739,1981,Reagan
907,547,739,1981,Reagan
908,548,739,1981,Reagan
909,548,739,1981,Reagan
910,549,739,1981,Reagan
911,550,739,1981,Reagan
912,551,739,1981,Reagan
913,551,739,1981,Reagan
914,552,739,1981,Reagan
915,553,739,1981,Reagan
916,553,739,1981,Reagan
917,553,739,1981,Reagan
918,554,739,1981,Reagan
919,555,739,1981,Reagan
920,555,739,1981,Reagan
921,555,739,1981,Reagan
922,555,739,1981,Reagan
923,556,739,1981,Reagan
924,557,739,1981,Reagan
925,558,739,1981,Reagan
926,558,739,1981,Reagan
927,558,739,1981,Reagan
928,559,739,1981,Reagan
929,559,739,1981,Reagan
930,560,739,1981,Reagan
931,560,739,1981,Reagan
932,561,739,1981,Reagan
933,562,739,1981,Reagan
934,563,739,1981,Reagan
935,564,739,1981,Reagan
936,565,739,1981,Reagan
937,566,739,1981,Reagan
938,567,739,1981,Reagan
939,567,739,1981,Reagan
940,567,739,1981,Reagan
941,568,739,1981,Reagan
942,568,739,1981,Reagan
943,568,739,1981,Reagan
944,569,739,1981,Reagan
945,569,739,1981,Reagan
946,569,739,1981,Reagan
947,570,739,1981,Reagan
948,570,739,1981,Reagan
949,571,739,1981,Reagan
950,572,739,1981,Reagan
951,573,739,1981,Reagan
952,573,739,1981,Reagan
953,573,739,1981,Reagan
954,573,739,1981,Reagan
955,574,739,1981,Reagan
956,574,739,1981,Reagan
957,574,739,1981,Reagan
958,575,739,1981,Reagan
959,576,739,1981,Reagan
960,576,739,1981,Reagan
961,576,739,1981,Reagan
962,577,739,1981,Reagan
963,578,739,1981,Reagan
964,578,739,1981,Reagan
965,579,739,1981,Reagan
966,579,739,1981,Reagan
967,579,739,1981,Reagan
968,579,739,1981,Reagan
969,579,739,1981,Reagan
970,579,739,1981,Reagan
971,579,739,1981,Reagan
972,579,739,1981,Reagan
973,579,739,1981,Reagan
974,579,739,1981,Reagan
975,579,739,1981,Reagan
976,579,739,1981,Reagan
977,580,739,1981,Reagan
978,581,739,1981,Reagan
979,582,739,1981,Reagan
980,583,739,1981,Reagan
981,583,739,1981,Reagan
982,583,739,1981,Reagan
983,583,739,1981,Reagan
984,584,739,1981,Reagan
985,585,739,1981,Reagan
986,586,739,1981,Reagan
987,587,739,1981,Reagan
988,588,739,1981,Reagan
989,589,739,1981,Reagan
990,589,739,1981,Reagan
991,589,739,1981,Reagan
992,590,739,1981,Reagan
993,591,739,1981,Reagan
994,591,739,1981,Reagan
995,591,739,1981,Reagan
996,591,739,1981,Reagan
997,591,739,1981,Reagan
998,591,739,1981,Reagan
999,591,739,1981,Reagan
1000,592,739,1981,Reagan
1001,592,739,1981,Reagan
1002,592,739,1981,Reagan
1003,592,739,1981,Reagan
1004,592,739,1981,Reagan
1005,593,739,1981,Reagan
1006,594,739,1981,Reagan
1007,594,739,1981,Reagan
1008,594,739,1981,Reagan
1009,595,739,1981,Reagan
1010,595,739,1981,Reagan
1011,595,739,1981,Reagan
1012,595,739,1981,Reagan
1013,596,739,1981,Reagan
1014,596,739,1981,Reagan
1015,596,739,1981,Reagan
1016,597,739,1981,Reagan
1017,597,739,1981,Reagan
1018,597,739,1981,Reagan
1019,597,739,1981,Reagan
1020,597,739,1981,Reagan
1021,597,739,1981,Reagan
1022,597,739,1981,Reagan
1023,598,739,1981,Reagan
1024,599,739,1981,Reagan
1025,600,739,1981,Reagan
1026,601,739,1981,Reagan
1027,601,739,1981,Reagan
1028,602,739,1981,Reagan
1029,603,739,1981,Reagan
1030,604,739,1981,Reagan
1031,605,739,1981,Reagan
1032,606,739,1981,Reagan
1033,606,739,1981,Reagan
1034,607,739,1981,Reagan
1035,607,739,1981,Reagan
1036,608,739,1981,Reagan
1037,609,739,1981,Reagan
1038,610,739,1981,Reagan
1039,611,739,1981,Reagan
1040,612,739,1981,Reagan
1041,612,739,1981,Reagan
1042,612,739,1981,Reagan
1043,613,739,1981,Reagan
1044,613,739,1981,Reagan
1045,614,739,1981,Reagan
1046,614,739,1981,Reagan
1047,615,739,1981,Reagan
1048,616,739,1981,Reagan
1049,616,739,1981,Reagan
1050,617,739,1981,Reagan
1051,618,739,1981,Reagan
1052,618,739,1981,Reagan
1053,618,739,1981,Reagan
1054,618,739,1981,Reagan
1055,618,739,1981,Reagan
1056,619,739,1981,Reagan
1057,620,739,1981,Reagan
1058,621,739,1981,Reagan
1059,622,739,1981,Reagan
1060,623,739,1981,Reagan
1061,624,739,1981,Reagan
1062,624,739,1981,Reagan
1063,625,739,1981,Reagan
1064,626,739,1981,Reagan
1065,627,739,1981,Reagan
1066,628,739,1981,Reagan
1067,629,739,1981,Reagan
1068,629,739,1981,Reagan
1069,629,739,1981,Reagan
1070,630,739,1981,Reagan
1071,631,739,1981,Reagan
1072,632,739,1981,Reagan
1073,633,739,1981,Reagan
1074,633,739,1981,Reagan
1075,634,739,1981,Reagan
1076,634,739,1981,Reagan
1077,635,739,1981,Reagan
1078,636,739,1981,Reagan
1079,636,739,1981,Reagan
1080,636,739,1981,Reagan
1081,637,739,1981,Reagan
1082,638,739,1981,Reagan
1083,639,739,1981,Reagan
1084,640,739,1981,Reagan
1085,641,739,1981,Reagan
1086,641,739,1981,Reagan
1087,642,739,1981,Reagan
1088,642,739,1981,Reagan
1089,643,739,1981,Reagan
1090,644,739,1981,Reagan
1091,645,739,1981,Reagan
1092,645,739,1981,Reagan
1093,646,739,1981,Reagan
1094,646,739,1981,Reagan
1095,647,739,1981,Reagan
1096,647,739,1981,Reagan
1097,647,739,1981,Reagan
1098,647,739,1981,Reagan
1099,648,739,1981,Reagan
1100,649,739,1981,Reagan
1101,650,739,1981,Reagan
1102,651,739,1981,Reagan
1103,652,739,1981,Reagan
1104,653,739,1981,Reagan
1105,654,739,1981,Reagan
1106,655,739,1981,Reagan
1107,655,739,1981,Reagan
1108,656,739,1981,Reagan
1109,657,739,1981,Reagan
1110,657,739,1981,Reagan
1111,658,739,1981,Reagan
1112,659,739,1981,Reagan
1113,660,739,1981,Reagan
1114,661,739,1981,Reagan
1115,661,739,1981,Reagan
1116,662,739,1981,Reagan
1117,663,739,1981,Reagan
1118,663,739,1981,Reagan
1119,664,739,1981,Reagan
1120,665,739,1981,Reagan
1121,666,739,1981,Reagan
1122,666,739,1981,Reagan
1123,667,739,1981,Reagan
1124,667,739,1981,Reagan
1125,668,739,1981,Reagan
1126,668,739,1981,Reagan
1127,668,739,1981,Reagan
1128,668,739,1981,Reagan
1129,669,739,1981,Reagan
1130,669,739,1981,Reagan
1131,669,739,1981,Reagan
1132,670,739,1981,Reagan
1133,671,739,1981,Reagan
1134,671,739,1981,Reagan
1135,671,739,1981,Reagan
1136,672,739,1981,Reagan
1137,672,739,1981,Reagan
1138,672,739,1981,Reagan
1139,673,739,1981,Reagan
1140,674,739,1981,Reagan
1141,674,739,1981,Reagan
1142,675,739,1981,Reagan
1143,676,739,1981,Reagan
1144,677,739,1981,Reagan
1145,678,739,1981,Reagan
1146,679,739,1981,Reagan
1147,679,739,1981,Reagan
1148,679,739,1981,Reagan
1149,680,739,1981,Reagan
1150,681,739,1981,Reagan
1151,682,739,1981,Reagan
1152,683,739,1981,Reagan
1153,683,739,1981,Reagan
1154,684,739,1981,Reagan
1155,685,739,1981,Reagan
1156,686,739,1981,Reagan
1157,687,739,1981,Reagan
1158,688,739,1981,Reagan
1159,689,739,1981,Reagan
1160,689,739,1981,Reagan
1161,689,739,1981,Reagan
1162,690,739,1981,Reagan
1163,691,739,1981,Reagan
1164,691,739,1981,Reagan
1165,691,739,1981,Reagan
1166,692,739,1981,Reagan
1167,692,739,1981,Reagan
1168,692,739,1981,Reagan
1169,693,739,1981,Reagan
1170,693,739,1981,Reagan
1171,693,739,1981,Reagan
1172,694,739,1981,Reagan
1173,695,739,1981,Reagan
1174,696,739,1981,Reagan
1175,696,739,1981,Reagan
1176,697,739,1981,Reagan
1177,698,739,1981,Reagan
1178,699,739,1981,Reagan
1179,699,739,1981,Reagan
1180,699,739,1981,Reagan
1181,700,739,1981,Reagan
1182,700,739,1981,Reagan
1183,701,739,1981,Reagan
1184,702,739,1981,Reagan
1185,702,739,1981,Reagan
1186,703,739,1981,Reagan
1187,704,739,1981,Reagan
1188,705,739,1981,Reagan
1189,706,739,1981,Reagan
1190,707,739,1981,Reagan
1191,707,739,1981,Reagan
1192,707,739,1981,Reagan
1193,708,739,1981,Reagan
1194,709,739,1981,Reagan
1195,710,739,1981,Reagan
1196,710,739,1981,Reagan
1197,711,739,1981,Reagan
1198,712,739,1981,Reagan
1199,713,739,1981,Reagan
1200,714,739,1981,Reagan
1201,715,739,1981,Reagan
1202,715,739,1981,Reagan
1203,715,739,1981,Reagan
1204,715,739,1981,Reagan
1205,716,739,1981,Reagan
1206,717,739,1981,Reagan
1207,718,739,1981,Reagan
1208,718,739,1981,Reagan
1209,718,739,1981,Reagan
1210,718,739,1981,Reagan
1211,719,739,1981,Reagan
1212,719,739,1981,Reagan
1213,719,739,1981,Reagan
1214,719,739,1981,Reagan
1215,720,739,1981,Reagan
1216,720,739,1981,Reagan
1217,721,739,1981,Reagan
1218,722,739,1981,Reagan
1219,723,739,1981,Reagan
1220,724,739,1981,Reagan
1221,725,739,1981,Reagan
1222,725,739,1981,Reagan
1223,726,739,1981,Reagan
1224,727,739,1981,Reagan
1225,727,739,1981,Reagan
1226,727,739,1981,Reagan
1227,728,739,1981,Reagan
1228,728,739,1981,Reagan
1229,729,739,1981,Reagan
1230,729,739,1981,Reagan
1231,729,739,1981,Reagan
1232,729,739,1981,Reagan
1233,730,739,1981,Reagan
1234,731,739,1981,Reagan
1235,731,739,1981,Reagan
1236,731,739,1981,Reagan
1237,731,739,1981,Reagan
1238,731,739,1981,Reagan
1239,731,739,1981,Reagan
1240,731,739,1981,Reagan
1241,731,739,1981,Reagan
1242,731,739,1981,Reagan
1243,732,739,1981,Reagan
1244,732,739,1981,Reagan
1245,733,739,1981,Reagan
1246,734,739,1981,Reagan
1247,734,739,1981,Reagan
1248,734,739,1981,Reagan
1249,734,739,1981,Reagan
1250,735,739,1981,Reagan
1251,735,739,1981,Reagan
1252,736,739,1981,Reagan
1253,736,739,1981,Reagan
1254,736,739,1981,Reagan
1255,736,739,1981,Reagan
1256,736,739,1981,Reagan
1257,737,739,1981,Reagan
1258,737,739,1981,Reagan
1259,738,739,1981,Reagan
1260,738,739,1981,Reagan
1261,738,739,1981,Reagan
1262,738,739,1981,Reagan
1263,738,739,1981,Reagan
1264,738,739,1981,Reagan
1265,738,739,1981,Reagan
1266,739,739,1981,Reagan
1267,739,739,1981,Reagan
