0,1,435,1809,Madison
1,2,435,1809,Madison
2,3,435,1809,Madison
3,4,435,1809,Madison
4,5,435,1809,Madison
5,6,435,1809,Madison
6,7,435,1809,Madison
7,8,435,1809,Madison
8,9,435,1809,Madison
9,10,435,1809,Madison
10,11,435,1809,Madison
11,12,435,1809,Madison
12,13,435,1809,Madison
13,14,435,1809,Madison
14,15,435,1809,Madison
15,16,435,1809,Madison
16,17,435,1809,Madison
17,17,435,1809,Madison
18,18,435,1809,Madison
19,19,435,1809,Madison
20,20,435,1809,Madison
21,21,435,1809,Madison
22,22,435,1809,Madison
23,23,435,1809,Madison
24,24,435,1809,Madison
25,25,435,1809,Madison
26,26,435,1809,Madison
27,27,435,1809,Madison
28,28,435,1809,Madison
29,29,435,1809,Madison
30,30,435,1809,Madison
31,31,435,1809,Madison
32,32,435,1809,Madison
33,33,435,1809,Madison
34,34,435,1809,Madison
35,35,435,1809,Madison
36,36,435,1809,Madison
37,37,435,1809,Madison
38,38,435,1809,Madison
39,39,435,1809,Madison
40,40,435,1809,Madison
41,41,435,1809,Madison
42,42,435,1809,Madison
43,43,435,1809,Madison
44,44,435,1809,Madison
45,44,435,1809,Madison
46,45,435,1809,Madison
47,46,435,1809,Madison
48,47,435,1809,Madison
49,48,435,1809,Madison
50,49,435,1809,Madison
51,49,435,1809,Madison
52,50,435,1809,Madison
53,51,435,1809,Madison
54,52,435,1809,Madison
55,53,435,1809,Madison
56,54,435,1809,Madison
57,55,435,1809,Madison
58,56,435,1809,Madison
59,57,435,1809,Madison
60,58,435,1809,Madison
61,59,435,1809,Madison
62,60,435,1809,Madison
63,61,435,1809,Madison
64,62,435,1809,Madison
65,62,435,1809,Madison
66,63,435,1809,Madison
67,64,435,1809,Madison
68,64,435,1809,Madison
69,65,435,1809,Madison
70,66,435,1809,Madison
71,67,435,1809,Madison
72,68,435,1809,Madison
73,69,435,1809,Madison
74,70,435,1809,Madison
75,71,435,1809,Madison
76,72,435,1809,Madison
77,73,435,1809,Madison
78,74,435,1809,Madison
79,75,435,1809,Madison
80,76,435,1809,Madison
81,77,435,1809,Madison
82,78,435,1809,Madison
83,79,435,1809,Madison
84,80,435,1809,Madison
85,80,435,1809,Madison
86,81,435,1809,Madison
87,82,435,1809,Madison
88,83,435,1809,Madison
89,84,435,1809,Madison
90,85,435,1809,Madison
91,86,435,1809,Madison
92,86,435,1809,Madison
93,87,435,1809,Madison
94,88,435,1809,Madison
95,89,435,1809,Madison
96,90,435,1809,Madison
97,91,435,1809,Madison
98,92,435,1809,Madison
99,93,435,1809,Madison
100,94,435,1809,Madison
101,95,435,1809,Madison
102,96,435,1809,Madison
103,97,435,1809,Madison
104,98,435,1809,Madison
105,99,435,1809,Madison
106,100,435,1809,Madison
107,101,435,1809,Madison
108,102,435,1809,Madison
109,103,435,1809,Madison
110,104,435,1809,Madison
111,105,435,1809,Madison
112,106,435,1809,Madison
113,107,435,1809,Madison
114,108,435,1809,Madison
115,109,435,1809,Madison
116,110,435,1809,Madison
117,111,435,1809,Madison
118,112,435,1809,Madison
119,113,435,1809,Madison
120,114,435,1809,Madison
121,114,435,1809,Madison
122,115,435,1809,Madison
123,115,435,1809,Madison
124,116,435,1809,Madison
125,117,435,1809,Madison
126,118,435,1809,Madison
127,119,435,1809,Madison
128,120,435,1809,Madison
129,121,435,1809,Madison
130,122,435,1809,Madison
131,123,435,1809,Madison
132,124,435,1809,Madison
133,125,435,1809,Madison
134,126,435,1809,Madison
135,127,435,1809,Madison
136,128,435,1809,Madison
137,129,435,1809,Madison
138,129,435,1809,Madison
139,130,435,1809,Madison
140,131,435,1809,Madison
141,132,435,1809,Madison
142,132,435,1809,Madison
143,133,435,1809,Madison
144,134,435,1809,Madison
145,135,435,1809,Madison
146,135,435,1809,Madison
147,135,435,1809,Madison
148,136,435,1809,Madison
149,137,435,1809,Madison
150,137,435,1809,Madison
151,138,435,1809,Madison
152,139,435,1809,Madison
153,140,435,1809,Madison
154,141,435,1809,Madison
155,142,435,1809,Madison
156,143,435,1809,Madison
157,143,435,1809,Madison
158,144,435,1809,Madison
159,145,435,1809,Madison
160,146,435,1809,Madison
161,147,435,1809,Madison
162,148,435,1809,Madison
163,148,435,1809,Madison
164,149,435,1809,Madison
165,150,435,1809,Madison
166,151,435,1809,Madison
167,152,435,1809,Madison
168,152,435,1809,Madison
169,152,435,1809,Madison
170,153,435,1809,Madison
171,154,435,1809,Madison
172,155,435,1809,Madison
173,156,435,1809,Madison
174,157,435,1809,Madison
175,158,435,1809,Madison
176,159,435,1809,Madison
177,159,435,1809,Madison
178,160,435,1809,Madison
179,161,435,1809,Madison
180,162,435,1809,Madison
181,163,435,1809,Madison
182,164,435,1809,Madison
183,164,435,1809,Madison
184,165,435,1809,Madison
185,166,435,1809,Madison
186,167,435,1809,Madison
187,168,435,1809,Madison
188,168,435,1809,Madison
189,169,435,1809,Madison
190,170,435,1809,Madison
191,171,435,1809,Madison
192,172,435,1809,Madison
193,173,435,1809,Madison
194,174,435,1809,Madison
195,175,435,1809,Madison
196,176,435,1809,Madison
197,177,435,1809,Madison
198,178,435,1809,Madison
199,179,435,1809,Madison
200,180,435,1809,Madison
201,181,435,1809,Madison
202,182,435,1809,Madison
203,183,435,1809,Madison
204,184,435,1809,Madison
205,185,435,1809,Madison
206,186,435,1809,Madison
207,187,435,1809,Madison
208,188,435,1809,Madison
209,189,435,1809,Madison
210,190,435,1809,Madison
211,191,435,1809,Madison
212,192,435,1809,Madison
213,193,435,1809,Madison
214,194,435,1809,Madison
215,195,435,1809,Madison
216,196,435,1809,Madison
217,196,435,1809,Madison
218,196,435,1809,Madison
219,197,435,1809,Madison
220,198,435,1809,Madison
221,199,435,1809,Madison
222,200,435,1809,Madison
223,201,435,1809,Madison
224,202,435,1809,Madison
225,203,435,1809,Madison
226,204,435,1809,Madison
227,205,435,1809,Madison
228,206,435,1809,Madison
229,207,435,1809,Madison
230,207,435,1809,Madison
231,207,435,1809,Madison
232,207,435,1809,Madison
233,208,435,1809,Madison
234,208,435,1809,Madison
235,209,435,1809,Madison
236,210,435,1809,Madison
237,210,435,1809,Madison
238,211,435,1809,Madison
239,212,435,1809,Madison
240,213,435,1809,Madison
241,214,435,1809,Madison
242,215,435,1809,Madison
243,216,435,1809,Madison
244,217,435,1809,Madison
245,217,435,1809,Madison
246,217,435,1809,Madison
247,217,435,1809,Madison
248,218,435,1809,Madison
249,219,435,1809,Madison
250,220,435,1809,Madison
251,221,435,1809,Madison
252,221,435,1809,Madison
253,222,435,1809,Madison
254,223,435,1809,Madison
255,224,435,1809,Madison
256,225,435,1809,Madison
257,225,435,1809,Madison
258,225,435,1809,Madison
259,225,435,1809,Madison
260,226,435,1809,Madison
261,227,435,1809,Madison
262,228,435,1809,Madison
263,229,435,1809,Madison
264,230,435,1809,Madison
265,230,435,1809,Madison
266,231,435,1809,Madison
267,232,435,1809,Madison
268,232,435,1809,Madison
269,233,435,1809,Madison
270,234,435,1809,Madison
271,235,435,1809,Madison
272,236,435,1809,Madison
273,237,435,1809,Madison
274,238,435,1809,Madison
275,238,435,1809,Madison
276,238,435,1809,Madison
277,239,435,1809,Madison
278,240,435,1809,Madison
279,241,435,1809,Madison
280,242,435,1809,Madison
281,243,435,1809,Madison
282,244,435,1809,Madison
283,245,435,1809,Madison
284,246,435,1809,Madison
285,247,435,1809,Madison
286,248,435,1809,Madison
287,249,435,1809,Madison
288,250,435,1809,Madison
289,251,435,1809,Madison
290,251,435,1809,Madison
291,252,435,1809,Madison
292,253,435,1809,Madison
293,253,435,1809,Madison
294,254,435,1809,Madison
295,254,435,1809,Madison
296,255,435,1809,Madison
297,256,435,1809,Madison
298,256,435,1809,Madison
299,257,435,1809,Madison
300,258,435,1809,Madison
301,258,435,1809,Madison
302,259,435,1809,Madison
303,260,435,1809,Madison
304,261,435,1809,Madison
305,261,435,1809,Madison
306,262,435,1809,Madison
307,263,435,1809,Madison
308,264,435,1809,Madison
309,265,435,1809,Madison
310,266,435,1809,Madison
311,266,435,1809,Madison
312,266,435,1809,Madison
313,267,435,1809,Madison
314,268,435,1809,Madison
315,268,435,1809,Madison
316,269,435,1809,Madison
317,269,435,1809,Madison
318,270,435,1809,Madison
319,270,435,1809,Madison
320,271,435,1809,Madison
321,272,435,1809,Madison
322,272,435,1809,Madison
323,272,435,1809,Madison
324,273,435,1809,Madison
325,273,435,1809,Madison
326,273,435,1809,Madison
327,273,435,1809,Madison
328,273,435,1809,Madison
329,274,435,1809,Madison
330,274,435,1809,Madison
331,275,435,1809,Madison
332,275,435,1809,Madison
333,276,435,1809,Madison
334,276,435,1809,Madison
335,277,435,1809,Madison
336,278,435,1809,Madison
337,279,435,1809,Madison
338,280,435,1809,Madison
339,281,435,1809,Madison
340,282,435,1809,Madison
341,282,435,1809,Madison
342,283,435,1809,Madison
343,284,435,1809,Madison
344,285,435,1809,Madison
345,286,435,1809,Madison
346,287,435,1809,Madison
347,288,435,1809,Madison
348,289,435,1809,Madison
349,290,435,1809,Madison
350,290,435,1809,Madison
351,291,435,1809,Madison
352,292,435,1809,Madison
353,293,435,1809,Madison
354,294,435,1809,Madison
355,295,435,1809,Madison
356,296,435,1809,Madison
357,296,435,1809,Madison
358,297,435,1809,Madison
359,298,435,1809,Madison
360,299,435,1809,Madison
361,300,435,1809,Madison
362,300,435,1809,Madison
363,301,435,1809,Madison
364,302,435,1809,Madison
365,302,435,1809,Madison
366,302,435,1809,Madison
367,303,435,1809,Madison
368,304,435,1809,Madison
369,304,435,1809,Madison
370,304,435,1809,Madison
371,305,435,1809,Madison
372,306,435,1809,Madison
373,307,435,1809,Madison
374,308,435,1809,Madison
375,309,435,1809,Madison
376,310,435,1809,Madison
377,311,435,1809,Madison
378,312,435,1809,Madison
379,313,435,1809,Madison
380,314,435,1809,Madison
381,315,435,1809,Madison
382,316,435,1809,Madison
383,317,435,1809,Madison
384,318,435,1809,Madison
385,319,435,1809,Madison
386,319,435,1809,Madison
387,319,435,1809,Madison
388,320,435,1809,Madison
389,321,435,1809,Madison
390,322,435,1809,Madison
391,323,435,1809,Madison
392,324,435,1809,Madison
393,324,435,1809,Madison
394,325,435,1809,Madison
395,326,435,1809,Madison
396,327,435,1809,Madison
397,328,435,1809,Madison
398,328,435,1809,Madison
399,328,435,1809,Madison
400,328,435,1809,Madison
401,329,435,1809,Madison
402,330,435,1809,Madison
403,330,435,1809,Madison
404,331,435,1809,Madison
405,331,435,1809,Madison
406,332,435,1809,Madison
407,333,435,1809,Madison
408,334,435,1809,Madison
409,335,435,1809,Madison
410,336,435,1809,Madison
411,337,435,1809,Madison
412,338,435,1809,Madison
413,339,435,1809,Madison
414,340,435,1809,Madison
415,340,435,1809,Madison
416,340,435,1809,Madison
417,341,435,1809,Madison
418,342,435,1809,Madison
419,343,435,1809,Madison
420,344,435,1809,Madison
421,345,435,1809,Madison
422,346,435,1809,Madison
423,347,435,1809,Madison
424,348,435,1809,Madison
425,349,435,1809,Madison
426,350,435,1809,Madison
427,351,435,1809,Madison
428,352,435,1809,Madison
429,353,435,1809,Madison
430,353,435,1809,Madison
431,354,435,1809,Madison
432,355,435,1809,Madison
433,355,435,1809,Madison
434,356,435,1809,Madison
435,357,435,1809,Madison
436,357,435,1809,Madison
437,358,435,1809,Madison
438,359,435,1809,Madison
439,360,435,1809,Madison
440,361,435,1809,Madison
441,362,435,1809,Madison
442,362,435,1809,Madison
443,362,435,1809,Madison
444,363,435,1809,Madison
445,363,435,1809,Madison
446,364,435,1809,Madison
447,365,435,1809,Madison
448,366,435,1809,Madison
449,367,435,1809,Madison
450,367,435,1809,Madison
451,368,435,1809,Madison
452,369,435,1809,Madison
453,369,435,1809,Madison
454,370,435,1809,Madison
455,370,435,1809,Madison
456,371,435,1809,Madison
457,371,435,1809,Madison
458,372,435,1809,Madison
459,372,435,1809,Madison
460,373,435,1809,Madison
461,374,435,1809,Madison
462,375,435,1809,Madison
463,376,435,1809,Madison
464,377,435,1809,Madison
465,377,435,1809,Madison
466,378,435,1809,Madison
467,379,435,1809,Madison
468,379,435,1809,Madison
469,380,435,1809,Madison
470,381,435,1809,Madison
471,382,435,1809,Madison
472,383,435,1809,Madison
473,384,435,1809,Madison
474,385,435,1809,Madison
475,385,435,1809,Madison
476,386,435,1809,Madison
477,387,435,1809,Madison
478,388,435,1809,Madison
479,389,435,1809,Madison
480,390,435,1809,Madison
481,390,435,1809,Madison
482,391,435,1809,Madison
483,392,435,1809,Madison
484,393,435,1809,Madison
485,394,435,1809,Madison
486,395,435,1809,Madison
487,396,435,1809,Madison
488,396,435,1809,Madison
489,397,435,1809,Madison
490,397,435,1809,Madison
491,398,435,1809,Madison
492,398,435,1809,Madison
493,398,435,1809,Madison
494,399,435,1809,Madison
495,400,435,1809,Madison
496,400,435,1809,Madison
497,400,435,1809,Madison
498,400,435,1809,Madison
499,401,435,1809,Madison
500,402,435,1809,Madison
501,403,435,1809,Madison
502,403,435,1809,Madison
503,404,435,1809,Madison
504,405,435,1809,Madison
505,406,435,1809,Madison
506,407,435,1809,Madison
507,408,435,1809,Madison
508,409,435,1809,Madison
509,410,435,1809,Madison
510,411,435,1809,Madison
511,412,435,1809,Madison
512,413,435,1809,Madison
513,413,435,1809,Madison
514,413,435,1809,Madison
515,413,435,1809,Madison
516,413,435,1809,Madison
517,413,435,1809,Madison
518,413,435,1809,Madison
519,413,435,1809,Madison
520,414,435,1809,Madison
521,415,435,1809,Madison
522,416,435,1809,Madison
523,416,435,1809,Madison
524,417,435,1809,Madison
525,418,435,1809,Madison
526,419,435,1809,Madison
527,420,435,1809,Madison
528,421,435,1809,Madison
529,421,435,1809,Madison
530,422,435,1809,Madison
531,423,435,1809,Madison
532,423,435,1809,Madison
533,423,435,1809,Madison
534,424,435,1809,Madison
535,425,435,1809,Madison
536,426,435,1809,Madison
537,427,435,1809,Madison
538,427,435,1809,Madison
539,428,435,1809,Madison
540,429,435,1809,Madison
541,430,435,1809,Madison
542,430,435,1809,Madison
543,431,435,1809,Madison
544,431,435,1809,Madison
545,432,435,1809,Madison
546,433,435,1809,Madison
547,433,435,1809,Madison
548,434,435,1809,Madison
549,435,435,1809,Madison
