0,1,1057,1821,Monroe
1,2,1057,1821,Monroe
2,3,1057,1821,Monroe
3,4,1057,1821,Monroe
4,5,1057,1821,Monroe
5,6,1057,1821,Monroe
6,7,1057,1821,Monroe
7,8,1057,1821,Monroe
8,9,1057,1821,Monroe
9,10,1057,1821,Monroe
10,11,1057,1821,Monroe
11,12,1057,1821,Monroe
12,12,1057,1821,Monroe
13,12,1057,1821,Monroe
14,13,1057,1821,Monroe
15,14,1057,1821,Monroe
16,15,1057,1821,Monroe
17,16,1057,1821,Monroe
18,17,1057,1821,Monroe
19,18,1057,1821,Monroe
20,19,1057,1821,Monroe
21,20,1057,1821,Monroe
22,21,1057,1821,Monroe
23,22,1057,1821,Monroe
24,23,1057,1821,Monroe
25,24,1057,1821,Monroe
26,25,1057,1821,Monroe
27,26,1057,1821,Monroe
28,26,1057,1821,Monroe
29,26,1057,1821,Monroe
30,27,1057,1821,Monroe
31,28,1057,1821,Monroe
32,29,1057,1821,Monroe
33,29,1057,1821,Monroe
34,30,1057,1821,Monroe
35,31,1057,1821,Monroe
36,32,1057,1821,Monroe
37,33,1057,1821,Monroe
38,34,1057,1821,Monroe
39,35,1057,1821,Monroe
40,36,1057,1821,Monroe
41,37,1057,1821,Monroe
42,38,1057,1821,Monroe
43,39,1057,1821,Monroe
44,40,1057,1821,Monroe
45,41,1057,1821,Monroe
46,42,1057,1821,Monroe
47,43,1057,1821,Monroe
48,44,1057,1821,Monroe
49,45,1057,1821,Monroe
50,46,1057,1821,Monroe
51,47,1057,1821,Monroe
52,48,1057,1821,Monroe
53,49,1057,1821,Monroe
54,50,1057,1821,Monroe
55,51,1057,1821,Monroe
56,52,1057,1821,Monroe
57,53,1057,1821,Monroe
58,54,1057,1821,Monroe
59,54,1057,1821,Monroe
60,55,1057,1821,Monroe
61,56,1057,1821,Monroe
62,57,1057,1821,Monroe
63,58,1057,1821,Monroe
64,59,1057,1821,Monroe
65,60,1057,1821,Monroe
66,61,1057,1821,Monroe
67,62,1057,1821,Monroe
68,63,1057,1821,Monroe
69,64,1057,1821,Monroe
70,65,1057,1821,Monroe
71,66,1057,1821,Monroe
72,67,1057,1821,Monroe
73,67,1057,1821,Monroe
74,68,1057,1821,Monroe
75,69,1057,1821,Monroe
76,70,1057,1821,Monroe
77,71,1057,1821,Monroe
78,72,1057,1821,Monroe
79,73,1057,1821,Monroe
80,74,1057,1821,Monroe
81,75,1057,1821,Monroe
82,76,1057,1821,Monroe
83,77,1057,1821,Monroe
84,78,1057,1821,Monroe
85,79,1057,1821,Monroe
86,79,1057,1821,Monroe
87,80,1057,1821,Monroe
88,81,1057,1821,Monroe
89,82,1057,1821,Monroe
90,83,1057,1821,Monroe
91,84,1057,1821,Monroe
92,85,1057,1821,Monroe
93,86,1057,1821,Monroe
94,87,1057,1821,Monroe
95,87,1057,1821,Monroe
96,88,1057,1821,Monroe
97,88,1057,1821,Monroe
98,89,1057,1821,Monroe
99,90,1057,1821,Monroe
100,90,1057,1821,Monroe
101,91,1057,1821,Monroe
102,91,1057,1821,Monroe
103,92,1057,1821,Monroe
104,93,1057,1821,Monroe
105,94,1057,1821,Monroe
106,94,1057,1821,Monroe
107,94,1057,1821,Monroe
108,95,1057,1821,Monroe
109,96,1057,1821,Monroe
110,97,1057,1821,Monroe
111,97,1057,1821,Monroe
112,98,1057,1821,Monroe
113,98,1057,1821,Monroe
114,98,1057,1821,Monroe
115,98,1057,1821,Monroe
116,99,1057,1821,Monroe
117,100,1057,1821,Monroe
118,101,1057,1821,Monroe
119,102,1057,1821,Monroe
120,103,1057,1821,Monroe
121,104,1057,1821,Monroe
122,105,1057,1821,Monroe
123,106,1057,1821,Monroe
124,107,1057,1821,Monroe
125,107,1057,1821,Monroe
126,108,1057,1821,Monroe
127,109,1057,1821,Monroe
128,110,1057,1821,Monroe
129,111,1057,1821,Monroe
130,112,1057,1821,Monroe
131,112,1057,1821,Monroe
132,112,1057,1821,Monroe
133,113,1057,1821,Monroe
134,114,1057,1821,Monroe
135,115,1057,1821,Monroe
136,116,1057,1821,Monroe
137,117,1057,1821,Monroe
138,118,1057,1821,Monroe
139,119,1057,1821,Monroe
140,120,1057,1821,Monroe
141,121,1057,1821,Monroe
142,121,1057,1821,Monroe
143,122,1057,1821,Monroe
144,123,1057,1821,Monroe
145,123,1057,1821,Monroe
146,123,1057,1821,Monroe
147,124,1057,1821,Monroe
148,125,1057,1821,Monroe
149,126,1057,1821,Monroe
150,127,1057,1821,Monroe
151,128,1057,1821,Monroe
152,128,1057,1821,Monroe
153,129,1057,1821,Monroe
154,130,1057,1821,Monroe
155,130,1057,1821,Monroe
156,131,1057,1821,Monroe
157,132,1057,1821,Monroe
158,133,1057,1821,Monroe
159,133,1057,1821,Monroe
160,133,1057,1821,Monroe
161,134,1057,1821,Monroe
162,135,1057,1821,Monroe
163,136,1057,1821,Monroe
164,137,1057,1821,Monroe
165,137,1057,1821,Monroe
166,138,1057,1821,Monroe
167,139,1057,1821,Monroe
168,140,1057,1821,Monroe
169,141,1057,1821,Monroe
170,141,1057,1821,Monroe
171,142,1057,1821,Monroe
172,143,1057,1821,Monroe
173,143,1057,1821,Monroe
174,144,1057,1821,Monroe
175,145,1057,1821,Monroe
176,145,1057,1821,Monroe
177,146,1057,1821,Monroe
178,147,1057,1821,Monroe
179,147,1057,1821,Monroe
180,148,1057,1821,Monroe
181,148,1057,1821,Monroe
182,149,1057,1821,Monroe
183,149,1057,1821,Monroe
184,149,1057,1821,Monroe
185,150,1057,1821,Monroe
186,150,1057,1821,Monroe
187,151,1057,1821,Monroe
188,152,1057,1821,Monroe
189,153,1057,1821,Monroe
190,153,1057,1821,Monroe
191,154,1057,1821,Monroe
192,155,1057,1821,Monroe
193,156,1057,1821,Monroe
194,157,1057,1821,Monroe
195,158,1057,1821,Monroe
196,159,1057,1821,Monroe
197,159,1057,1821,Monroe
198,160,1057,1821,Monroe
199,161,1057,1821,Monroe
200,162,1057,1821,Monroe
201,163,1057,1821,Monroe
202,164,1057,1821,Monroe
203,165,1057,1821,Monroe
204,165,1057,1821,Monroe
205,165,1057,1821,Monroe
206,166,1057,1821,Monroe
207,167,1057,1821,Monroe
208,168,1057,1821,Monroe
209,169,1057,1821,Monroe
210,169,1057,1821,Monroe
211,169,1057,1821,Monroe
212,170,1057,1821,Monroe
213,171,1057,1821,Monroe
214,172,1057,1821,Monroe
215,173,1057,1821,Monroe
216,174,1057,1821,Monroe
217,174,1057,1821,Monroe
218,175,1057,1821,Monroe
219,176,1057,1821,Monroe
220,177,1057,1821,Monroe
221,178,1057,1821,Monroe
222,178,1057,1821,Monroe
223,178,1057,1821,Monroe
224,179,1057,1821,Monroe
225,180,1057,1821,Monroe
226,181,1057,1821,Monroe
227,182,1057,1821,Monroe
228,182,1057,1821,Monroe
229,182,1057,1821,Monroe
230,182,1057,1821,Monroe
231,183,1057,1821,Monroe
232,184,1057,1821,Monroe
233,185,1057,1821,Monroe
234,186,1057,1821,Monroe
235,187,1057,1821,Monroe
236,188,1057,1821,Monroe
237,189,1057,1821,Monroe
238,190,1057,1821,Monroe
239,190,1057,1821,Monroe
240,191,1057,1821,Monroe
241,192,1057,1821,Monroe
242,193,1057,1821,Monroe
243,194,1057,1821,Monroe
244,195,1057,1821,Monroe
245,196,1057,1821,Monroe
246,197,1057,1821,Monroe
247,198,1057,1821,Monroe
248,199,1057,1821,Monroe
249,199,1057,1821,Monroe
250,200,1057,1821,Monroe
251,200,1057,1821,Monroe
252,201,1057,1821,Monroe
253,202,1057,1821,Monroe
254,202,1057,1821,Monroe
255,202,1057,1821,Monroe
256,202,1057,1821,Monroe
257,203,1057,1821,Monroe
258,204,1057,1821,Monroe
259,205,1057,1821,Monroe
260,205,1057,1821,Monroe
261,206,1057,1821,Monroe
262,207,1057,1821,Monroe
263,208,1057,1821,Monroe
264,209,1057,1821,Monroe
265,210,1057,1821,Monroe
266,211,1057,1821,Monroe
267,212,1057,1821,Monroe
268,213,1057,1821,Monroe
269,214,1057,1821,Monroe
270,215,1057,1821,Monroe
271,215,1057,1821,Monroe
272,216,1057,1821,Monroe
273,216,1057,1821,Monroe
274,217,1057,1821,Monroe
275,217,1057,1821,Monroe
276,218,1057,1821,Monroe
277,219,1057,1821,Monroe
278,220,1057,1821,Monroe
279,221,1057,1821,Monroe
280,222,1057,1821,Monroe
281,223,1057,1821,Monroe
282,224,1057,1821,Monroe
283,224,1057,1821,Monroe
284,225,1057,1821,Monroe
285,226,1057,1821,Monroe
286,227,1057,1821,Monroe
287,228,1057,1821,Monroe
288,229,1057,1821,Monroe
289,230,1057,1821,Monroe
290,231,1057,1821,Monroe
291,232,1057,1821,Monroe
292,233,1057,1821,Monroe
293,234,1057,1821,Monroe
294,235,1057,1821,Monroe
295,236,1057,1821,Monroe
296,237,1057,1821,Monroe
297,238,1057,1821,Monroe
298,239,1057,1821,Monroe
299,240,1057,1821,Monroe
300,241,1057,1821,Monroe
301,242,1057,1821,Monroe
302,243,1057,1821,Monroe
303,243,1057,1821,Monroe
304,244,1057,1821,Monroe
305,244,1057,1821,Monroe
306,245,1057,1821,Monroe
307,245,1057,1821,Monroe
308,246,1057,1821,Monroe
309,247,1057,1821,Monroe
310,247,1057,1821,Monroe
311,248,1057,1821,Monroe
312,249,1057,1821,Monroe
313,250,1057,1821,Monroe
314,250,1057,1821,Monroe
315,251,1057,1821,Monroe
316,252,1057,1821,Monroe
317,252,1057,1821,Monroe
318,253,1057,1821,Monroe
319,253,1057,1821,Monroe
320,254,1057,1821,Monroe
321,254,1057,1821,Monroe
322,255,1057,1821,Monroe
323,255,1057,1821,Monroe
324,256,1057,1821,Monroe
325,256,1057,1821,Monroe
326,257,1057,1821,Monroe
327,257,1057,1821,Monroe
328,258,1057,1821,Monroe
329,258,1057,1821,Monroe
330,258,1057,1821,Monroe
331,258,1057,1821,Monroe
332,259,1057,1821,Monroe
333,259,1057,1821,Monroe
334,260,1057,1821,Monroe
335,261,1057,1821,Monroe
336,262,1057,1821,Monroe
337,263,1057,1821,Monroe
338,264,1057,1821,Monroe
339,265,1057,1821,Monroe
340,265,1057,1821,Monroe
341,266,1057,1821,Monroe
342,267,1057,1821,Monroe
343,268,1057,1821,Monroe
344,269,1057,1821,Monroe
345,270,1057,1821,Monroe
346,271,1057,1821,Monroe
347,272,1057,1821,Monroe
348,273,1057,1821,Monroe
349,273,1057,1821,Monroe
350,273,1057,1821,Monroe
351,274,1057,1821,Monroe
352,275,1057,1821,Monroe
353,276,1057,1821,Monroe
354,276,1057,1821,Monroe
355,277,1057,1821,Monroe
356,277,1057,1821,Monroe
357,278,1057,1821,Monroe
358,279,1057,1821,Monroe
359,280,1057,1821,Monroe
360,281,1057,1821,Monroe
361,282,1057,1821,Monroe
362,283,1057,1821,Monroe
363,284,1057,1821,Monroe
364,284,1057,1821,Monroe
365,284,1057,1821,Monroe
366,285,1057,1821,Monroe
367,285,1057,1821,Monroe
368,286,1057,1821,Monroe
369,286,1057,1821,Monroe
370,286,1057,1821,Monroe
371,287,1057,1821,Monroe
372,288,1057,1821,Monroe
373,288,1057,1821,Monroe
374,289,1057,1821,Monroe
375,289,1057,1821,Monroe
376,289,1057,1821,Monroe
377,289,1057,1821,Monroe
378,289,1057,1821,Monroe
379,290,1057,1821,Monroe
380,290,1057,1821,Monroe
381,290,1057,1821,Monroe
382,291,1057,1821,Monroe
383,292,1057,1821,Monroe
384,293,1057,1821,Monroe
385,294,1057,1821,Monroe
386,295,1057,1821,Monroe
387,296,1057,1821,Monroe
388,296,1057,1821,Monroe
389,297,1057,1821,Monroe
390,298,1057,1821,Monroe
391,299,1057,1821,Monroe
392,300,1057,1821,Monroe
393,301,1057,1821,Monroe
394,301,1057,1821,Monroe
395,302,1057,1821,Monroe
396,303,1057,1821,Monroe
397,304,1057,1821,Monroe
398,305,1057,1821,Monroe
399,306,1057,1821,Monroe
400,307,1057,1821,Monroe
401,307,1057,1821,Monroe
402,307,1057,1821,Monroe
403,307,1057,1821,Monroe
404,307,1057,1821,Monroe
405,307,1057,1821,Monroe
406,307,1057,1821,Monroe
407,308,1057,1821,Monroe
408,309,1057,1821,Monroe
409,309,1057,1821,Monroe
410,310,1057,1821,Monroe
411,311,1057,1821,Monroe
412,312,1057,1821,Monroe
413,313,1057,1821,Monroe
414,314,1057,1821,Monroe
415,314,1057,1821,Monroe
416,315,1057,1821,Monroe
417,316,1057,1821,Monroe
418,316,1057,1821,Monroe
419,316,1057,1821,Monroe
420,316,1057,1821,Monroe
421,317,1057,1821,Monroe
422,318,1057,1821,Monroe
423,319,1057,1821,Monroe
424,320,1057,1821,Monroe
425,321,1057,1821,Monroe
426,321,1057,1821,Monroe
427,321,1057,1821,Monroe
428,321,1057,1821,Monroe
429,322,1057,1821,Monroe
430,322,1057,1821,Monroe
431,323,1057,1821,Monroe
432,324,1057,1821,Monroe
433,325,1057,1821,Monroe
434,325,1057,1821,Monroe
435,325,1057,1821,Monroe
436,325,1057,1821,Monroe
437,326,1057,1821,Monroe
438,326,1057,1821,Monroe
439,327,1057,1821,Monroe
440,328,1057,1821,Monroe
441,328,1057,1821,Monroe
442,328,1057,1821,Monroe
443,329,1057,1821,Monroe
444,330,1057,1821,Monroe
445,330,1057,1821,Monroe
446,331,1057,1821,Monroe
447,331,1057,1821,Monroe
448,331,1057,1821,Monroe
449,332,1057,1821,Monroe
450,332,1057,1821,Monroe
451,333,1057,1821,Monroe
452,333,1057,1821,Monroe
453,334,1057,1821,Monroe
454,335,1057,1821,Monroe
455,336,1057,1821,Monroe
456,337,1057,1821,Monroe
457,338,1057,1821,Monroe
458,339,1057,1821,Monroe
459,340,1057,1821,Monroe
460,341,1057,1821,Monroe
461,341,1057,1821,Monroe
462,342,1057,1821,Monroe
463,342,1057,1821,Monroe
464,342,1057,1821,Monroe
465,342,1057,1821,Monroe
466,342,1057,1821,Monroe
467,343,1057,1821,Monroe
468,343,1057,1821,Monroe
469,344,1057,1821,Monroe
470,344,1057,1821,Monroe
471,344,1057,1821,Monroe
472,345,1057,1821,Monroe
473,345,1057,1821,Monroe
474,346,1057,1821,Monroe
475,347,1057,1821,Monroe
476,347,1057,1821,Monroe
477,348,1057,1821,Monroe
478,348,1057,1821,Monroe
479,348,1057,1821,Monroe
480,349,1057,1821,Monroe
481,349,1057,1821,Monroe
482,349,1057,1821,Monroe
483,350,1057,1821,Monroe
484,350,1057,1821,Monroe
485,351,1057,1821,Monroe
486,351,1057,1821,Monroe
487,352,1057,1821,Monroe
488,353,1057,1821,Monroe
489,353,1057,1821,Monroe
490,354,1057,1821,Monroe
491,355,1057,1821,Monroe
492,356,1057,1821,Monroe
493,356,1057,1821,Monroe
494,357,1057,1821,Monroe
495,358,1057,1821,Monroe
496,359,1057,1821,Monroe
497,359,1057,1821,Monroe
498,360,1057,1821,Monroe
499,361,1057,1821,Monroe
500,361,1057,1821,Monroe
501,362,1057,1821,Monroe
502,362,1057,1821,Monroe
503,362,1057,1821,Monroe
504,362,1057,1821,Monroe
505,363,1057,1821,Monroe
506,364,1057,1821,Monroe
507,365,1057,1821,Monroe
508,366,1057,1821,Monroe
509,367,1057,1821,Monroe
510,368,1057,1821,Monroe
511,369,1057,1821,Monroe
512,370,1057,1821,Monroe
513,370,1057,1821,Monroe
514,370,1057,1821,Monroe
515,371,1057,1821,Monroe
516,372,1057,1821,Monroe
517,373,1057,1821,Monroe
518,373,1057,1821,Monroe
519,373,1057,1821,Monroe
520,373,1057,1821,Monroe
521,374,1057,1821,Monroe
522,374,1057,1821,Monroe
523,375,1057,1821,Monroe
524,376,1057,1821,Monroe
525,376,1057,1821,Monroe
526,377,1057,1821,Monroe
527,378,1057,1821,Monroe
528,379,1057,1821,Monroe
529,379,1057,1821,Monroe
530,380,1057,1821,Monroe
531,381,1057,1821,Monroe
532,382,1057,1821,Monroe
533,382,1057,1821,Monroe
534,383,1057,1821,Monroe
535,384,1057,1821,Monroe
536,384,1057,1821,Monroe
537,384,1057,1821,Monroe
538,384,1057,1821,Monroe
539,384,1057,1821,Monroe
540,384,1057,1821,Monroe
541,384,1057,1821,Monroe
542,385,1057,1821,Monroe
543,386,1057,1821,Monroe
544,387,1057,1821,Monroe
545,388,1057,1821,Monroe
546,388,1057,1821,Monroe
547,388,1057,1821,Monroe
548,388,1057,1821,Monroe
549,389,1057,1821,Monroe
550,389,1057,1821,Monroe
551,390,1057,1821,Monroe
552,390,1057,1821,Monroe
553,390,1057,1821,Monroe
554,391,1057,1821,Monroe
555,391,1057,1821,Monroe
556,392,1057,1821,Monroe
557,393,1057,1821,Monroe
558,394,1057,1821,Monroe
559,395,1057,1821,Monroe
560,395,1057,1821,Monroe
561,395,1057,1821,Monroe
562,395,1057,1821,Monroe
563,396,1057,1821,Monroe
564,397,1057,1821,Monroe
565,397,1057,1821,Monroe
566,397,1057,1821,Monroe
567,397,1057,1821,Monroe
568,398,1057,1821,Monroe
569,398,1057,1821,Monroe
570,398,1057,1821,Monroe
571,398,1057,1821,Monroe
572,399,1057,1821,Monroe
573,399,1057,1821,Monroe
574,400,1057,1821,Monroe
575,401,1057,1821,Monroe
576,402,1057,1821,Monroe
577,403,1057,1821,Monroe
578,403,1057,1821,Monroe
579,403,1057,1821,Monroe
580,404,1057,1821,Monroe
581,405,1057,1821,Monroe
582,406,1057,1821,Monroe
583,407,1057,1821,Monroe
584,407,1057,1821,Monroe
585,408,1057,1821,Monroe
586,409,1057,1821,Monroe
587,410,1057,1821,Monroe
588,410,1057,1821,Monroe
589,411,1057,1821,Monroe
590,412,1057,1821,Monroe
591,413,1057,1821,Monroe
592,414,1057,1821,Monroe
593,414,1057,1821,Monroe
594,414,1057,1821,Monroe
595,414,1057,1821,Monroe
596,415,1057,1821,Monroe
597,416,1057,1821,Monroe
598,417,1057,1821,Monroe
599,417,1057,1821,Monroe
600,417,1057,1821,Monroe
601,417,1057,1821,Monroe
602,417,1057,1821,Monroe
603,418,1057,1821,Monroe
604,418,1057,1821,Monroe
605,418,1057,1821,Monroe
606,418,1057,1821,Monroe
607,419,1057,1821,Monroe
608,420,1057,1821,Monroe
609,421,1057,1821,Monroe
610,422,1057,1821,Monroe
611,423,1057,1821,Monroe
612,424,1057,1821,Monroe
613,424,1057,1821,Monroe
614,425,1057,1821,Monroe
615,426,1057,1821,Monroe
616,427,1057,1821,Monroe
617,428,1057,1821,Monroe
618,429,1057,1821,Monroe
619,430,1057,1821,Monroe
620,430,1057,1821,Monroe
621,431,1057,1821,Monroe
622,431,1057,1821,Monroe
623,432,1057,1821,Monroe
624,432,1057,1821,Monroe
625,433,1057,1821,Monroe
626,433,1057,1821,Monroe
627,433,1057,1821,Monroe
628,434,1057,1821,Monroe
629,435,1057,1821,Monroe
630,436,1057,1821,Monroe
631,436,1057,1821,Monroe
632,437,1057,1821,Monroe
633,437,1057,1821,Monroe
634,437,1057,1821,Monroe
635,438,1057,1821,Monroe
636,438,1057,1821,Monroe
637,439,1057,1821,Monroe
638,440,1057,1821,Monroe
639,440,1057,1821,Monroe
640,441,1057,1821,Monroe
641,442,1057,1821,Monroe
642,442,1057,1821,Monroe
643,442,1057,1821,Monroe
644,443,1057,1821,Monroe
645,443,1057,1821,Monroe
646,444,1057,1821,Monroe
647,445,1057,1821,Monroe
648,445,1057,1821,Monroe
649,446,1057,1821,Monroe
650,446,1057,1821,Monroe
651,447,1057,1821,Monroe
652,447,1057,1821,Monroe
653,448,1057,1821,Monroe
654,449,1057,1821,Monroe
655,449,1057,1821,Monroe
656,449,1057,1821,Monroe
657,449,1057,1821,Monroe
658,449,1057,1821,Monroe
659,450,1057,1821,Monroe
660,451,1057,1821,Monroe
661,451,1057,1821,Monroe
662,451,1057,1821,Monroe
663,451,1057,1821,Monroe
664,451,1057,1821,Monroe
665,452,1057,1821,Monroe
666,453,1057,1821,Monroe
667,453,1057,1821,Monroe
668,453,1057,1821,Monroe
669,454,1057,1821,Monroe
670,455,1057,1821,Monroe
671,456,1057,1821,Monroe
672,456,1057,1821,Monroe
673,456,1057,1821,Monroe
674,457,1057,1821,Monroe
675,457,1057,1821,Monroe
676,458,1057,1821,Monroe
677,459,1057,1821,Monroe
678,459,1057,1821,Monroe
679,460,1057,1821,Monroe
680,461,1057,1821,Monroe
681,462,1057,1821,Monroe
682,462,1057,1821,Monroe
683,462,1057,1821,Monroe
684,462,1057,1821,Monroe
685,463,1057,1821,Monroe
686,464,1057,1821,Monroe
687,464,1057,1821,Monroe
688,465,1057,1821,Monroe
689,466,1057,1821,Monroe
690,466,1057,1821,Monroe
691,466,1057,1821,Monroe
692,467,1057,1821,Monroe
693,467,1057,1821,Monroe
694,467,1057,1821,Monroe
695,468,1057,1821,Monroe
696,469,1057,1821,Monroe
697,469,1057,1821,Monroe
698,470,1057,1821,Monroe
699,471,1057,1821,Monroe
700,472,1057,1821,Monroe
701,472,1057,1821,Monroe
702,473,1057,1821,Monroe
703,473,1057,1821,Monroe
704,474,1057,1821,Monroe
705,474,1057,1821,Monroe
706,474,1057,1821,Monroe
707,475,1057,1821,Monroe
708,476,1057,1821,Monroe
709,476,1057,1821,Monroe
710,477,1057,1821,Monroe
711,477,1057,1821,Monroe
712,477,1057,1821,Monroe
713,477,1057,1821,Monroe
714,478,1057,1821,Monroe
715,479,1057,1821,Monroe
716,480,1057,1821,Monroe
717,481,1057,1821,Monroe
718,481,1057,1821,Monroe
719,481,1057,1821,Monroe
720,482,1057,1821,Monroe
721,483,1057,1821,Monroe
722,484,1057,1821,Monroe
723,485,1057,1821,Monroe
724,486,1057,1821,Monroe
725,486,1057,1821,Monroe
726,486,1057,1821,Monroe
727,486,1057,1821,Monroe
728,486,1057,1821,Monroe
729,486,1057,1821,Monroe
730,486,1057,1821,Monroe
731,487,1057,1821,Monroe
732,487,1057,1821,Monroe
733,487,1057,1821,Monroe
734,488,1057,1821,Monroe
735,488,1057,1821,Monroe
736,488,1057,1821,Monroe
737,488,1057,1821,Monroe
738,488,1057,1821,Monroe
739,488,1057,1821,Monroe
740,488,1057,1821,Monroe
741,488,1057,1821,Monroe
742,488,1057,1821,Monroe
743,488,1057,1821,Monroe
744,488,1057,1821,Monroe
745,488,1057,1821,Monroe
746,488,1057,1821,Monroe
747,489,1057,1821,Monroe
748,490,1057,1821,Monroe
749,490,1057,1821,Monroe
750,490,1057,1821,Monroe
751,491,1057,1821,Monroe
752,492,1057,1821,Monroe
753,492,1057,1821,Monroe
754,493,1057,1821,Monroe
755,494,1057,1821,Monroe
756,494,1057,1821,Monroe
757,494,1057,1821,Monroe
758,494,1057,1821,Monroe
759,495,1057,1821,Monroe
760,496,1057,1821,Monroe
761,497,1057,1821,Monroe
762,498,1057,1821,Monroe
763,499,1057,1821,Monroe
764,499,1057,1821,Monroe
765,499,1057,1821,Monroe
766,500,1057,1821,Monroe
767,500,1057,1821,Monroe
768,501,1057,1821,Monroe
769,501,1057,1821,Monroe
770,502,1057,1821,Monroe
771,502,1057,1821,Monroe
772,503,1057,1821,Monroe
773,503,1057,1821,Monroe
774,504,1057,1821,Monroe
775,504,1057,1821,Monroe
776,504,1057,1821,Monroe
777,505,1057,1821,Monroe
778,505,1057,1821,Monroe
779,505,1057,1821,Monroe
780,505,1057,1821,Monroe
781,506,1057,1821,Monroe
782,506,1057,1821,Monroe
783,506,1057,1821,Monroe
784,507,1057,1821,Monroe
785,508,1057,1821,Monroe
786,508,1057,1821,Monroe
787,508,1057,1821,Monroe
788,509,1057,1821,Monroe
789,509,1057,1821,Monroe
790,509,1057,1821,Monroe
791,510,1057,1821,Monroe
792,511,1057,1821,Monroe
793,512,1057,1821,Monroe
794,512,1057,1821,Monroe
795,512,1057,1821,Monroe
796,513,1057,1821,Monroe
797,513,1057,1821,Monroe
798,514,1057,1821,Monroe
799,515,1057,1821,Monroe
800,516,1057,1821,Monroe
801,517,1057,1821,Monroe
802,517,1057,1821,Monroe
803,517,1057,1821,Monroe
804,518,1057,1821,Monroe
805,518,1057,1821,Monroe
806,518,1057,1821,Monroe
807,518,1057,1821,Monroe
808,519,1057,1821,Monroe
809,519,1057,1821,Monroe
810,520,1057,1821,Monroe
811,520,1057,1821,Monroe
812,521,1057,1821,Monroe
813,522,1057,1821,Monroe
814,522,1057,1821,Monroe
815,522,1057,1821,Monroe
816,523,1057,1821,Monroe
817,523,1057,1821,Monroe
818,523,1057,1821,Monroe
819,523,1057,1821,Monroe
820,524,1057,1821,Monroe
821,525,1057,1821,Monroe
822,525,1057,1821,Monroe
823,525,1057,1821,Monroe
824,526,1057,1821,Monroe
825,526,1057,1821,Monroe
826,526,1057,1821,Monroe
827,526,1057,1821,Monroe
828,526,1057,1821,Monroe
829,526,1057,1821,Monroe
830,527,1057,1821,Monroe
831,528,1057,1821,Monroe
832,529,1057,1821,Monroe
833,529,1057,1821,Monroe
834,530,1057,1821,Monroe
835,530,1057,1821,Monroe
836,531,1057,1821,Monroe
837,531,1057,1821,Monroe
838,532,1057,1821,Monroe
839,532,1057,1821,Monroe
840,533,1057,1821,Monroe
841,534,1057,1821,Monroe
842,535,1057,1821,Monroe
843,536,1057,1821,Monroe
844,537,1057,1821,Monroe
845,537,1057,1821,Monroe
846,538,1057,1821,Monroe
847,539,1057,1821,Monroe
848,540,1057,1821,Monroe
849,541,1057,1821,Monroe
850,541,1057,1821,Monroe
851,541,1057,1821,Monroe
852,542,1057,1821,Monroe
853,543,1057,1821,Monroe
854,543,1057,1821,Monroe
855,543,1057,1821,Monroe
856,544,1057,1821,Monroe
857,545,1057,1821,Monroe
858,546,1057,1821,Monroe
859,547,1057,1821,Monroe
860,548,1057,1821,Monroe
861,549,1057,1821,Monroe
862,550,1057,1821,Monroe
863,551,1057,1821,Monroe
864,551,1057,1821,Monroe
865,552,1057,1821,Monroe
866,553,1057,1821,Monroe
867,553,1057,1821,Monroe
868,553,1057,1821,Monroe
869,554,1057,1821,Monroe
870,555,1057,1821,Monroe
871,556,1057,1821,Monroe
872,557,1057,1821,Monroe
873,557,1057,1821,Monroe
874,557,1057,1821,Monroe
875,557,1057,1821,Monroe
876,557,1057,1821,Monroe
877,558,1057,1821,Monroe
878,559,1057,1821,Monroe
879,559,1057,1821,Monroe
880,560,1057,1821,Monroe
881,560,1057,1821,Monroe
882,561,1057,1821,Monroe
883,561,1057,1821,Monroe
884,561,1057,1821,Monroe
885,561,1057,1821,Monroe
886,561,1057,1821,Monroe
887,562,1057,1821,Monroe
888,562,1057,1821,Monroe
889,562,1057,1821,Monroe
890,562,1057,1821,Monroe
891,562,1057,1821,Monroe
892,562,1057,1821,Monroe
893,563,1057,1821,Monroe
894,564,1057,1821,Monroe
895,565,1057,1821,Monroe
896,566,1057,1821,Monroe
897,566,1057,1821,Monroe
898,566,1057,1821,Monroe
899,567,1057,1821,Monroe
900,567,1057,1821,Monroe
901,568,1057,1821,Monroe
902,569,1057,1821,Monroe
903,569,1057,1821,Monroe
904,569,1057,1821,Monroe
905,569,1057,1821,Monroe
906,570,1057,1821,Monroe
907,571,1057,1821,Monroe
908,572,1057,1821,Monroe
909,573,1057,1821,Monroe
910,574,1057,1821,Monroe
911,575,1057,1821,Monroe
912,576,1057,1821,Monroe
913,576,1057,1821,Monroe
914,577,1057,1821,Monroe
915,577,1057,1821,Monroe
916,578,1057,1821,Monroe
917,578,1057,1821,Monroe
918,578,1057,1821,Monroe
919,578,1057,1821,Monroe
920,579,1057,1821,Monroe
921,579,1057,1821,Monroe
922,580,1057,1821,Monroe
923,581,1057,1821,Monroe
924,581,1057,1821,Monroe
925,581,1057,1821,Monroe
926,582,1057,1821,Monroe
927,582,1057,1821,Monroe
928,583,1057,1821,Monroe
929,583,1057,1821,Monroe
930,584,1057,1821,Monroe
931,584,1057,1821,Monroe
932,585,1057,1821,Monroe
933,586,1057,1821,Monroe
934,587,1057,1821,Monroe
935,587,1057,1821,Monroe
936,587,1057,1821,Monroe
937,588,1057,1821,Monroe
938,588,1057,1821,Monroe
939,588,1057,1821,Monroe
940,588,1057,1821,Monroe
941,589,1057,1821,Monroe
942,589,1057,1821,Monroe
943,589,1057,1821,Monroe
944,589,1057,1821,Monroe
945,589,1057,1821,Monroe
946,589,1057,1821,Monroe
947,589,1057,1821,Monroe
948,590,1057,1821,Monroe
949,591,1057,1821,Monroe
950,591,1057,1821,Monroe
951,592,1057,1821,Monroe
952,593,1057,1821,Monroe
953,594,1057,1821,Monroe
954,595,1057,1821,Monroe
955,595,1057,1821,Monroe
956,596,1057,1821,Monroe
957,597,1057,1821,Monroe
958,597,1057,1821,Monroe
959,598,1057,1821,Monroe
960,599,1057,1821,Monroe
961,599,1057,1821,Monroe
962,599,1057,1821,Monroe
963,600,1057,1821,Monroe
964,600,1057,1821,Monroe
965,601,1057,1821,Monroe
966,601,1057,1821,Monroe
967,601,1057,1821,Monroe
968,601,1057,1821,Monroe
969,602,1057,1821,Monroe
970,602,1057,1821,Monroe
971,603,1057,1821,Monroe
972,603,1057,1821,Monroe
973,603,1057,1821,Monroe
974,603,1057,1821,Monroe
975,604,1057,1821,Monroe
976,604,1057,1821,Monroe
977,604,1057,1821,Monroe
978,604,1057,1821,Monroe
979,605,1057,1821,Monroe
980,605,1057,1821,Monroe
981,605,1057,1821,Monroe
982,605,1057,1821,Monroe
983,605,1057,1821,Monroe
984,605,1057,1821,Monroe
985,605,1057,1821,Monroe
986,605,1057,1821,Monroe
987,606,1057,1821,Monroe
988,606,1057,1821,Monroe
989,606,1057,1821,Monroe
990,607,1057,1821,Monroe
991,608,1057,1821,Monroe
992,609,1057,1821,Monroe
993,610,1057,1821,Monroe
994,611,1057,1821,Monroe
995,611,1057,1821,Monroe
996,611,1057,1821,Monroe
997,612,1057,1821,Monroe
998,612,1057,1821,Monroe
999,612,1057,1821,Monroe
1000,612,1057,1821,Monroe
1001,612,1057,1821,Monroe
1002,612,1057,1821,Monroe
1003,612,1057,1821,Monroe
1004,612,1057,1821,Monroe
1005,612,1057,1821,Monroe
1006,612,1057,1821,Monroe
1007,613,1057,1821,Monroe
1008,614,1057,1821,Monroe
1009,614,1057,1821,Monroe
1010,614,1057,1821,Monroe
1011,614,1057,1821,Monroe
1012,614,1057,1821,Monroe
1013,615,1057,1821,Monroe
1014,616,1057,1821,Monroe
1015,617,1057,1821,Monroe
1016,618,1057,1821,Monroe
1017,618,1057,1821,Monroe
1018,618,1057,1821,Monroe
1019,619,1057,1821,Monroe
1020,620,1057,1821,Monroe
1021,620,1057,1821,Monroe
1022,621,1057,1821,Monroe
1023,621,1057,1821,Monroe
1024,621,1057,1821,Monroe
1025,621,1057,1821,Monroe
1026,621,1057,1821,Monroe
1027,622,1057,1821,Monroe
1028,622,1057,1821,Monroe
1029,623,1057,1821,Monroe
1030,623,1057,1821,Monroe
1031,624,1057,1821,Monroe
1032,625,1057,1821,Monroe
1033,625,1057,1821,Monroe
1034,625,1057,1821,Monroe
1035,625,1057,1821,Monroe
1036,626,1057,1821,Monroe
1037,627,1057,1821,Monroe
1038,627,1057,1821,Monroe
1039,628,1057,1821,Monroe
1040,629,1057,1821,Monroe
1041,629,1057,1821,Monroe
1042,630,1057,1821,Monroe
1043,630,1057,1821,Monroe
1044,630,1057,1821,Monroe
1045,631,1057,1821,Monroe
1046,632,1057,1821,Monroe
1047,632,1057,1821,Monroe
1048,632,1057,1821,Monroe
1049,633,1057,1821,Monroe
1050,633,1057,1821,Monroe
1051,633,1057,1821,Monroe
1052,634,1057,1821,Monroe
1053,635,1057,1821,Monroe
1054,636,1057,1821,Monroe
1055,637,1057,1821,Monroe
1056,637,1057,1821,Monroe
1057,637,1057,1821,Monroe
1058,637,1057,1821,Monroe
1059,637,1057,1821,Monroe
1060,638,1057,1821,Monroe
1061,638,1057,1821,Monroe
1062,639,1057,1821,Monroe
1063,640,1057,1821,Monroe
1064,641,1057,1821,Monroe
1065,641,1057,1821,Monroe
1066,641,1057,1821,Monroe
1067,642,1057,1821,Monroe
1068,642,1057,1821,Monroe
1069,642,1057,1821,Monroe
1070,643,1057,1821,Monroe
1071,643,1057,1821,Monroe
1072,643,1057,1821,Monroe
1073,643,1057,1821,Monroe
1074,643,1057,1821,Monroe
1075,644,1057,1821,Monroe
1076,644,1057,1821,Monroe
1077,645,1057,1821,Monroe
1078,645,1057,1821,Monroe
1079,645,1057,1821,Monroe
1080,646,1057,1821,Monroe
1081,646,1057,1821,Monroe
1082,646,1057,1821,Monroe
1083,646,1057,1821,Monroe
1084,646,1057,1821,Monroe
1085,647,1057,1821,Monroe
1086,648,1057,1821,Monroe
1087,648,1057,1821,Monroe
1088,649,1057,1821,Monroe
1089,650,1057,1821,Monroe
1090,651,1057,1821,Monroe
1091,652,1057,1821,Monroe
1092,652,1057,1821,Monroe
1093,652,1057,1821,Monroe
1094,652,1057,1821,Monroe
1095,652,1057,1821,Monroe
1096,653,1057,1821,Monroe
1097,654,1057,1821,Monroe
1098,654,1057,1821,Monroe
1099,654,1057,1821,Monroe
1100,655,1057,1821,Monroe
1101,656,1057,1821,Monroe
1102,657,1057,1821,Monroe
1103,657,1057,1821,Monroe
1104,657,1057,1821,Monroe
1105,657,1057,1821,Monroe
1106,657,1057,1821,Monroe
1107,657,1057,1821,Monroe
1108,657,1057,1821,Monroe
1109,658,1057,1821,Monroe
1110,659,1057,1821,Monroe
1111,660,1057,1821,Monroe
1112,660,1057,1821,Monroe
1113,661,1057,1821,Monroe
1114,662,1057,1821,Monroe
1115,662,1057,1821,Monroe
1116,662,1057,1821,Monroe
1117,662,1057,1821,Monroe
1118,663,1057,1821,Monroe
1119,663,1057,1821,Monroe
1120,663,1057,1821,Monroe
1121,663,1057,1821,Monroe
1122,663,1057,1821,Monroe
1123,664,1057,1821,Monroe
1124,664,1057,1821,Monroe
1125,664,1057,1821,Monroe
1126,664,1057,1821,Monroe
1127,664,1057,1821,Monroe
1128,665,1057,1821,Monroe
1129,666,1057,1821,Monroe
1130,667,1057,1821,Monroe
1131,667,1057,1821,Monroe
1132,667,1057,1821,Monroe
1133,667,1057,1821,Monroe
1134,667,1057,1821,Monroe
1135,667,1057,1821,Monroe
1136,668,1057,1821,Monroe
1137,668,1057,1821,Monroe
1138,669,1057,1821,Monroe
1139,669,1057,1821,Monroe
1140,670,1057,1821,Monroe
1141,670,1057,1821,Monroe
1142,671,1057,1821,Monroe
1143,671,1057,1821,Monroe
1144,671,1057,1821,Monroe
1145,671,1057,1821,Monroe
1146,671,1057,1821,Monroe
1147,672,1057,1821,Monroe
1148,672,1057,1821,Monroe
1149,672,1057,1821,Monroe
1150,672,1057,1821,Monroe
1151,673,1057,1821,Monroe
1152,674,1057,1821,Monroe
1153,674,1057,1821,Monroe
1154,674,1057,1821,Monroe
1155,674,1057,1821,Monroe
1156,674,1057,1821,Monroe
1157,675,1057,1821,Monroe
1158,675,1057,1821,Monroe
1159,675,1057,1821,Monroe
1160,675,1057,1821,Monroe
1161,676,1057,1821,Monroe
1162,677,1057,1821,Monroe
1163,677,1057,1821,Monroe
1164,678,1057,1821,Monroe
1165,679,1057,1821,Monroe
1166,679,1057,1821,Monroe
1167,679,1057,1821,Monroe
1168,679,1057,1821,Monroe
1169,679,1057,1821,Monroe
1170,680,1057,1821,Monroe
1171,681,1057,1821,Monroe
1172,682,1057,1821,Monroe
1173,682,1057,1821,Monroe
1174,682,1057,1821,Monroe
1175,682,1057,1821,Monroe
1176,683,1057,1821,Monroe
1177,683,1057,1821,Monroe
1178,683,1057,1821,Monroe
1179,684,1057,1821,Monroe
1180,684,1057,1821,Monroe
1181,685,1057,1821,Monroe
1182,686,1057,1821,Monroe
1183,686,1057,1821,Monroe
1184,686,1057,1821,Monroe
1185,686,1057,1821,Monroe
1186,686,1057,1821,Monroe
1187,686,1057,1821,Monroe
1188,687,1057,1821,Monroe
1189,687,1057,1821,Monroe
1190,687,1057,1821,Monroe
1191,687,1057,1821,Monroe
1192,687,1057,1821,Monroe
1193,687,1057,1821,Monroe
1194,687,1057,1821,Monroe
1195,687,1057,1821,Monroe
1196,687,1057,1821,Monroe
1197,687,1057,1821,Monroe
1198,688,1057,1821,Monroe
1199,688,1057,1821,Monroe
1200,688,1057,1821,Monroe
1201,689,1057,1821,Monroe
1202,689,1057,1821,Monroe
1203,689,1057,1821,Monroe
1204,690,1057,1821,Monroe
1205,690,1057,1821,Monroe
1206,691,1057,1821,Monroe
1207,691,1057,1821,Monroe
1208,692,1057,1821,Monroe
1209,693,1057,1821,Monroe
1210,694,1057,1821,Monroe
1211,695,1057,1821,Monroe
1212,695,1057,1821,Monroe
1213,695,1057,1821,Monroe
1214,695,1057,1821,Monroe
1215,695,1057,1821,Monroe
1216,695,1057,1821,Monroe
1217,695,1057,1821,Monroe
1218,695,1057,1821,Monroe
1219,695,1057,1821,Monroe
1220,695,1057,1821,Monroe
1221,695,1057,1821,Monroe
1222,695,1057,1821,Monroe
1223,696,1057,1821,Monroe
1224,696,1057,1821,Monroe
1225,697,1057,1821,Monroe
1226,698,1057,1821,Monroe
1227,698,1057,1821,Monroe
1228,699,1057,1821,Monroe
1229,700,1057,1821,Monroe
1230,700,1057,1821,Monroe
1231,700,1057,1821,Monroe
1232,700,1057,1821,Monroe
1233,700,1057,1821,Monroe
1234,700,1057,1821,Monroe
1235,700,1057,1821,Monroe
1236,700,1057,1821,Monroe
1237,701,1057,1821,Monroe
1238,702,1057,1821,Monroe
1239,703,1057,1821,Monroe
1240,703,1057,1821,Monroe
1241,703,1057,1821,Monroe
1242,703,1057,1821,Monroe
1243,704,1057,1821,Monroe
1244,704,1057,1821,Monroe
1245,705,1057,1821,Monroe
1246,705,1057,1821,Monroe
1247,706,1057,1821,Monroe
1248,707,1057,1821,Monroe
1249,708,1057,1821,Monroe
1250,708,1057,1821,Monroe
1251,708,1057,1821,Monroe
1252,709,1057,1821,Monroe
1253,709,1057,1821,Monroe
1254,710,1057,1821,Monroe
1255,711,1057,1821,Monroe
1256,712,1057,1821,Monroe
1257,713,1057,1821,Monroe
1258,713,1057,1821,Monroe
1259,714,1057,1821,Monroe
1260,714,1057,1821,Monroe
1261,714,1057,1821,Monroe
1262,714,1057,1821,Monroe
1263,715,1057,1821,Monroe
1264,715,1057,1821,Monroe
1265,715,1057,1821,Monroe
1266,715,1057,1821,Monroe
1267,715,1057,1821,Monroe
1268,716,1057,1821,Monroe
1269,716,1057,1821,Monroe
1270,716,1057,1821,Monroe
1271,716,1057,1821,Monroe
1272,716,1057,1821,Monroe
1273,717,1057,1821,Monroe
1274,718,1057,1821,Monroe
1275,718,1057,1821,Monroe
1276,718,1057,1821,Monroe
1277,719,1057,1821,Monroe
1278,720,1057,1821,Monroe
1279,720,1057,1821,Monroe
1280,720,1057,1821,Monroe
1281,721,1057,1821,Monroe
1282,721,1057,1821,Monroe
1283,722,1057,1821,Monroe
1284,722,1057,1821,Monroe
1285,722,1057,1821,Monroe
1286,722,1057,1821,Monroe
1287,723,1057,1821,Monroe
1288,724,1057,1821,Monroe
1289,725,1057,1821,Monroe
1290,725,1057,1821,Monroe
1291,725,1057,1821,Monroe
1292,726,1057,1821,Monroe
1293,726,1057,1821,Monroe
1294,727,1057,1821,Monroe
1295,727,1057,1821,Monroe
1296,728,1057,1821,Monroe
1297,729,1057,1821,Monroe
1298,729,1057,1821,Monroe
1299,729,1057,1821,Monroe
1300,729,1057,1821,Monroe
1301,729,1057,1821,Monroe
1302,730,1057,1821,Monroe
1303,730,1057,1821,Monroe
1304,731,1057,1821,Monroe
1305,732,1057,1821,Monroe
1306,733,1057,1821,Monroe
1307,733,1057,1821,Monroe
1308,733,1057,1821,Monroe
1309,733,1057,1821,Monroe
1310,734,1057,1821,Monroe
1311,735,1057,1821,Monroe
1312,736,1057,1821,Monroe
1313,736,1057,1821,Monroe
1314,737,1057,1821,Monroe
1315,738,1057,1821,Monroe
1316,739,1057,1821,Monroe
1317,739,1057,1821,Monroe
1318,740,1057,1821,Monroe
1319,741,1057,1821,Monroe
1320,741,1057,1821,Monroe
1321,742,1057,1821,Monroe
1322,742,1057,1821,Monroe
1323,742,1057,1821,Monroe
1324,743,1057,1821,Monroe
1325,743,1057,1821,Monroe
1326,743,1057,1821,Monroe
1327,743,1057,1821,Monroe
1328,744,1057,1821,Monroe
1329,745,1057,1821,Monroe
1330,746,1057,1821,Monroe
1331,746,1057,1821,Monroe
1332,746,1057,1821,Monroe
1333,747,1057,1821,Monroe
1334,748,1057,1821,Monroe
1335,749,1057,1821,Monroe
1336,749,1057,1821,Monroe
1337,749,1057,1821,Monroe
1338,749,1057,1821,Monroe
1339,750,1057,1821,Monroe
1340,750,1057,1821,Monroe
1341,751,1057,1821,Monroe
1342,751,1057,1821,Monroe
1343,752,1057,1821,Monroe
1344,753,1057,1821,Monroe
1345,753,1057,1821,Monroe
1346,753,1057,1821,Monroe
1347,753,1057,1821,Monroe
1348,754,1057,1821,Monroe
1349,755,1057,1821,Monroe
1350,755,1057,1821,Monroe
1351,755,1057,1821,Monroe
1352,755,1057,1821,Monroe
1353,755,1057,1821,Monroe
1354,755,1057,1821,Monroe
1355,756,1057,1821,Monroe
1356,756,1057,1821,Monroe
1357,757,1057,1821,Monroe
1358,758,1057,1821,Monroe
1359,758,1057,1821,Monroe
1360,759,1057,1821,Monroe
1361,760,1057,1821,Monroe
1362,760,1057,1821,Monroe
1363,760,1057,1821,Monroe
1364,761,1057,1821,Monroe
1365,762,1057,1821,Monroe
1366,763,1057,1821,Monroe
1367,763,1057,1821,Monroe
1368,763,1057,1821,Monroe
1369,763,1057,1821,Monroe
1370,763,1057,1821,Monroe
1371,763,1057,1821,Monroe
1372,763,1057,1821,Monroe
1373,763,1057,1821,Monroe
1374,763,1057,1821,Monroe
1375,763,1057,1821,Monroe
1376,764,1057,1821,Monroe
1377,765,1057,1821,Monroe
1378,765,1057,1821,Monroe
1379,766,1057,1821,Monroe
1380,766,1057,1821,Monroe
1381,766,1057,1821,Monroe
1382,766,1057,1821,Monroe
1383,766,1057,1821,Monroe
1384,766,1057,1821,Monroe
1385,766,1057,1821,Monroe
1386,766,1057,1821,Monroe
1387,766,1057,1821,Monroe
1388,766,1057,1821,Monroe
1389,767,1057,1821,Monroe
1390,768,1057,1821,Monroe
1391,768,1057,1821,Monroe
1392,768,1057,1821,Monroe
1393,768,1057,1821,Monroe
1394,769,1057,1821,Monroe
1395,769,1057,1821,Monroe
1396,770,1057,1821,Monroe
1397,770,1057,1821,Monroe
1398,770,1057,1821,Monroe
1399,771,1057,1821,Monroe
1400,772,1057,1821,Monroe
1401,772,1057,1821,Monroe
1402,773,1057,1821,Monroe
1403,773,1057,1821,Monroe
1404,773,1057,1821,Monroe
1405,773,1057,1821,Monroe
1406,773,1057,1821,Monroe
1407,773,1057,1821,Monroe
1408,773,1057,1821,Monroe
1409,773,1057,1821,Monroe
1410,773,1057,1821,Monroe
1411,773,1057,1821,Monroe
1412,773,1057,1821,Monroe
1413,773,1057,1821,Monroe
1414,774,1057,1821,Monroe
1415,774,1057,1821,Monroe
1416,774,1057,1821,Monroe
1417,774,1057,1821,Monroe
1418,774,1057,1821,Monroe
1419,774,1057,1821,Monroe
1420,774,1057,1821,Monroe
1421,774,1057,1821,Monroe
1422,774,1057,1821,Monroe
1423,775,1057,1821,Monroe
1424,775,1057,1821,Monroe
1425,775,1057,1821,Monroe
1426,775,1057,1821,Monroe
1427,775,1057,1821,Monroe
1428,775,1057,1821,Monroe
1429,775,1057,1821,Monroe
1430,775,1057,1821,Monroe
1431,775,1057,1821,Monroe
1432,775,1057,1821,Monroe
1433,775,1057,1821,Monroe
1434,775,1057,1821,Monroe
1435,776,1057,1821,Monroe
1436,776,1057,1821,Monroe
1437,777,1057,1821,Monroe
1438,777,1057,1821,Monroe
1439,777,1057,1821,Monroe
1440,777,1057,1821,Monroe
1441,777,1057,1821,Monroe
1442,778,1057,1821,Monroe
1443,778,1057,1821,Monroe
1444,778,1057,1821,Monroe
1445,778,1057,1821,Monroe
1446,778,1057,1821,Monroe
1447,779,1057,1821,Monroe
1448,779,1057,1821,Monroe
1449,780,1057,1821,Monroe
1450,781,1057,1821,Monroe
1451,781,1057,1821,Monroe
1452,781,1057,1821,Monroe
1453,781,1057,1821,Monroe
1454,781,1057,1821,Monroe
1455,782,1057,1821,Monroe
1456,782,1057,1821,Monroe
1457,782,1057,1821,Monroe
1458,782,1057,1821,Monroe
1459,782,1057,1821,Monroe
1460,782,1057,1821,Monroe
1461,782,1057,1821,Monroe
1462,782,1057,1821,Monroe
1463,782,1057,1821,Monroe
1464,782,1057,1821,Monroe
1465,783,1057,1821,Monroe
1466,783,1057,1821,Monroe
1467,783,1057,1821,Monroe
1468,783,1057,1821,Monroe
1469,784,1057,1821,Monroe
1470,784,1057,1821,Monroe
1471,784,1057,1821,Monroe
1472,785,1057,1821,Monroe
1473,785,1057,1821,Monroe
1474,786,1057,1821,Monroe
1475,786,1057,1821,Monroe
1476,786,1057,1821,Monroe
1477,786,1057,1821,Monroe
1478,786,1057,1821,Monroe
1479,786,1057,1821,Monroe
1480,787,1057,1821,Monroe
1481,788,1057,1821,Monroe
1482,788,1057,1821,Monroe
1483,788,1057,1821,Monroe
1484,788,1057,1821,Monroe
1485,788,1057,1821,Monroe
1486,789,1057,1821,Monroe
1487,789,1057,1821,Monroe
1488,789,1057,1821,Monroe
1489,789,1057,1821,Monroe
1490,789,1057,1821,Monroe
1491,789,1057,1821,Monroe
1492,790,1057,1821,Monroe
1493,791,1057,1821,Monroe
1494,792,1057,1821,Monroe
1495,792,1057,1821,Monroe
1496,792,1057,1821,Monroe
1497,792,1057,1821,Monroe
1498,792,1057,1821,Monroe
1499,792,1057,1821,Monroe
1500,792,1057,1821,Monroe
1501,792,1057,1821,Monroe
1502,792,1057,1821,Monroe
1503,793,1057,1821,Monroe
1504,794,1057,1821,Monroe
1505,794,1057,1821,Monroe
1506,794,1057,1821,Monroe
1507,794,1057,1821,Monroe
1508,794,1057,1821,Monroe
1509,794,1057,1821,Monroe
1510,795,1057,1821,Monroe
1511,796,1057,1821,Monroe
1512,797,1057,1821,Monroe
1513,797,1057,1821,Monroe
1514,798,1057,1821,Monroe
1515,798,1057,1821,Monroe
1516,798,1057,1821,Monroe
1517,798,1057,1821,Monroe
1518,798,1057,1821,Monroe
1519,799,1057,1821,Monroe
1520,799,1057,1821,Monroe
1521,799,1057,1821,Monroe
1522,799,1057,1821,Monroe
1523,800,1057,1821,Monroe
1524,800,1057,1821,Monroe
1525,800,1057,1821,Monroe
1526,801,1057,1821,Monroe
1527,801,1057,1821,Monroe
1528,801,1057,1821,Monroe
1529,801,1057,1821,Monroe
1530,801,1057,1821,Monroe
1531,801,1057,1821,Monroe
1532,802,1057,1821,Monroe
1533,802,1057,1821,Monroe
1534,802,1057,1821,Monroe
1535,803,1057,1821,Monroe
1536,804,1057,1821,Monroe
1537,804,1057,1821,Monroe
1538,805,1057,1821,Monroe
1539,805,1057,1821,Monroe
1540,806,1057,1821,Monroe
1541,806,1057,1821,Monroe
1542,807,1057,1821,Monroe
1543,808,1057,1821,Monroe
1544,808,1057,1821,Monroe
1545,808,1057,1821,Monroe
1546,809,1057,1821,Monroe
1547,809,1057,1821,Monroe
1548,810,1057,1821,Monroe
1549,810,1057,1821,Monroe
1550,811,1057,1821,Monroe
1551,812,1057,1821,Monroe
1552,813,1057,1821,Monroe
1553,814,1057,1821,Monroe
1554,814,1057,1821,Monroe
1555,814,1057,1821,Monroe
1556,814,1057,1821,Monroe
1557,815,1057,1821,Monroe
1558,816,1057,1821,Monroe
1559,816,1057,1821,Monroe
1560,816,1057,1821,Monroe
1561,816,1057,1821,Monroe
1562,817,1057,1821,Monroe
1563,817,1057,1821,Monroe
1564,817,1057,1821,Monroe
1565,818,1057,1821,Monroe
1566,819,1057,1821,Monroe
1567,820,1057,1821,Monroe
1568,820,1057,1821,Monroe
1569,821,1057,1821,Monroe
1570,821,1057,1821,Monroe
1571,822,1057,1821,Monroe
1572,823,1057,1821,Monroe
1573,823,1057,1821,Monroe
1574,824,1057,1821,Monroe
1575,824,1057,1821,Monroe
1576,824,1057,1821,Monroe
1577,824,1057,1821,Monroe
1578,825,1057,1821,Monroe
1579,825,1057,1821,Monroe
1580,825,1057,1821,Monroe
1581,825,1057,1821,Monroe
1582,825,1057,1821,Monroe
1583,825,1057,1821,Monroe
1584,825,1057,1821,Monroe
1585,825,1057,1821,Monroe
1586,825,1057,1821,Monroe
1587,826,1057,1821,Monroe
1588,827,1057,1821,Monroe
1589,828,1057,1821,Monroe
1590,828,1057,1821,Monroe
1591,828,1057,1821,Monroe
1592,828,1057,1821,Monroe
1593,829,1057,1821,Monroe
1594,830,1057,1821,Monroe
1595,831,1057,1821,Monroe
1596,832,1057,1821,Monroe
1597,832,1057,1821,Monroe
1598,833,1057,1821,Monroe
1599,834,1057,1821,Monroe
1600,834,1057,1821,Monroe
1601,835,1057,1821,Monroe
1602,835,1057,1821,Monroe
1603,835,1057,1821,Monroe
1604,835,1057,1821,Monroe
1605,836,1057,1821,Monroe
1606,837,1057,1821,Monroe
1607,837,1057,1821,Monroe
1608,838,1057,1821,Monroe
1609,838,1057,1821,Monroe
1610,839,1057,1821,Monroe
1611,840,1057,1821,Monroe
1612,841,1057,1821,Monroe
1613,842,1057,1821,Monroe
1614,842,1057,1821,Monroe
1615,842,1057,1821,Monroe
1616,842,1057,1821,Monroe
1617,842,1057,1821,Monroe
1618,843,1057,1821,Monroe
1619,844,1057,1821,Monroe
1620,845,1057,1821,Monroe
1621,846,1057,1821,Monroe
1622,846,1057,1821,Monroe
1623,847,1057,1821,Monroe
1624,847,1057,1821,Monroe
1625,847,1057,1821,Monroe
1626,847,1057,1821,Monroe
1627,848,1057,1821,Monroe
1628,849,1057,1821,Monroe
1629,850,1057,1821,Monroe
1630,851,1057,1821,Monroe
1631,852,1057,1821,Monroe
1632,853,1057,1821,Monroe
1633,854,1057,1821,Monroe
1634,854,1057,1821,Monroe
1635,854,1057,1821,Monroe
1636,855,1057,1821,Monroe
1637,855,1057,1821,Monroe
1638,856,1057,1821,Monroe
1639,856,1057,1821,Monroe
1640,857,1057,1821,Monroe
1641,857,1057,1821,Monroe
1642,857,1057,1821,Monroe
1643,857,1057,1821,Monroe
1644,857,1057,1821,Monroe
1645,858,1057,1821,Monroe
1646,858,1057,1821,Monroe
1647,859,1057,1821,Monroe
1648,859,1057,1821,Monroe
1649,859,1057,1821,Monroe
1650,859,1057,1821,Monroe
1651,859,1057,1821,Monroe
1652,860,1057,1821,Monroe
1653,860,1057,1821,Monroe
1654,860,1057,1821,Monroe
1655,861,1057,1821,Monroe
1656,861,1057,1821,Monroe
1657,862,1057,1821,Monroe
1658,862,1057,1821,Monroe
1659,863,1057,1821,Monroe
1660,864,1057,1821,Monroe
1661,865,1057,1821,Monroe
1662,866,1057,1821,Monroe
1663,866,1057,1821,Monroe
1664,867,1057,1821,Monroe
1665,868,1057,1821,Monroe
1666,869,1057,1821,Monroe
1667,869,1057,1821,Monroe
1668,870,1057,1821,Monroe
1669,871,1057,1821,Monroe
1670,871,1057,1821,Monroe
1671,872,1057,1821,Monroe
1672,872,1057,1821,Monroe
1673,872,1057,1821,Monroe
1674,873,1057,1821,Monroe
1675,874,1057,1821,Monroe
1676,875,1057,1821,Monroe
1677,875,1057,1821,Monroe
1678,875,1057,1821,Monroe
1679,875,1057,1821,Monroe
1680,876,1057,1821,Monroe
1681,877,1057,1821,Monroe
1682,877,1057,1821,Monroe
1683,877,1057,1821,Monroe
1684,877,1057,1821,Monroe
1685,877,1057,1821,Monroe
1686,877,1057,1821,Monroe
1687,878,1057,1821,Monroe
1688,878,1057,1821,Monroe
1689,878,1057,1821,Monroe
1690,879,1057,1821,Monroe
1691,880,1057,1821,Monroe
1692,880,1057,1821,Monroe
1693,881,1057,1821,Monroe
1694,882,1057,1821,Monroe
1695,883,1057,1821,Monroe
1696,884,1057,1821,Monroe
1697,884,1057,1821,Monroe
1698,884,1057,1821,Monroe
1699,884,1057,1821,Monroe
1700,885,1057,1821,Monroe
1701,885,1057,1821,Monroe
1702,885,1057,1821,Monroe
1703,885,1057,1821,Monroe
1704,885,1057,1821,Monroe
1705,885,1057,1821,Monroe
1706,885,1057,1821,Monroe
1707,885,1057,1821,Monroe
1708,885,1057,1821,Monroe
1709,885,1057,1821,Monroe
1710,885,1057,1821,Monroe
1711,885,1057,1821,Monroe
1712,885,1057,1821,Monroe
1713,885,1057,1821,Monroe
1714,886,1057,1821,Monroe
1715,886,1057,1821,Monroe
1716,886,1057,1821,Monroe
1717,887,1057,1821,Monroe
1718,888,1057,1821,Monroe
1719,888,1057,1821,Monroe
1720,888,1057,1821,Monroe
1721,888,1057,1821,Monroe
1722,888,1057,1821,Monroe
1723,889,1057,1821,Monroe
1724,890,1057,1821,Monroe
1725,890,1057,1821,Monroe
1726,890,1057,1821,Monroe
1727,891,1057,1821,Monroe
1728,892,1057,1821,Monroe
1729,892,1057,1821,Monroe
1730,892,1057,1821,Monroe
1731,893,1057,1821,Monroe
1732,894,1057,1821,Monroe
1733,895,1057,1821,Monroe
1734,895,1057,1821,Monroe
1735,895,1057,1821,Monroe
1736,895,1057,1821,Monroe
1737,895,1057,1821,Monroe
1738,895,1057,1821,Monroe
1739,896,1057,1821,Monroe
1740,896,1057,1821,Monroe
1741,897,1057,1821,Monroe
1742,897,1057,1821,Monroe
1743,898,1057,1821,Monroe
1744,898,1057,1821,Monroe
1745,898,1057,1821,Monroe
1746,899,1057,1821,Monroe
1747,899,1057,1821,Monroe
1748,899,1057,1821,Monroe
1749,899,1057,1821,Monroe
1750,899,1057,1821,Monroe
1751,900,1057,1821,Monroe
1752,900,1057,1821,Monroe
1753,901,1057,1821,Monroe
1754,901,1057,1821,Monroe
1755,901,1057,1821,Monroe
1756,901,1057,1821,Monroe
1757,901,1057,1821,Monroe
1758,901,1057,1821,Monroe
1759,902,1057,1821,Monroe
1760,902,1057,1821,Monroe
1761,902,1057,1821,Monroe
1762,902,1057,1821,Monroe
1763,903,1057,1821,Monroe
1764,903,1057,1821,Monroe
1765,904,1057,1821,Monroe
1766,904,1057,1821,Monroe
1767,904,1057,1821,Monroe
1768,904,1057,1821,Monroe
1769,905,1057,1821,Monroe
1770,906,1057,1821,Monroe
1771,906,1057,1821,Monroe
1772,906,1057,1821,Monroe
1773,907,1057,1821,Monroe
1774,908,1057,1821,Monroe
1775,909,1057,1821,Monroe
1776,909,1057,1821,Monroe
1777,909,1057,1821,Monroe
1778,910,1057,1821,Monroe
1779,911,1057,1821,Monroe
1780,911,1057,1821,Monroe
1781,911,1057,1821,Monroe
1782,912,1057,1821,Monroe
1783,913,1057,1821,Monroe
1784,914,1057,1821,Monroe
1785,915,1057,1821,Monroe
1786,915,1057,1821,Monroe
1787,916,1057,1821,Monroe
1788,916,1057,1821,Monroe
1789,917,1057,1821,Monroe
1790,917,1057,1821,Monroe
1791,918,1057,1821,Monroe
1792,918,1057,1821,Monroe
1793,919,1057,1821,Monroe
1794,920,1057,1821,Monroe
1795,921,1057,1821,Monroe
1796,921,1057,1821,Monroe
1797,922,1057,1821,Monroe
1798,922,1057,1821,Monroe
1799,922,1057,1821,Monroe
1800,923,1057,1821,Monroe
1801,924,1057,1821,Monroe
1802,925,1057,1821,Monroe
1803,925,1057,1821,Monroe
1804,925,1057,1821,Monroe
1805,926,1057,1821,Monroe
1806,926,1057,1821,Monroe
1807,926,1057,1821,Monroe
1808,927,1057,1821,Monroe
1809,928,1057,1821,Monroe
1810,929,1057,1821,Monroe
1811,929,1057,1821,Monroe
1812,929,1057,1821,Monroe
1813,929,1057,1821,Monroe
1814,929,1057,1821,Monroe
1815,930,1057,1821,Monroe
1816,930,1057,1821,Monroe
1817,930,1057,1821,Monroe
1818,930,1057,1821,Monroe
1819,930,1057,1821,Monroe
1820,930,1057,1821,Monroe
1821,931,1057,1821,Monroe
1822,932,1057,1821,Monroe
1823,932,1057,1821,Monroe
1824,933,1057,1821,Monroe
1825,933,1057,1821,Monroe
1826,933,1057,1821,Monroe
1827,933,1057,1821,Monroe
1828,933,1057,1821,Monroe
1829,933,1057,1821,Monroe
1830,933,1057,1821,Monroe
1831,933,1057,1821,Monroe
1832,934,1057,1821,Monroe
1833,934,1057,1821,Monroe
1834,934,1057,1821,Monroe
1835,934,1057,1821,Monroe
1836,935,1057,1821,Monroe
1837,936,1057,1821,Monroe
1838,937,1057,1821,Monroe
1839,938,1057,1821,Monroe
1840,939,1057,1821,Monroe
1841,939,1057,1821,Monroe
1842,939,1057,1821,Monroe
1843,939,1057,1821,Monroe
1844,939,1057,1821,Monroe
1845,939,1057,1821,Monroe
1846,939,1057,1821,Monroe
1847,940,1057,1821,Monroe
1848,941,1057,1821,Monroe
1849,942,1057,1821,Monroe
1850,943,1057,1821,Monroe
1851,944,1057,1821,Monroe
1852,945,1057,1821,Monroe
1853,946,1057,1821,Monroe
1854,946,1057,1821,Monroe
1855,947,1057,1821,Monroe
1856,947,1057,1821,Monroe
1857,948,1057,1821,Monroe
1858,948,1057,1821,Monroe
1859,948,1057,1821,Monroe
1860,949,1057,1821,Monroe
1861,949,1057,1821,Monroe
1862,950,1057,1821,Monroe
1863,950,1057,1821,Monroe
1864,950,1057,1821,Monroe
1865,950,1057,1821,Monroe
1866,951,1057,1821,Monroe
1867,951,1057,1821,Monroe
1868,951,1057,1821,Monroe
1869,952,1057,1821,Monroe
1870,953,1057,1821,Monroe
1871,954,1057,1821,Monroe
1872,954,1057,1821,Monroe
1873,954,1057,1821,Monroe
1874,955,1057,1821,Monroe
1875,955,1057,1821,Monroe
1876,956,1057,1821,Monroe
1877,956,1057,1821,Monroe
1878,956,1057,1821,Monroe
1879,956,1057,1821,Monroe
1880,957,1057,1821,Monroe
1881,957,1057,1821,Monroe
1882,957,1057,1821,Monroe
1883,958,1057,1821,Monroe
1884,959,1057,1821,Monroe
1885,960,1057,1821,Monroe
1886,961,1057,1821,Monroe
1887,961,1057,1821,Monroe
1888,961,1057,1821,Monroe
1889,962,1057,1821,Monroe
1890,963,1057,1821,Monroe
1891,963,1057,1821,Monroe
1892,963,1057,1821,Monroe
1893,964,1057,1821,Monroe
1894,965,1057,1821,Monroe
1895,965,1057,1821,Monroe
1896,965,1057,1821,Monroe
1897,965,1057,1821,Monroe
1898,965,1057,1821,Monroe
1899,965,1057,1821,Monroe
1900,965,1057,1821,Monroe
1901,965,1057,1821,Monroe
1902,965,1057,1821,Monroe
1903,965,1057,1821,Monroe
1904,966,1057,1821,Monroe
1905,966,1057,1821,Monroe
1906,967,1057,1821,Monroe
1907,967,1057,1821,Monroe
1908,967,1057,1821,Monroe
1909,967,1057,1821,Monroe
1910,968,1057,1821,Monroe
1911,969,1057,1821,Monroe
1912,970,1057,1821,Monroe
1913,970,1057,1821,Monroe
1914,970,1057,1821,Monroe
1915,971,1057,1821,Monroe
1916,971,1057,1821,Monroe
1917,971,1057,1821,Monroe
1918,971,1057,1821,Monroe
1919,971,1057,1821,Monroe
1920,971,1057,1821,Monroe
1921,971,1057,1821,Monroe
1922,971,1057,1821,Monroe
1923,971,1057,1821,Monroe
1924,972,1057,1821,Monroe
1925,972,1057,1821,Monroe
1926,972,1057,1821,Monroe
1927,972,1057,1821,Monroe
1928,972,1057,1821,Monroe
1929,973,1057,1821,Monroe
1930,973,1057,1821,Monroe
1931,973,1057,1821,Monroe
1932,973,1057,1821,Monroe
1933,973,1057,1821,Monroe
1934,974,1057,1821,Monroe
1935,974,1057,1821,Monroe
1936,975,1057,1821,Monroe
1937,976,1057,1821,Monroe
1938,977,1057,1821,Monroe
1939,978,1057,1821,Monroe
1940,978,1057,1821,Monroe
1941,978,1057,1821,Monroe
1942,979,1057,1821,Monroe
1943,980,1057,1821,Monroe
1944,980,1057,1821,Monroe
1945,981,1057,1821,Monroe
1946,982,1057,1821,Monroe
1947,982,1057,1821,Monroe
1948,982,1057,1821,Monroe
1949,983,1057,1821,Monroe
1950,984,1057,1821,Monroe
1951,984,1057,1821,Monroe
1952,984,1057,1821,Monroe
1953,984,1057,1821,Monroe
1954,984,1057,1821,Monroe
1955,985,1057,1821,Monroe
1956,986,1057,1821,Monroe
1957,987,1057,1821,Monroe
1958,987,1057,1821,Monroe
1959,987,1057,1821,Monroe
1960,987,1057,1821,Monroe
1961,987,1057,1821,Monroe
1962,987,1057,1821,Monroe
1963,987,1057,1821,Monroe
1964,988,1057,1821,Monroe
1965,989,1057,1821,Monroe
1966,989,1057,1821,Monroe
1967,989,1057,1821,Monroe
1968,989,1057,1821,Monroe
1969,990,1057,1821,Monroe
1970,990,1057,1821,Monroe
1971,990,1057,1821,Monroe
1972,990,1057,1821,Monroe
1973,990,1057,1821,Monroe
1974,991,1057,1821,Monroe
1975,992,1057,1821,Monroe
1976,992,1057,1821,Monroe
1977,993,1057,1821,Monroe
1978,993,1057,1821,Monroe
1979,993,1057,1821,Monroe
1980,994,1057,1821,Monroe
1981,994,1057,1821,Monroe
1982,994,1057,1821,Monroe
1983,994,1057,1821,Monroe
1984,994,1057,1821,Monroe
1985,995,1057,1821,Monroe
1986,995,1057,1821,Monroe
1987,995,1057,1821,Monroe
1988,996,1057,1821,Monroe
1989,996,1057,1821,Monroe
1990,996,1057,1821,Monroe
1991,996,1057,1821,Monroe
1992,997,1057,1821,Monroe
1993,998,1057,1821,Monroe
1994,999,1057,1821,Monroe
1995,999,1057,1821,Monroe
1996,999,1057,1821,Monroe
1997,1000,1057,1821,Monroe
1998,1000,1057,1821,Monroe
1999,1000,1057,1821,Monroe
2000,1001,1057,1821,Monroe
2001,1002,1057,1821,Monroe
2002,1003,1057,1821,Monroe
2003,1004,1057,1821,Monroe
2004,1005,1057,1821,Monroe
2005,1006,1057,1821,Monroe
2006,1006,1057,1821,Monroe
2007,1006,1057,1821,Monroe
2008,1007,1057,1821,Monroe
2009,1007,1057,1821,Monroe
2010,1008,1057,1821,Monroe
2011,1009,1057,1821,Monroe
2012,1010,1057,1821,Monroe
2013,1010,1057,1821,Monroe
2014,1011,1057,1821,Monroe
2015,1011,1057,1821,Monroe
2016,1011,1057,1821,Monroe
2017,1012,1057,1821,Monroe
2018,1012,1057,1821,Monroe
2019,1013,1057,1821,Monroe
2020,1014,1057,1821,Monroe
2021,1014,1057,1821,Monroe
2022,1015,1057,1821,Monroe
2023,1015,1057,1821,Monroe
2024,1015,1057,1821,Monroe
2025,1015,1057,1821,Monroe
2026,1015,1057,1821,Monroe
2027,1015,1057,1821,Monroe
2028,1015,1057,1821,Monroe
2029,1015,1057,1821,Monroe
2030,1015,1057,1821,Monroe
2031,1015,1057,1821,Monroe
2032,1015,1057,1821,Monroe
2033,1015,1057,1821,Monroe
2034,1016,1057,1821,Monroe
2035,1016,1057,1821,Monroe
2036,1017,1057,1821,Monroe
2037,1018,1057,1821,Monroe
2038,1018,1057,1821,Monroe
2039,1019,1057,1821,Monroe
2040,1019,1057,1821,Monroe
2041,1020,1057,1821,Monroe
2042,1020,1057,1821,Monroe
2043,1021,1057,1821,Monroe
2044,1021,1057,1821,Monroe
2045,1021,1057,1821,Monroe
2046,1021,1057,1821,Monroe
2047,1021,1057,1821,Monroe
2048,1022,1057,1821,Monroe
2049,1022,1057,1821,Monroe
2050,1022,1057,1821,Monroe
2051,1022,1057,1821,Monroe
2052,1022,1057,1821,Monroe
2053,1022,1057,1821,Monroe
2054,1023,1057,1821,Monroe
2055,1023,1057,1821,Monroe
2056,1024,1057,1821,Monroe
2057,1024,1057,1821,Monroe
2058,1024,1057,1821,Monroe
2059,1024,1057,1821,Monroe
2060,1024,1057,1821,Monroe
2061,1024,1057,1821,Monroe
2062,1024,1057,1821,Monroe
2063,1024,1057,1821,Monroe
2064,1024,1057,1821,Monroe
2065,1024,1057,1821,Monroe
2066,1025,1057,1821,Monroe
2067,1025,1057,1821,Monroe
2068,1026,1057,1821,Monroe
2069,1026,1057,1821,Monroe
2070,1026,1057,1821,Monroe
2071,1027,1057,1821,Monroe
2072,1027,1057,1821,Monroe
2073,1027,1057,1821,Monroe
2074,1028,1057,1821,Monroe
2075,1028,1057,1821,Monroe
2076,1028,1057,1821,Monroe
2077,1028,1057,1821,Monroe
2078,1028,1057,1821,Monroe
2079,1029,1057,1821,Monroe
2080,1029,1057,1821,Monroe
2081,1029,1057,1821,Monroe
2082,1029,1057,1821,Monroe
2083,1029,1057,1821,Monroe
2084,1029,1057,1821,Monroe
2085,1029,1057,1821,Monroe
2086,1029,1057,1821,Monroe
2087,1030,1057,1821,Monroe
2088,1030,1057,1821,Monroe
2089,1030,1057,1821,Monroe
2090,1030,1057,1821,Monroe
2091,1031,1057,1821,Monroe
2092,1031,1057,1821,Monroe
2093,1031,1057,1821,Monroe
2094,1031,1057,1821,Monroe
2095,1032,1057,1821,Monroe
2096,1033,1057,1821,Monroe
2097,1033,1057,1821,Monroe
2098,1033,1057,1821,Monroe
2099,1033,1057,1821,Monroe
2100,1034,1057,1821,Monroe
2101,1034,1057,1821,Monroe
2102,1035,1057,1821,Monroe
2103,1036,1057,1821,Monroe
2104,1037,1057,1821,Monroe
2105,1037,1057,1821,Monroe
2106,1038,1057,1821,Monroe
2107,1038,1057,1821,Monroe
2108,1038,1057,1821,Monroe
2109,1038,1057,1821,Monroe
2110,1039,1057,1821,Monroe
2111,1040,1057,1821,Monroe
2112,1041,1057,1821,Monroe
2113,1042,1057,1821,Monroe
2114,1043,1057,1821,Monroe
2115,1044,1057,1821,Monroe
2116,1044,1057,1821,Monroe
2117,1045,1057,1821,Monroe
2118,1045,1057,1821,Monroe
2119,1045,1057,1821,Monroe
2120,1045,1057,1821,Monroe
2121,1045,1057,1821,Monroe
2122,1045,1057,1821,Monroe
2123,1046,1057,1821,Monroe
2124,1046,1057,1821,Monroe
2125,1046,1057,1821,Monroe
2126,1046,1057,1821,Monroe
2127,1046,1057,1821,Monroe
2128,1046,1057,1821,Monroe
2129,1046,1057,1821,Monroe
2130,1046,1057,1821,Monroe
2131,1046,1057,1821,Monroe
2132,1046,1057,1821,Monroe
2133,1046,1057,1821,Monroe
2134,1046,1057,1821,Monroe
2135,1046,1057,1821,Monroe
2136,1046,1057,1821,Monroe
2137,1046,1057,1821,Monroe
2138,1046,1057,1821,Monroe
2139,1047,1057,1821,Monroe
2140,1048,1057,1821,Monroe
2141,1049,1057,1821,Monroe
2142,1049,1057,1821,Monroe
2143,1049,1057,1821,Monroe
2144,1050,1057,1821,Monroe
2145,1050,1057,1821,Monroe
2146,1050,1057,1821,Monroe
2147,1051,1057,1821,Monroe
2148,1052,1057,1821,Monroe
2149,1053,1057,1821,Monroe
2150,1053,1057,1821,Monroe
2151,1054,1057,1821,Monroe
2152,1055,1057,1821,Monroe
2153,1055,1057,1821,Monroe
2154,1055,1057,1821,Monroe
2155,1056,1057,1821,Monroe
2156,1057,1057,1821,Monroe
2157,1057,1057,1821,Monroe
2158,1057,1057,1821,Monroe
2159,1057,1057,1821,Monroe
2160,1057,1057,1821,Monroe
