0,1,395,1833,Jackson
1,2,395,1833,Jackson
2,3,395,1833,Jackson
3,4,395,1833,Jackson
4,5,395,1833,Jackson
5,6,395,1833,Jackson
6,7,395,1833,Jackson
7,8,395,1833,Jackson
8,9,395,1833,Jackson
9,10,395,1833,Jackson
10,11,395,1833,Jackson
11,12,395,1833,Jackson
12,13,395,1833,Jackson
13,14,395,1833,Jackson
14,15,395,1833,Jackson
15,16,395,1833,Jackson
16,17,395,1833,Jackson
17,18,395,1833,Jackson
18,19,395,1833,Jackson
19,20,395,1833,Jackson
20,21,395,1833,Jackson
21,22,395,1833,Jackson
22,23,395,1833,Jackson
23,24,395,1833,Jackson
24,25,395,1833,Jackson
25,26,395,1833,Jackson
26,27,395,1833,Jackson
27,28,395,1833,Jackson
28,29,395,1833,Jackson
29,30,395,1833,Jackson
30,31,395,1833,Jackson
31,32,395,1833,Jackson
32,33,395,1833,Jackson
33,33,395,1833,Jackson
34,34,395,1833,Jackson
35,34,395,1833,Jackson
36,35,395,1833,Jackson
37,36,395,1833,Jackson
38,37,395,1833,Jackson
39,38,395,1833,Jackson
40,39,395,1833,Jackson
41,40,395,1833,Jackson
42,41,395,1833,Jackson
43,42,395,1833,Jackson
44,43,395,1833,Jackson
45,44,395,1833,Jackson
46,45,395,1833,Jackson
47,46,395,1833,Jackson
48,47,395,1833,Jackson
49,48,395,1833,Jackson
50,49,395,1833,Jackson
51,50,395,1833,Jackson
52,51,395,1833,Jackson
53,52,395,1833,Jackson
54,53,395,1833,Jackson
55,54,395,1833,Jackson
56,55,395,1833,Jackson
57,56,395,1833,Jackson
58,57,395,1833,Jackson
59,58,395,1833,Jackson
60,59,395,1833,Jackson
61,60,395,1833,Jackson
62,61,395,1833,Jackson
63,62,395,1833,Jackson
64,63,395,1833,Jackson
65,64,395,1833,Jackson
66,65,395,1833,Jackson
67,66,395,1833,Jackson
68,67,395,1833,Jackson
69,68,395,1833,Jackson
70,69,395,1833,Jackson
71,70,395,1833,Jackson
72,70,395,1833,Jackson
73,70,395,1833,Jackson
74,71,395,1833,Jackson
75,72,395,1833,Jackson
76,73,395,1833,Jackson
77,74,395,1833,Jackson
78,75,395,1833,Jackson
79,76,395,1833,Jackson
80,77,395,1833,Jackson
81,78,395,1833,Jackson
82,78,395,1833,Jackson
83,79,395,1833,Jackson
84,79,395,1833,Jackson
85,80,395,1833,Jackson
86,81,395,1833,Jackson
87,82,395,1833,Jackson
88,83,395,1833,Jackson
89,84,395,1833,Jackson
90,84,395,1833,Jackson
91,85,395,1833,Jackson
92,86,395,1833,Jackson
93,87,395,1833,Jackson
94,88,395,1833,Jackson
95,89,395,1833,Jackson
96,90,395,1833,Jackson
97,91,395,1833,Jackson
98,92,395,1833,Jackson
99,93,395,1833,Jackson
100,94,395,1833,Jackson
101,95,395,1833,Jackson
102,96,395,1833,Jackson
103,97,395,1833,Jackson
104,98,395,1833,Jackson
105,99,395,1833,Jackson
106,100,395,1833,Jackson
107,100,395,1833,Jackson
108,101,395,1833,Jackson
109,102,395,1833,Jackson
110,103,395,1833,Jackson
111,104,395,1833,Jackson
112,105,395,1833,Jackson
113,106,395,1833,Jackson
114,107,395,1833,Jackson
115,108,395,1833,Jackson
116,109,395,1833,Jackson
117,110,395,1833,Jackson
118,111,395,1833,Jackson
119,112,395,1833,Jackson
120,113,395,1833,Jackson
121,114,395,1833,Jackson
122,114,395,1833,Jackson
123,114,395,1833,Jackson
124,115,395,1833,Jackson
125,116,395,1833,Jackson
126,117,395,1833,Jackson
127,118,395,1833,Jackson
128,119,395,1833,Jackson
129,119,395,1833,Jackson
130,120,395,1833,Jackson
131,121,395,1833,Jackson
132,122,395,1833,Jackson
133,123,395,1833,Jackson
134,124,395,1833,Jackson
135,125,395,1833,Jackson
136,126,395,1833,Jackson
137,127,395,1833,Jackson
138,128,395,1833,Jackson
139,128,395,1833,Jackson
140,129,395,1833,Jackson
141,130,395,1833,Jackson
142,131,395,1833,Jackson
143,132,395,1833,Jackson
144,132,395,1833,Jackson
145,132,395,1833,Jackson
146,132,395,1833,Jackson
147,133,395,1833,Jackson
148,134,395,1833,Jackson
149,135,395,1833,Jackson
150,136,395,1833,Jackson
151,136,395,1833,Jackson
152,137,395,1833,Jackson
153,138,395,1833,Jackson
154,139,395,1833,Jackson
155,139,395,1833,Jackson
156,140,395,1833,Jackson
157,140,395,1833,Jackson
158,140,395,1833,Jackson
159,141,395,1833,Jackson
160,142,395,1833,Jackson
161,142,395,1833,Jackson
162,143,395,1833,Jackson
163,144,395,1833,Jackson
164,145,395,1833,Jackson
165,146,395,1833,Jackson
166,147,395,1833,Jackson
167,147,395,1833,Jackson
168,148,395,1833,Jackson
169,149,395,1833,Jackson
170,149,395,1833,Jackson
171,150,395,1833,Jackson
172,151,395,1833,Jackson
173,151,395,1833,Jackson
174,152,395,1833,Jackson
175,152,395,1833,Jackson
176,152,395,1833,Jackson
177,152,395,1833,Jackson
178,152,395,1833,Jackson
179,152,395,1833,Jackson
180,153,395,1833,Jackson
181,153,395,1833,Jackson
182,154,395,1833,Jackson
183,155,395,1833,Jackson
184,155,395,1833,Jackson
185,156,395,1833,Jackson
186,157,395,1833,Jackson
187,158,395,1833,Jackson
188,159,395,1833,Jackson
189,160,395,1833,Jackson
190,161,395,1833,Jackson
191,162,395,1833,Jackson
192,163,395,1833,Jackson
193,164,395,1833,Jackson
194,165,395,1833,Jackson
195,166,395,1833,Jackson
196,166,395,1833,Jackson
197,166,395,1833,Jackson
198,167,395,1833,Jackson
199,168,395,1833,Jackson
200,169,395,1833,Jackson
201,169,395,1833,Jackson
202,169,395,1833,Jackson
203,170,395,1833,Jackson
204,171,395,1833,Jackson
205,172,395,1833,Jackson
206,173,395,1833,Jackson
207,174,395,1833,Jackson
208,175,395,1833,Jackson
209,176,395,1833,Jackson
210,177,395,1833,Jackson
211,178,395,1833,Jackson
212,178,395,1833,Jackson
213,179,395,1833,Jackson
214,180,395,1833,Jackson
215,180,395,1833,Jackson
216,180,395,1833,Jackson
217,181,395,1833,Jackson
218,181,395,1833,Jackson
219,181,395,1833,Jackson
220,181,395,1833,Jackson
221,181,395,1833,Jackson
222,182,395,1833,Jackson
223,182,395,1833,Jackson
224,183,395,1833,Jackson
225,183,395,1833,Jackson
226,184,395,1833,Jackson
227,185,395,1833,Jackson
228,186,395,1833,Jackson
229,187,395,1833,Jackson
230,188,395,1833,Jackson
231,188,395,1833,Jackson
232,189,395,1833,Jackson
233,190,395,1833,Jackson
234,191,395,1833,Jackson
235,191,395,1833,Jackson
236,191,395,1833,Jackson
237,192,395,1833,Jackson
238,192,395,1833,Jackson
239,193,395,1833,Jackson
240,194,395,1833,Jackson
241,195,395,1833,Jackson
242,195,395,1833,Jackson
243,196,395,1833,Jackson
244,197,395,1833,Jackson
245,197,395,1833,Jackson
246,197,395,1833,Jackson
247,197,395,1833,Jackson
248,198,395,1833,Jackson
249,199,395,1833,Jackson
250,200,395,1833,Jackson
251,200,395,1833,Jackson
252,200,395,1833,Jackson
253,200,395,1833,Jackson
254,201,395,1833,Jackson
255,202,395,1833,Jackson
256,203,395,1833,Jackson
257,204,395,1833,Jackson
258,204,395,1833,Jackson
259,204,395,1833,Jackson
260,204,395,1833,Jackson
261,205,395,1833,Jackson
262,205,395,1833,Jackson
263,206,395,1833,Jackson
264,206,395,1833,Jackson
265,207,395,1833,Jackson
266,208,395,1833,Jackson
267,208,395,1833,Jackson
268,208,395,1833,Jackson
269,208,395,1833,Jackson
270,208,395,1833,Jackson
271,209,395,1833,Jackson
272,210,395,1833,Jackson
273,211,395,1833,Jackson
274,212,395,1833,Jackson
275,213,395,1833,Jackson
276,214,395,1833,Jackson
277,214,395,1833,Jackson
278,215,395,1833,Jackson
279,215,395,1833,Jackson
280,216,395,1833,Jackson
281,217,395,1833,Jackson
282,218,395,1833,Jackson
283,218,395,1833,Jackson
284,219,395,1833,Jackson
285,220,395,1833,Jackson
286,221,395,1833,Jackson
287,222,395,1833,Jackson
288,222,395,1833,Jackson
289,223,395,1833,Jackson
290,224,395,1833,Jackson
291,225,395,1833,Jackson
292,225,395,1833,Jackson
293,226,395,1833,Jackson
294,227,395,1833,Jackson
295,228,395,1833,Jackson
296,228,395,1833,Jackson
297,229,395,1833,Jackson
298,230,395,1833,Jackson
299,231,395,1833,Jackson
300,232,395,1833,Jackson
301,233,395,1833,Jackson
302,234,395,1833,Jackson
303,235,395,1833,Jackson
304,236,395,1833,Jackson
305,236,395,1833,Jackson
306,237,395,1833,Jackson
307,238,395,1833,Jackson
308,239,395,1833,Jackson
309,240,395,1833,Jackson
310,241,395,1833,Jackson
311,241,395,1833,Jackson
312,241,395,1833,Jackson
313,242,395,1833,Jackson
314,242,395,1833,Jackson
315,242,395,1833,Jackson
316,243,395,1833,Jackson
317,244,395,1833,Jackson
318,244,395,1833,Jackson
319,244,395,1833,Jackson
320,244,395,1833,Jackson
321,245,395,1833,Jackson
322,246,395,1833,Jackson
323,247,395,1833,Jackson
324,247,395,1833,Jackson
325,247,395,1833,Jackson
326,248,395,1833,Jackson
327,249,395,1833,Jackson
328,250,395,1833,Jackson
329,251,395,1833,Jackson
330,251,395,1833,Jackson
331,252,395,1833,Jackson
332,253,395,1833,Jackson
333,254,395,1833,Jackson
334,255,395,1833,Jackson
335,256,395,1833,Jackson
336,257,395,1833,Jackson
337,258,395,1833,Jackson
338,259,395,1833,Jackson
339,260,395,1833,Jackson
340,261,395,1833,Jackson
341,262,395,1833,Jackson
342,263,395,1833,Jackson
343,264,395,1833,Jackson
344,265,395,1833,Jackson
345,266,395,1833,Jackson
346,267,395,1833,Jackson
347,268,395,1833,Jackson
348,269,395,1833,Jackson
349,270,395,1833,Jackson
350,271,395,1833,Jackson
351,271,395,1833,Jackson
352,272,395,1833,Jackson
353,272,395,1833,Jackson
354,273,395,1833,Jackson
355,274,395,1833,Jackson
356,275,395,1833,Jackson
357,275,395,1833,Jackson
358,276,395,1833,Jackson
359,277,395,1833,Jackson
360,277,395,1833,Jackson
361,278,395,1833,Jackson
362,279,395,1833,Jackson
363,280,395,1833,Jackson
364,281,395,1833,Jackson
365,282,395,1833,Jackson
366,283,395,1833,Jackson
367,284,395,1833,Jackson
368,284,395,1833,Jackson
369,284,395,1833,Jackson
370,284,395,1833,Jackson
371,284,395,1833,Jackson
372,284,395,1833,Jackson
373,284,395,1833,Jackson
374,285,395,1833,Jackson
375,285,395,1833,Jackson
376,286,395,1833,Jackson
377,287,395,1833,Jackson
378,288,395,1833,Jackson
379,289,395,1833,Jackson
380,289,395,1833,Jackson
381,289,395,1833,Jackson
382,290,395,1833,Jackson
383,290,395,1833,Jackson
384,290,395,1833,Jackson
385,291,395,1833,Jackson
386,292,395,1833,Jackson
387,293,395,1833,Jackson
388,293,395,1833,Jackson
389,294,395,1833,Jackson
390,294,395,1833,Jackson
391,295,395,1833,Jackson
392,296,395,1833,Jackson
393,297,395,1833,Jackson
394,297,395,1833,Jackson
395,298,395,1833,Jackson
396,298,395,1833,Jackson
397,299,395,1833,Jackson
398,300,395,1833,Jackson
399,300,395,1833,Jackson
400,300,395,1833,Jackson
401,301,395,1833,Jackson
402,302,395,1833,Jackson
403,303,395,1833,Jackson
404,303,395,1833,Jackson
405,304,395,1833,Jackson
406,305,395,1833,Jackson
407,306,395,1833,Jackson
408,307,395,1833,Jackson
409,307,395,1833,Jackson
410,307,395,1833,Jackson
411,308,395,1833,Jackson
412,309,395,1833,Jackson
413,310,395,1833,Jackson
414,310,395,1833,Jackson
415,311,395,1833,Jackson
416,311,395,1833,Jackson
417,311,395,1833,Jackson
418,311,395,1833,Jackson
419,311,395,1833,Jackson
420,311,395,1833,Jackson
421,311,395,1833,Jackson
422,312,395,1833,Jackson
423,313,395,1833,Jackson
424,314,395,1833,Jackson
425,314,395,1833,Jackson
426,315,395,1833,Jackson
427,315,395,1833,Jackson
428,315,395,1833,Jackson
429,315,395,1833,Jackson
430,315,395,1833,Jackson
431,315,395,1833,Jackson
432,316,395,1833,Jackson
433,317,395,1833,Jackson
434,317,395,1833,Jackson
435,317,395,1833,Jackson
436,318,395,1833,Jackson
437,318,395,1833,Jackson
438,319,395,1833,Jackson
439,320,395,1833,Jackson
440,321,395,1833,Jackson
441,322,395,1833,Jackson
442,323,395,1833,Jackson
443,324,395,1833,Jackson
444,325,395,1833,Jackson
445,325,395,1833,Jackson
446,326,395,1833,Jackson
447,326,395,1833,Jackson
448,327,395,1833,Jackson
449,328,395,1833,Jackson
450,329,395,1833,Jackson
451,329,395,1833,Jackson
452,330,395,1833,Jackson
453,330,395,1833,Jackson
454,330,395,1833,Jackson
455,330,395,1833,Jackson
456,331,395,1833,Jackson
457,332,395,1833,Jackson
458,333,395,1833,Jackson
459,333,395,1833,Jackson
460,333,395,1833,Jackson
461,334,395,1833,Jackson
462,335,395,1833,Jackson
463,336,395,1833,Jackson
464,337,395,1833,Jackson
465,337,395,1833,Jackson
466,337,395,1833,Jackson
467,338,395,1833,Jackson
468,338,395,1833,Jackson
469,339,395,1833,Jackson
470,339,395,1833,Jackson
471,340,395,1833,Jackson
472,341,395,1833,Jackson
473,342,395,1833,Jackson
474,343,395,1833,Jackson
475,343,395,1833,Jackson
476,343,395,1833,Jackson
477,343,395,1833,Jackson
478,344,395,1833,Jackson
479,345,395,1833,Jackson
480,346,395,1833,Jackson
481,347,395,1833,Jackson
482,348,395,1833,Jackson
483,349,395,1833,Jackson
484,349,395,1833,Jackson
485,350,395,1833,Jackson
486,351,395,1833,Jackson
487,351,395,1833,Jackson
488,351,395,1833,Jackson
489,352,395,1833,Jackson
490,352,395,1833,Jackson
491,353,395,1833,Jackson
492,354,395,1833,Jackson
493,354,395,1833,Jackson
494,354,395,1833,Jackson
495,355,395,1833,Jackson
496,355,395,1833,Jackson
497,355,395,1833,Jackson
498,355,395,1833,Jackson
499,356,395,1833,Jackson
500,357,395,1833,Jackson
501,358,395,1833,Jackson
502,359,395,1833,Jackson
503,360,395,1833,Jackson
504,361,395,1833,Jackson
505,361,395,1833,Jackson
506,362,395,1833,Jackson
507,363,395,1833,Jackson
508,363,395,1833,Jackson
509,363,395,1833,Jackson
510,363,395,1833,Jackson
511,364,395,1833,Jackson
512,365,395,1833,Jackson
513,365,395,1833,Jackson
514,366,395,1833,Jackson
515,367,395,1833,Jackson
516,367,395,1833,Jackson
517,367,395,1833,Jackson
518,368,395,1833,Jackson
519,368,395,1833,Jackson
520,369,395,1833,Jackson
521,370,395,1833,Jackson
522,371,395,1833,Jackson
523,371,395,1833,Jackson
524,371,395,1833,Jackson
525,372,395,1833,Jackson
526,373,395,1833,Jackson
527,373,395,1833,Jackson
528,374,395,1833,Jackson
529,375,395,1833,Jackson
530,375,395,1833,Jackson
531,376,395,1833,Jackson
532,376,395,1833,Jackson
533,377,395,1833,Jackson
534,378,395,1833,Jackson
535,378,395,1833,Jackson
536,378,395,1833,Jackson
537,378,395,1833,Jackson
538,379,395,1833,Jackson
539,379,395,1833,Jackson
540,379,395,1833,Jackson
541,379,395,1833,Jackson
542,380,395,1833,Jackson
543,381,395,1833,Jackson
544,382,395,1833,Jackson
545,383,395,1833,Jackson
546,383,395,1833,Jackson
547,383,395,1833,Jackson
548,384,395,1833,Jackson
549,384,395,1833,Jackson
550,385,395,1833,Jackson
551,385,395,1833,Jackson
552,386,395,1833,Jackson
553,386,395,1833,Jackson
554,386,395,1833,Jackson
555,387,395,1833,Jackson
556,388,395,1833,Jackson
557,389,395,1833,Jackson
558,389,395,1833,Jackson
559,390,395,1833,Jackson
560,391,395,1833,Jackson
561,392,395,1833,Jackson
562,392,395,1833,Jackson
563,392,395,1833,Jackson
564,392,395,1833,Jackson
565,393,395,1833,Jackson
566,393,395,1833,Jackson
567,394,395,1833,Jackson
568,394,395,1833,Jackson
569,395,395,1833,Jackson
570,395,395,1833,Jackson
571,395,395,1833,Jackson
572,395,395,1833,Jackson
