0,1,1119,1837,VanBuren
1,2,1119,1837,VanBuren
2,3,1119,1837,VanBuren
3,4,1119,1837,VanBuren
4,5,1119,1837,VanBuren
5,6,1119,1837,VanBuren
6,7,1119,1837,VanBuren
7,8,1119,1837,VanBuren
8,9,1119,1837,VanBuren
9,10,1119,1837,VanBuren
10,11,1119,1837,VanBuren
11,12,1119,1837,VanBuren
12,13,1119,1837,VanBuren
13,14,1119,1837,VanBuren
14,15,1119,1837,VanBuren
15,16,1119,1837,VanBuren
16,17,1119,1837,VanBuren
17,18,1119,1837,VanBuren
18,19,1119,1837,VanBuren
19,20,1119,1837,VanBuren
20,21,1119,1837,VanBuren
21,22,1119,1837,VanBuren
22,23,1119,1837,VanBuren
23,24,1119,1837,VanBuren
24,25,1119,1837,VanBuren
25,26,1119,1837,VanBuren
26,27,1119,1837,VanBuren
27,28,1119,1837,VanBuren
28,29,1119,1837,VanBuren
29,29,1119,1837,VanBuren
30,30,1119,1837,VanBuren
31,31,1119,1837,VanBuren
32,32,1119,1837,VanBuren
33,33,1119,1837,VanBuren
34,34,1119,1837,VanBuren
35,35,1119,1837,VanBuren
36,36,1119,1837,VanBuren
37,37,1119,1837,VanBuren
38,38,1119,1837,VanBuren
39,39,1119,1837,VanBuren
40,40,1119,1837,VanBuren
41,41,1119,1837,VanBuren
42,42,1119,1837,VanBuren
43,43,1119,1837,VanBuren
44,44,1119,1837,VanBuren
45,45,1119,1837,VanBuren
46,46,1119,1837,VanBuren
47,47,1119,1837,VanBuren
48,48,1119,1837,VanBuren
49,49,1119,1837,VanBuren
50,49,1119,1837,VanBuren
51,50,1119,1837,VanBuren
52,51,1119,1837,VanBuren
53,52,1119,1837,VanBuren
54,53,1119,1837,VanBuren
55,54,1119,1837,VanBuren
56,55,1119,1837,VanBuren
57,55,1119,1837,VanBuren
58,56,1119,1837,VanBuren
59,57,1119,1837,VanBuren
60,58,1119,1837,VanBuren
61,59,1119,1837,VanBuren
62,60,1119,1837,VanBuren
63,61,1119,1837,VanBuren
64,62,1119,1837,VanBuren
65,63,1119,1837,VanBuren
66,64,1119,1837,VanBuren
67,65,1119,1837,VanBuren
68,65,1119,1837,VanBuren
69,66,1119,1837,VanBuren
70,66,1119,1837,VanBuren
71,67,1119,1837,VanBuren
72,68,1119,1837,VanBuren
73,69,1119,1837,VanBuren
74,70,1119,1837,VanBuren
75,71,1119,1837,VanBuren
76,72,1119,1837,VanBuren
77,73,1119,1837,VanBuren
78,73,1119,1837,VanBuren
79,74,1119,1837,VanBuren
80,75,1119,1837,VanBuren
81,76,1119,1837,VanBuren
82,77,1119,1837,VanBuren
83,78,1119,1837,VanBuren
84,79,1119,1837,VanBuren
85,80,1119,1837,VanBuren
86,81,1119,1837,VanBuren
87,82,1119,1837,VanBuren
88,83,1119,1837,VanBuren
89,84,1119,1837,VanBuren
90,85,1119,1837,VanBuren
91,86,1119,1837,VanBuren
92,87,1119,1837,VanBuren
93,88,1119,1837,VanBuren
94,89,1119,1837,VanBuren
95,90,1119,1837,VanBuren
96,91,1119,1837,VanBuren
97,92,1119,1837,VanBuren
98,93,1119,1837,VanBuren
99,94,1119,1837,VanBuren
100,95,1119,1837,VanBuren
101,96,1119,1837,VanBuren
102,97,1119,1837,VanBuren
103,97,1119,1837,VanBuren
104,98,1119,1837,VanBuren
105,99,1119,1837,VanBuren
106,100,1119,1837,VanBuren
107,101,1119,1837,VanBuren
108,102,1119,1837,VanBuren
109,102,1119,1837,VanBuren
110,103,1119,1837,VanBuren
111,104,1119,1837,VanBuren
112,105,1119,1837,VanBuren
113,106,1119,1837,VanBuren
114,107,1119,1837,VanBuren
115,107,1119,1837,VanBuren
116,108,1119,1837,VanBuren
117,108,1119,1837,VanBuren
118,109,1119,1837,VanBuren
119,110,1119,1837,VanBuren
120,111,1119,1837,VanBuren
121,111,1119,1837,VanBuren
122,112,1119,1837,VanBuren
123,113,1119,1837,VanBuren
124,114,1119,1837,VanBuren
125,115,1119,1837,VanBuren
126,116,1119,1837,VanBuren
127,117,1119,1837,VanBuren
128,118,1119,1837,VanBuren
129,119,1119,1837,VanBuren
130,120,1119,1837,VanBuren
131,121,1119,1837,VanBuren
132,121,1119,1837,VanBuren
133,121,1119,1837,VanBuren
134,122,1119,1837,VanBuren
135,123,1119,1837,VanBuren
136,124,1119,1837,VanBuren
137,124,1119,1837,VanBuren
138,125,1119,1837,VanBuren
139,126,1119,1837,VanBuren
140,126,1119,1837,VanBuren
141,127,1119,1837,VanBuren
142,127,1119,1837,VanBuren
143,127,1119,1837,VanBuren
144,128,1119,1837,VanBuren
145,129,1119,1837,VanBuren
146,130,1119,1837,VanBuren
147,131,1119,1837,VanBuren
148,132,1119,1837,VanBuren
149,133,1119,1837,VanBuren
150,134,1119,1837,VanBuren
151,135,1119,1837,VanBuren
152,135,1119,1837,VanBuren
153,136,1119,1837,VanBuren
154,137,1119,1837,VanBuren
155,138,1119,1837,VanBuren
156,138,1119,1837,VanBuren
157,139,1119,1837,VanBuren
158,140,1119,1837,VanBuren
159,140,1119,1837,VanBuren
160,141,1119,1837,VanBuren
161,142,1119,1837,VanBuren
162,143,1119,1837,VanBuren
163,143,1119,1837,VanBuren
164,144,1119,1837,VanBuren
165,145,1119,1837,VanBuren
166,146,1119,1837,VanBuren
167,147,1119,1837,VanBuren
168,147,1119,1837,VanBuren
169,148,1119,1837,VanBuren
170,149,1119,1837,VanBuren
171,150,1119,1837,VanBuren
172,151,1119,1837,VanBuren
173,152,1119,1837,VanBuren
174,153,1119,1837,VanBuren
175,154,1119,1837,VanBuren
176,155,1119,1837,VanBuren
177,156,1119,1837,VanBuren
178,157,1119,1837,VanBuren
179,157,1119,1837,VanBuren
180,158,1119,1837,VanBuren
181,159,1119,1837,VanBuren
182,160,1119,1837,VanBuren
183,161,1119,1837,VanBuren
184,162,1119,1837,VanBuren
185,163,1119,1837,VanBuren
186,164,1119,1837,VanBuren
187,165,1119,1837,VanBuren
188,166,1119,1837,VanBuren
189,167,1119,1837,VanBuren
190,168,1119,1837,VanBuren
191,169,1119,1837,VanBuren
192,170,1119,1837,VanBuren
193,171,1119,1837,VanBuren
194,172,1119,1837,VanBuren
195,173,1119,1837,VanBuren
196,174,1119,1837,VanBuren
197,175,1119,1837,VanBuren
198,176,1119,1837,VanBuren
199,176,1119,1837,VanBuren
200,177,1119,1837,VanBuren
201,178,1119,1837,VanBuren
202,179,1119,1837,VanBuren
203,180,1119,1837,VanBuren
204,180,1119,1837,VanBuren
205,181,1119,1837,VanBuren
206,182,1119,1837,VanBuren
207,183,1119,1837,VanBuren
208,184,1119,1837,VanBuren
209,184,1119,1837,VanBuren
210,185,1119,1837,VanBuren
211,186,1119,1837,VanBuren
212,187,1119,1837,VanBuren
213,188,1119,1837,VanBuren
214,189,1119,1837,VanBuren
215,190,1119,1837,VanBuren
216,191,1119,1837,VanBuren
217,191,1119,1837,VanBuren
218,191,1119,1837,VanBuren
219,192,1119,1837,VanBuren
220,193,1119,1837,VanBuren
221,194,1119,1837,VanBuren
222,195,1119,1837,VanBuren
223,196,1119,1837,VanBuren
224,197,1119,1837,VanBuren
225,198,1119,1837,VanBuren
226,198,1119,1837,VanBuren
227,199,1119,1837,VanBuren
228,200,1119,1837,VanBuren
229,200,1119,1837,VanBuren
230,201,1119,1837,VanBuren
231,201,1119,1837,VanBuren
232,202,1119,1837,VanBuren
233,203,1119,1837,VanBuren
234,204,1119,1837,VanBuren
235,205,1119,1837,VanBuren
236,206,1119,1837,VanBuren
237,206,1119,1837,VanBuren
238,207,1119,1837,VanBuren
239,208,1119,1837,VanBuren
240,208,1119,1837,VanBuren
241,209,1119,1837,VanBuren
242,209,1119,1837,VanBuren
243,209,1119,1837,VanBuren
244,209,1119,1837,VanBuren
245,210,1119,1837,VanBuren
246,210,1119,1837,VanBuren
247,211,1119,1837,VanBuren
248,212,1119,1837,VanBuren
249,213,1119,1837,VanBuren
250,214,1119,1837,VanBuren
251,215,1119,1837,VanBuren
252,215,1119,1837,VanBuren
253,216,1119,1837,VanBuren
254,217,1119,1837,VanBuren
255,217,1119,1837,VanBuren
256,218,1119,1837,VanBuren
257,219,1119,1837,VanBuren
258,220,1119,1837,VanBuren
259,221,1119,1837,VanBuren
260,221,1119,1837,VanBuren
261,222,1119,1837,VanBuren
262,222,1119,1837,VanBuren
263,222,1119,1837,VanBuren
264,223,1119,1837,VanBuren
265,223,1119,1837,VanBuren
266,224,1119,1837,VanBuren
267,225,1119,1837,VanBuren
268,226,1119,1837,VanBuren
269,227,1119,1837,VanBuren
270,228,1119,1837,VanBuren
271,228,1119,1837,VanBuren
272,229,1119,1837,VanBuren
273,230,1119,1837,VanBuren
274,231,1119,1837,VanBuren
275,232,1119,1837,VanBuren
276,233,1119,1837,VanBuren
277,234,1119,1837,VanBuren
278,234,1119,1837,VanBuren
279,235,1119,1837,VanBuren
280,236,1119,1837,VanBuren
281,236,1119,1837,VanBuren
282,237,1119,1837,VanBuren
283,238,1119,1837,VanBuren
284,238,1119,1837,VanBuren
285,239,1119,1837,VanBuren
286,239,1119,1837,VanBuren
287,240,1119,1837,VanBuren
288,241,1119,1837,VanBuren
289,242,1119,1837,VanBuren
290,243,1119,1837,VanBuren
291,243,1119,1837,VanBuren
292,243,1119,1837,VanBuren
293,244,1119,1837,VanBuren
294,245,1119,1837,VanBuren
295,246,1119,1837,VanBuren
296,247,1119,1837,VanBuren
297,247,1119,1837,VanBuren
298,247,1119,1837,VanBuren
299,248,1119,1837,VanBuren
300,249,1119,1837,VanBuren
301,250,1119,1837,VanBuren
302,251,1119,1837,VanBuren
303,252,1119,1837,VanBuren
304,252,1119,1837,VanBuren
305,252,1119,1837,VanBuren
306,253,1119,1837,VanBuren
307,254,1119,1837,VanBuren
308,255,1119,1837,VanBuren
309,256,1119,1837,VanBuren
310,256,1119,1837,VanBuren
311,256,1119,1837,VanBuren
312,257,1119,1837,VanBuren
313,257,1119,1837,VanBuren
314,258,1119,1837,VanBuren
315,259,1119,1837,VanBuren
316,260,1119,1837,VanBuren
317,261,1119,1837,VanBuren
318,261,1119,1837,VanBuren
319,262,1119,1837,VanBuren
320,263,1119,1837,VanBuren
321,263,1119,1837,VanBuren
322,263,1119,1837,VanBuren
323,264,1119,1837,VanBuren
324,264,1119,1837,VanBuren
325,265,1119,1837,VanBuren
326,266,1119,1837,VanBuren
327,266,1119,1837,VanBuren
328,266,1119,1837,VanBuren
329,266,1119,1837,VanBuren
330,267,1119,1837,VanBuren
331,267,1119,1837,VanBuren
332,268,1119,1837,VanBuren
333,269,1119,1837,VanBuren
334,270,1119,1837,VanBuren
335,271,1119,1837,VanBuren
336,272,1119,1837,VanBuren
337,273,1119,1837,VanBuren
338,273,1119,1837,VanBuren
339,273,1119,1837,VanBuren
340,274,1119,1837,VanBuren
341,275,1119,1837,VanBuren
342,276,1119,1837,VanBuren
343,277,1119,1837,VanBuren
344,277,1119,1837,VanBuren
345,278,1119,1837,VanBuren
346,279,1119,1837,VanBuren
347,280,1119,1837,VanBuren
348,281,1119,1837,VanBuren
349,282,1119,1837,VanBuren
350,283,1119,1837,VanBuren
351,284,1119,1837,VanBuren
352,285,1119,1837,VanBuren
353,286,1119,1837,VanBuren
354,287,1119,1837,VanBuren
355,288,1119,1837,VanBuren
356,289,1119,1837,VanBuren
357,290,1119,1837,VanBuren
358,291,1119,1837,VanBuren
359,292,1119,1837,VanBuren
360,292,1119,1837,VanBuren
361,293,1119,1837,VanBuren
362,293,1119,1837,VanBuren
363,294,1119,1837,VanBuren
364,295,1119,1837,VanBuren
365,295,1119,1837,VanBuren
366,296,1119,1837,VanBuren
367,297,1119,1837,VanBuren
368,298,1119,1837,VanBuren
369,299,1119,1837,VanBuren
370,300,1119,1837,VanBuren
371,300,1119,1837,VanBuren
372,301,1119,1837,VanBuren
373,302,1119,1837,VanBuren
374,302,1119,1837,VanBuren
375,302,1119,1837,VanBuren
376,303,1119,1837,VanBuren
377,304,1119,1837,VanBuren
378,305,1119,1837,VanBuren
379,306,1119,1837,VanBuren
380,306,1119,1837,VanBuren
381,307,1119,1837,VanBuren
382,308,1119,1837,VanBuren
383,309,1119,1837,VanBuren
384,309,1119,1837,VanBuren
385,310,1119,1837,VanBuren
386,310,1119,1837,VanBuren
387,310,1119,1837,VanBuren
388,311,1119,1837,VanBuren
389,312,1119,1837,VanBuren
390,313,1119,1837,VanBuren
391,314,1119,1837,VanBuren
392,314,1119,1837,VanBuren
393,315,1119,1837,VanBuren
394,316,1119,1837,VanBuren
395,317,1119,1837,VanBuren
396,317,1119,1837,VanBuren
397,318,1119,1837,VanBuren
398,318,1119,1837,VanBuren
399,319,1119,1837,VanBuren
400,320,1119,1837,VanBuren
401,321,1119,1837,VanBuren
402,322,1119,1837,VanBuren
403,323,1119,1837,VanBuren
404,324,1119,1837,VanBuren
405,325,1119,1837,VanBuren
406,326,1119,1837,VanBuren
407,327,1119,1837,VanBuren
408,328,1119,1837,VanBuren
409,329,1119,1837,VanBuren
410,330,1119,1837,VanBuren
411,331,1119,1837,VanBuren
412,332,1119,1837,VanBuren
413,333,1119,1837,VanBuren
414,334,1119,1837,VanBuren
415,335,1119,1837,VanBuren
416,335,1119,1837,VanBuren
417,336,1119,1837,VanBuren
418,336,1119,1837,VanBuren
419,336,1119,1837,VanBuren
420,337,1119,1837,VanBuren
421,338,1119,1837,VanBuren
422,338,1119,1837,VanBuren
423,339,1119,1837,VanBuren
424,340,1119,1837,VanBuren
425,341,1119,1837,VanBuren
426,342,1119,1837,VanBuren
427,343,1119,1837,VanBuren
428,343,1119,1837,VanBuren
429,344,1119,1837,VanBuren
430,345,1119,1837,VanBuren
431,345,1119,1837,VanBuren
432,345,1119,1837,VanBuren
433,346,1119,1837,VanBuren
434,347,1119,1837,VanBuren
435,348,1119,1837,VanBuren
436,348,1119,1837,VanBuren
437,349,1119,1837,VanBuren
438,350,1119,1837,VanBuren
439,351,1119,1837,VanBuren
440,352,1119,1837,VanBuren
441,352,1119,1837,VanBuren
442,352,1119,1837,VanBuren
443,353,1119,1837,VanBuren
444,354,1119,1837,VanBuren
445,355,1119,1837,VanBuren
446,356,1119,1837,VanBuren
447,356,1119,1837,VanBuren
448,357,1119,1837,VanBuren
449,358,1119,1837,VanBuren
450,359,1119,1837,VanBuren
451,360,1119,1837,VanBuren
452,360,1119,1837,VanBuren
453,360,1119,1837,VanBuren
454,361,1119,1837,VanBuren
455,362,1119,1837,VanBuren
456,363,1119,1837,VanBuren
457,364,1119,1837,VanBuren
458,364,1119,1837,VanBuren
459,365,1119,1837,VanBuren
460,366,1119,1837,VanBuren
461,367,1119,1837,VanBuren
462,368,1119,1837,VanBuren
463,368,1119,1837,VanBuren
464,368,1119,1837,VanBuren
465,369,1119,1837,VanBuren
466,370,1119,1837,VanBuren
467,371,1119,1837,VanBuren
468,372,1119,1837,VanBuren
469,373,1119,1837,VanBuren
470,373,1119,1837,VanBuren
471,373,1119,1837,VanBuren
472,374,1119,1837,VanBuren
473,374,1119,1837,VanBuren
474,375,1119,1837,VanBuren
475,376,1119,1837,VanBuren
476,376,1119,1837,VanBuren
477,377,1119,1837,VanBuren
478,377,1119,1837,VanBuren
479,378,1119,1837,VanBuren
480,378,1119,1837,VanBuren
481,379,1119,1837,VanBuren
482,380,1119,1837,VanBuren
483,381,1119,1837,VanBuren
484,381,1119,1837,VanBuren
485,381,1119,1837,VanBuren
486,382,1119,1837,VanBuren
487,382,1119,1837,VanBuren
488,382,1119,1837,VanBuren
489,383,1119,1837,VanBuren
490,384,1119,1837,VanBuren
491,385,1119,1837,VanBuren
492,386,1119,1837,VanBuren
493,387,1119,1837,VanBuren
494,388,1119,1837,VanBuren
495,388,1119,1837,VanBuren
496,389,1119,1837,VanBuren
497,389,1119,1837,VanBuren
498,390,1119,1837,VanBuren
499,391,1119,1837,VanBuren
500,391,1119,1837,VanBuren
501,392,1119,1837,VanBuren
502,393,1119,1837,VanBuren
503,393,1119,1837,VanBuren
504,394,1119,1837,VanBuren
505,395,1119,1837,VanBuren
506,396,1119,1837,VanBuren
507,396,1119,1837,VanBuren
508,396,1119,1837,VanBuren
509,397,1119,1837,VanBuren
510,397,1119,1837,VanBuren
511,398,1119,1837,VanBuren
512,399,1119,1837,VanBuren
513,400,1119,1837,VanBuren
514,401,1119,1837,VanBuren
515,402,1119,1837,VanBuren
516,403,1119,1837,VanBuren
517,403,1119,1837,VanBuren
518,404,1119,1837,VanBuren
519,404,1119,1837,VanBuren
520,405,1119,1837,VanBuren
521,405,1119,1837,VanBuren
522,405,1119,1837,VanBuren
523,405,1119,1837,VanBuren
524,406,1119,1837,VanBuren
525,407,1119,1837,VanBuren
526,408,1119,1837,VanBuren
527,409,1119,1837,VanBuren
528,410,1119,1837,VanBuren
529,411,1119,1837,VanBuren
530,411,1119,1837,VanBuren
531,411,1119,1837,VanBuren
532,411,1119,1837,VanBuren
533,411,1119,1837,VanBuren
534,411,1119,1837,VanBuren
535,411,1119,1837,VanBuren
536,412,1119,1837,VanBuren
537,413,1119,1837,VanBuren
538,414,1119,1837,VanBuren
539,415,1119,1837,VanBuren
540,416,1119,1837,VanBuren
541,417,1119,1837,VanBuren
542,418,1119,1837,VanBuren
543,419,1119,1837,VanBuren
544,420,1119,1837,VanBuren
545,421,1119,1837,VanBuren
546,421,1119,1837,VanBuren
547,422,1119,1837,VanBuren
548,423,1119,1837,VanBuren
549,424,1119,1837,VanBuren
550,425,1119,1837,VanBuren
551,426,1119,1837,VanBuren
552,426,1119,1837,VanBuren
553,427,1119,1837,VanBuren
554,427,1119,1837,VanBuren
555,428,1119,1837,VanBuren
556,429,1119,1837,VanBuren
557,429,1119,1837,VanBuren
558,429,1119,1837,VanBuren
559,430,1119,1837,VanBuren
560,431,1119,1837,VanBuren
561,431,1119,1837,VanBuren
562,432,1119,1837,VanBuren
563,433,1119,1837,VanBuren
564,434,1119,1837,VanBuren
565,434,1119,1837,VanBuren
566,435,1119,1837,VanBuren
567,436,1119,1837,VanBuren
568,437,1119,1837,VanBuren
569,438,1119,1837,VanBuren
570,438,1119,1837,VanBuren
571,439,1119,1837,VanBuren
572,440,1119,1837,VanBuren
573,441,1119,1837,VanBuren
574,441,1119,1837,VanBuren
575,442,1119,1837,VanBuren
576,443,1119,1837,VanBuren
577,443,1119,1837,VanBuren
578,443,1119,1837,VanBuren
579,444,1119,1837,VanBuren
580,444,1119,1837,VanBuren
581,445,1119,1837,VanBuren
582,446,1119,1837,VanBuren
583,446,1119,1837,VanBuren
584,447,1119,1837,VanBuren
585,448,1119,1837,VanBuren
586,449,1119,1837,VanBuren
587,449,1119,1837,VanBuren
588,449,1119,1837,VanBuren
589,449,1119,1837,VanBuren
590,450,1119,1837,VanBuren
591,450,1119,1837,VanBuren
592,451,1119,1837,VanBuren
593,452,1119,1837,VanBuren
594,453,1119,1837,VanBuren
595,454,1119,1837,VanBuren
596,455,1119,1837,VanBuren
597,455,1119,1837,VanBuren
598,456,1119,1837,VanBuren
599,456,1119,1837,VanBuren
600,457,1119,1837,VanBuren
601,457,1119,1837,VanBuren
602,458,1119,1837,VanBuren
603,459,1119,1837,VanBuren
604,460,1119,1837,VanBuren
605,461,1119,1837,VanBuren
606,462,1119,1837,VanBuren
607,463,1119,1837,VanBuren
608,464,1119,1837,VanBuren
609,465,1119,1837,VanBuren
610,465,1119,1837,VanBuren
611,466,1119,1837,VanBuren
612,466,1119,1837,VanBuren
613,467,1119,1837,VanBuren
614,467,1119,1837,VanBuren
615,468,1119,1837,VanBuren
616,469,1119,1837,VanBuren
617,470,1119,1837,VanBuren
618,471,1119,1837,VanBuren
619,472,1119,1837,VanBuren
620,473,1119,1837,VanBuren
621,473,1119,1837,VanBuren
622,474,1119,1837,VanBuren
623,475,1119,1837,VanBuren
624,475,1119,1837,VanBuren
625,475,1119,1837,VanBuren
626,476,1119,1837,VanBuren
627,477,1119,1837,VanBuren
628,478,1119,1837,VanBuren
629,479,1119,1837,VanBuren
630,480,1119,1837,VanBuren
631,480,1119,1837,VanBuren
632,480,1119,1837,VanBuren
633,480,1119,1837,VanBuren
634,481,1119,1837,VanBuren
635,482,1119,1837,VanBuren
636,483,1119,1837,VanBuren
637,483,1119,1837,VanBuren
638,484,1119,1837,VanBuren
639,484,1119,1837,VanBuren
640,485,1119,1837,VanBuren
641,485,1119,1837,VanBuren
642,486,1119,1837,VanBuren
643,487,1119,1837,VanBuren
644,488,1119,1837,VanBuren
645,489,1119,1837,VanBuren
646,490,1119,1837,VanBuren
647,490,1119,1837,VanBuren
648,491,1119,1837,VanBuren
649,492,1119,1837,VanBuren
650,493,1119,1837,VanBuren
651,493,1119,1837,VanBuren
652,494,1119,1837,VanBuren
653,494,1119,1837,VanBuren
654,495,1119,1837,VanBuren
655,496,1119,1837,VanBuren
656,497,1119,1837,VanBuren
657,498,1119,1837,VanBuren
658,498,1119,1837,VanBuren
659,499,1119,1837,VanBuren
660,500,1119,1837,VanBuren
661,500,1119,1837,VanBuren
662,500,1119,1837,VanBuren
663,500,1119,1837,VanBuren
664,501,1119,1837,VanBuren
665,501,1119,1837,VanBuren
666,502,1119,1837,VanBuren
667,503,1119,1837,VanBuren
668,503,1119,1837,VanBuren
669,503,1119,1837,VanBuren
670,504,1119,1837,VanBuren
671,505,1119,1837,VanBuren
672,506,1119,1837,VanBuren
673,507,1119,1837,VanBuren
674,508,1119,1837,VanBuren
675,509,1119,1837,VanBuren
676,509,1119,1837,VanBuren
677,509,1119,1837,VanBuren
678,510,1119,1837,VanBuren
679,511,1119,1837,VanBuren
680,512,1119,1837,VanBuren
681,513,1119,1837,VanBuren
682,513,1119,1837,VanBuren
683,514,1119,1837,VanBuren
684,514,1119,1837,VanBuren
685,514,1119,1837,VanBuren
686,515,1119,1837,VanBuren
687,515,1119,1837,VanBuren
688,515,1119,1837,VanBuren
689,515,1119,1837,VanBuren
690,515,1119,1837,VanBuren
691,516,1119,1837,VanBuren
692,517,1119,1837,VanBuren
693,517,1119,1837,VanBuren
694,518,1119,1837,VanBuren
695,518,1119,1837,VanBuren
696,519,1119,1837,VanBuren
697,520,1119,1837,VanBuren
698,521,1119,1837,VanBuren
699,522,1119,1837,VanBuren
700,523,1119,1837,VanBuren
701,524,1119,1837,VanBuren
702,524,1119,1837,VanBuren
703,524,1119,1837,VanBuren
704,525,1119,1837,VanBuren
705,526,1119,1837,VanBuren
706,527,1119,1837,VanBuren
707,528,1119,1837,VanBuren
708,528,1119,1837,VanBuren
709,529,1119,1837,VanBuren
710,530,1119,1837,VanBuren
711,531,1119,1837,VanBuren
712,532,1119,1837,VanBuren
713,532,1119,1837,VanBuren
714,532,1119,1837,VanBuren
715,533,1119,1837,VanBuren
716,533,1119,1837,VanBuren
717,534,1119,1837,VanBuren
718,534,1119,1837,VanBuren
719,535,1119,1837,VanBuren
720,535,1119,1837,VanBuren
721,535,1119,1837,VanBuren
722,536,1119,1837,VanBuren
723,536,1119,1837,VanBuren
724,536,1119,1837,VanBuren
725,537,1119,1837,VanBuren
726,538,1119,1837,VanBuren
727,538,1119,1837,VanBuren
728,539,1119,1837,VanBuren
729,539,1119,1837,VanBuren
730,540,1119,1837,VanBuren
731,541,1119,1837,VanBuren
732,541,1119,1837,VanBuren
733,542,1119,1837,VanBuren
734,542,1119,1837,VanBuren
735,543,1119,1837,VanBuren
736,544,1119,1837,VanBuren
737,545,1119,1837,VanBuren
738,546,1119,1837,VanBuren
739,546,1119,1837,VanBuren
740,547,1119,1837,VanBuren
741,547,1119,1837,VanBuren
742,548,1119,1837,VanBuren
743,549,1119,1837,VanBuren
744,549,1119,1837,VanBuren
745,549,1119,1837,VanBuren
746,549,1119,1837,VanBuren
747,550,1119,1837,VanBuren
748,551,1119,1837,VanBuren
749,552,1119,1837,VanBuren
750,552,1119,1837,VanBuren
751,553,1119,1837,VanBuren
752,553,1119,1837,VanBuren
753,554,1119,1837,VanBuren
754,555,1119,1837,VanBuren
755,556,1119,1837,VanBuren
756,556,1119,1837,VanBuren
757,557,1119,1837,VanBuren
758,557,1119,1837,VanBuren
759,557,1119,1837,VanBuren
760,557,1119,1837,VanBuren
761,558,1119,1837,VanBuren
762,559,1119,1837,VanBuren
763,560,1119,1837,VanBuren
764,560,1119,1837,VanBuren
765,561,1119,1837,VanBuren
766,562,1119,1837,VanBuren
767,562,1119,1837,VanBuren
768,563,1119,1837,VanBuren
769,564,1119,1837,VanBuren
770,565,1119,1837,VanBuren
771,566,1119,1837,VanBuren
772,567,1119,1837,VanBuren
773,568,1119,1837,VanBuren
774,569,1119,1837,VanBuren
775,569,1119,1837,VanBuren
776,569,1119,1837,VanBuren
777,570,1119,1837,VanBuren
778,571,1119,1837,VanBuren
779,572,1119,1837,VanBuren
780,573,1119,1837,VanBuren
781,573,1119,1837,VanBuren
782,574,1119,1837,VanBuren
783,575,1119,1837,VanBuren
784,575,1119,1837,VanBuren
785,575,1119,1837,VanBuren
786,576,1119,1837,VanBuren
787,576,1119,1837,VanBuren
788,577,1119,1837,VanBuren
789,577,1119,1837,VanBuren
790,578,1119,1837,VanBuren
791,579,1119,1837,VanBuren
792,580,1119,1837,VanBuren
793,580,1119,1837,VanBuren
794,581,1119,1837,VanBuren
795,581,1119,1837,VanBuren
796,581,1119,1837,VanBuren
797,581,1119,1837,VanBuren
798,582,1119,1837,VanBuren
799,583,1119,1837,VanBuren
800,584,1119,1837,VanBuren
801,585,1119,1837,VanBuren
802,585,1119,1837,VanBuren
803,586,1119,1837,VanBuren
804,586,1119,1837,VanBuren
805,586,1119,1837,VanBuren
806,587,1119,1837,VanBuren
807,587,1119,1837,VanBuren
808,588,1119,1837,VanBuren
809,588,1119,1837,VanBuren
810,588,1119,1837,VanBuren
811,589,1119,1837,VanBuren
812,589,1119,1837,VanBuren
813,589,1119,1837,VanBuren
814,589,1119,1837,VanBuren
815,590,1119,1837,VanBuren
816,591,1119,1837,VanBuren
817,591,1119,1837,VanBuren
818,592,1119,1837,VanBuren
819,593,1119,1837,VanBuren
820,593,1119,1837,VanBuren
821,594,1119,1837,VanBuren
822,595,1119,1837,VanBuren
823,596,1119,1837,VanBuren
824,597,1119,1837,VanBuren
825,598,1119,1837,VanBuren
826,599,1119,1837,VanBuren
827,599,1119,1837,VanBuren
828,600,1119,1837,VanBuren
829,601,1119,1837,VanBuren
830,601,1119,1837,VanBuren
831,602,1119,1837,VanBuren
832,602,1119,1837,VanBuren
833,603,1119,1837,VanBuren
834,604,1119,1837,VanBuren
835,605,1119,1837,VanBuren
836,605,1119,1837,VanBuren
837,605,1119,1837,VanBuren
838,606,1119,1837,VanBuren
839,607,1119,1837,VanBuren
840,607,1119,1837,VanBuren
841,608,1119,1837,VanBuren
842,609,1119,1837,VanBuren
843,610,1119,1837,VanBuren
844,611,1119,1837,VanBuren
845,611,1119,1837,VanBuren
846,612,1119,1837,VanBuren
847,613,1119,1837,VanBuren
848,613,1119,1837,VanBuren
849,613,1119,1837,VanBuren
850,614,1119,1837,VanBuren
851,615,1119,1837,VanBuren
852,616,1119,1837,VanBuren
853,617,1119,1837,VanBuren
854,618,1119,1837,VanBuren
855,618,1119,1837,VanBuren
856,618,1119,1837,VanBuren
857,618,1119,1837,VanBuren
858,619,1119,1837,VanBuren
859,619,1119,1837,VanBuren
860,620,1119,1837,VanBuren
861,621,1119,1837,VanBuren
862,622,1119,1837,VanBuren
863,623,1119,1837,VanBuren
864,624,1119,1837,VanBuren
865,624,1119,1837,VanBuren
866,625,1119,1837,VanBuren
867,626,1119,1837,VanBuren
868,626,1119,1837,VanBuren
869,627,1119,1837,VanBuren
870,627,1119,1837,VanBuren
871,628,1119,1837,VanBuren
872,629,1119,1837,VanBuren
873,629,1119,1837,VanBuren
874,629,1119,1837,VanBuren
875,630,1119,1837,VanBuren
876,631,1119,1837,VanBuren
877,632,1119,1837,VanBuren
878,633,1119,1837,VanBuren
879,634,1119,1837,VanBuren
880,634,1119,1837,VanBuren
881,634,1119,1837,VanBuren
882,634,1119,1837,VanBuren
883,634,1119,1837,VanBuren
884,635,1119,1837,VanBuren
885,635,1119,1837,VanBuren
886,635,1119,1837,VanBuren
887,635,1119,1837,VanBuren
888,636,1119,1837,VanBuren
889,636,1119,1837,VanBuren
890,636,1119,1837,VanBuren
891,637,1119,1837,VanBuren
892,637,1119,1837,VanBuren
893,638,1119,1837,VanBuren
894,638,1119,1837,VanBuren
895,638,1119,1837,VanBuren
896,639,1119,1837,VanBuren
897,640,1119,1837,VanBuren
898,640,1119,1837,VanBuren
899,641,1119,1837,VanBuren
900,642,1119,1837,VanBuren
901,642,1119,1837,VanBuren
902,643,1119,1837,VanBuren
903,644,1119,1837,VanBuren
904,645,1119,1837,VanBuren
905,646,1119,1837,VanBuren
906,646,1119,1837,VanBuren
907,647,1119,1837,VanBuren
908,648,1119,1837,VanBuren
909,649,1119,1837,VanBuren
910,649,1119,1837,VanBuren
911,650,1119,1837,VanBuren
912,651,1119,1837,VanBuren
913,652,1119,1837,VanBuren
914,653,1119,1837,VanBuren
915,654,1119,1837,VanBuren
916,655,1119,1837,VanBuren
917,656,1119,1837,VanBuren
918,657,1119,1837,VanBuren
919,658,1119,1837,VanBuren
920,659,1119,1837,VanBuren
921,659,1119,1837,VanBuren
922,659,1119,1837,VanBuren
923,659,1119,1837,VanBuren
924,660,1119,1837,VanBuren
925,660,1119,1837,VanBuren
926,661,1119,1837,VanBuren
927,661,1119,1837,VanBuren
928,661,1119,1837,VanBuren
929,662,1119,1837,VanBuren
930,663,1119,1837,VanBuren
931,663,1119,1837,VanBuren
932,663,1119,1837,VanBuren
933,663,1119,1837,VanBuren
934,663,1119,1837,VanBuren
935,663,1119,1837,VanBuren
936,664,1119,1837,VanBuren
937,664,1119,1837,VanBuren
938,665,1119,1837,VanBuren
939,666,1119,1837,VanBuren
940,666,1119,1837,VanBuren
941,667,1119,1837,VanBuren
942,667,1119,1837,VanBuren
943,667,1119,1837,VanBuren
944,668,1119,1837,VanBuren
945,668,1119,1837,VanBuren
946,669,1119,1837,VanBuren
947,669,1119,1837,VanBuren
948,670,1119,1837,VanBuren
949,670,1119,1837,VanBuren
950,670,1119,1837,VanBuren
951,670,1119,1837,VanBuren
952,670,1119,1837,VanBuren
953,670,1119,1837,VanBuren
954,670,1119,1837,VanBuren
955,670,1119,1837,VanBuren
956,671,1119,1837,VanBuren
957,671,1119,1837,VanBuren
958,672,1119,1837,VanBuren
959,673,1119,1837,VanBuren
960,674,1119,1837,VanBuren
961,675,1119,1837,VanBuren
962,676,1119,1837,VanBuren
963,677,1119,1837,VanBuren
964,677,1119,1837,VanBuren
965,677,1119,1837,VanBuren
966,678,1119,1837,VanBuren
967,678,1119,1837,VanBuren
968,679,1119,1837,VanBuren
969,679,1119,1837,VanBuren
970,679,1119,1837,VanBuren
971,679,1119,1837,VanBuren
972,680,1119,1837,VanBuren
973,680,1119,1837,VanBuren
974,681,1119,1837,VanBuren
975,681,1119,1837,VanBuren
976,682,1119,1837,VanBuren
977,683,1119,1837,VanBuren
978,683,1119,1837,VanBuren
979,683,1119,1837,VanBuren
980,683,1119,1837,VanBuren
981,684,1119,1837,VanBuren
982,685,1119,1837,VanBuren
983,686,1119,1837,VanBuren
984,686,1119,1837,VanBuren
985,686,1119,1837,VanBuren
986,687,1119,1837,VanBuren
987,687,1119,1837,VanBuren
988,687,1119,1837,VanBuren
989,687,1119,1837,VanBuren
990,687,1119,1837,VanBuren
991,688,1119,1837,VanBuren
992,689,1119,1837,VanBuren
993,689,1119,1837,VanBuren
994,690,1119,1837,VanBuren
995,690,1119,1837,VanBuren
996,690,1119,1837,VanBuren
997,690,1119,1837,VanBuren
998,690,1119,1837,VanBuren
999,690,1119,1837,VanBuren
1000,690,1119,1837,VanBuren
1001,691,1119,1837,VanBuren
1002,692,1119,1837,VanBuren
1003,693,1119,1837,VanBuren
1004,693,1119,1837,VanBuren
1005,693,1119,1837,VanBuren
1006,693,1119,1837,VanBuren
1007,693,1119,1837,VanBuren
1008,694,1119,1837,VanBuren
1009,694,1119,1837,VanBuren
1010,694,1119,1837,VanBuren
1011,694,1119,1837,VanBuren
1012,695,1119,1837,VanBuren
1013,696,1119,1837,VanBuren
1014,697,1119,1837,VanBuren
1015,697,1119,1837,VanBuren
1016,697,1119,1837,VanBuren
1017,697,1119,1837,VanBuren
1018,698,1119,1837,VanBuren
1019,699,1119,1837,VanBuren
1020,700,1119,1837,VanBuren
1021,700,1119,1837,VanBuren
1022,700,1119,1837,VanBuren
1023,700,1119,1837,VanBuren
1024,700,1119,1837,VanBuren
1025,700,1119,1837,VanBuren
1026,701,1119,1837,VanBuren
1027,702,1119,1837,VanBuren
1028,702,1119,1837,VanBuren
1029,703,1119,1837,VanBuren
1030,704,1119,1837,VanBuren
1031,704,1119,1837,VanBuren
1032,705,1119,1837,VanBuren
1033,706,1119,1837,VanBuren
1034,706,1119,1837,VanBuren
1035,707,1119,1837,VanBuren
1036,708,1119,1837,VanBuren
1037,709,1119,1837,VanBuren
1038,710,1119,1837,VanBuren
1039,711,1119,1837,VanBuren
1040,712,1119,1837,VanBuren
1041,712,1119,1837,VanBuren
1042,712,1119,1837,VanBuren
1043,712,1119,1837,VanBuren
1044,712,1119,1837,VanBuren
1045,712,1119,1837,VanBuren
1046,712,1119,1837,VanBuren
1047,713,1119,1837,VanBuren
1048,714,1119,1837,VanBuren
1049,715,1119,1837,VanBuren
1050,716,1119,1837,VanBuren
1051,716,1119,1837,VanBuren
1052,717,1119,1837,VanBuren
1053,718,1119,1837,VanBuren
1054,719,1119,1837,VanBuren
1055,720,1119,1837,VanBuren
1056,720,1119,1837,VanBuren
1057,720,1119,1837,VanBuren
1058,721,1119,1837,VanBuren
1059,721,1119,1837,VanBuren
1060,721,1119,1837,VanBuren
1061,722,1119,1837,VanBuren
1062,723,1119,1837,VanBuren
1063,723,1119,1837,VanBuren
1064,724,1119,1837,VanBuren
1065,724,1119,1837,VanBuren
1066,724,1119,1837,VanBuren
1067,724,1119,1837,VanBuren
1068,725,1119,1837,VanBuren
1069,726,1119,1837,VanBuren
1070,727,1119,1837,VanBuren
1071,728,1119,1837,VanBuren
1072,729,1119,1837,VanBuren
1073,729,1119,1837,VanBuren
1074,729,1119,1837,VanBuren
1075,729,1119,1837,VanBuren
1076,729,1119,1837,VanBuren
1077,729,1119,1837,VanBuren
1078,730,1119,1837,VanBuren
1079,731,1119,1837,VanBuren
1080,731,1119,1837,VanBuren
1081,731,1119,1837,VanBuren
1082,731,1119,1837,VanBuren
1083,732,1119,1837,VanBuren
1084,733,1119,1837,VanBuren
1085,733,1119,1837,VanBuren
1086,733,1119,1837,VanBuren
1087,733,1119,1837,VanBuren
1088,734,1119,1837,VanBuren
1089,734,1119,1837,VanBuren
1090,734,1119,1837,VanBuren
1091,734,1119,1837,VanBuren
1092,735,1119,1837,VanBuren
1093,736,1119,1837,VanBuren
1094,737,1119,1837,VanBuren
1095,738,1119,1837,VanBuren
1096,739,1119,1837,VanBuren
1097,740,1119,1837,VanBuren
1098,740,1119,1837,VanBuren
1099,741,1119,1837,VanBuren
1100,742,1119,1837,VanBuren
1101,742,1119,1837,VanBuren
1102,742,1119,1837,VanBuren
1103,743,1119,1837,VanBuren
1104,744,1119,1837,VanBuren
1105,745,1119,1837,VanBuren
1106,745,1119,1837,VanBuren
1107,745,1119,1837,VanBuren
1108,746,1119,1837,VanBuren
1109,747,1119,1837,VanBuren
1110,748,1119,1837,VanBuren
1111,748,1119,1837,VanBuren
1112,749,1119,1837,VanBuren
1113,749,1119,1837,VanBuren
1114,750,1119,1837,VanBuren
1115,750,1119,1837,VanBuren
1116,750,1119,1837,VanBuren
1117,750,1119,1837,VanBuren
1118,750,1119,1837,VanBuren
1119,750,1119,1837,VanBuren
1120,750,1119,1837,VanBuren
1121,751,1119,1837,VanBuren
1122,752,1119,1837,VanBuren
1123,752,1119,1837,VanBuren
1124,752,1119,1837,VanBuren
1125,752,1119,1837,VanBuren
1126,752,1119,1837,VanBuren
1127,752,1119,1837,VanBuren
1128,752,1119,1837,VanBuren
1129,753,1119,1837,VanBuren
1130,754,1119,1837,VanBuren
1131,754,1119,1837,VanBuren
1132,755,1119,1837,VanBuren
1133,756,1119,1837,VanBuren
1134,757,1119,1837,VanBuren
1135,758,1119,1837,VanBuren
1136,758,1119,1837,VanBuren
1137,758,1119,1837,VanBuren
1138,759,1119,1837,VanBuren
1139,760,1119,1837,VanBuren
1140,761,1119,1837,VanBuren
1141,761,1119,1837,VanBuren
1142,762,1119,1837,VanBuren
1143,763,1119,1837,VanBuren
1144,763,1119,1837,VanBuren
1145,763,1119,1837,VanBuren
1146,764,1119,1837,VanBuren
1147,764,1119,1837,VanBuren
1148,764,1119,1837,VanBuren
1149,764,1119,1837,VanBuren
1150,764,1119,1837,VanBuren
1151,765,1119,1837,VanBuren
1152,766,1119,1837,VanBuren
1153,766,1119,1837,VanBuren
1154,766,1119,1837,VanBuren
1155,767,1119,1837,VanBuren
1156,768,1119,1837,VanBuren
1157,769,1119,1837,VanBuren
1158,770,1119,1837,VanBuren
1159,771,1119,1837,VanBuren
1160,771,1119,1837,VanBuren
1161,772,1119,1837,VanBuren
1162,772,1119,1837,VanBuren
1163,773,1119,1837,VanBuren
1164,774,1119,1837,VanBuren
1165,774,1119,1837,VanBuren
1166,775,1119,1837,VanBuren
1167,776,1119,1837,VanBuren
1168,776,1119,1837,VanBuren
1169,776,1119,1837,VanBuren
1170,776,1119,1837,VanBuren
1171,776,1119,1837,VanBuren
1172,776,1119,1837,VanBuren
1173,776,1119,1837,VanBuren
1174,776,1119,1837,VanBuren
1175,777,1119,1837,VanBuren
1176,778,1119,1837,VanBuren
1177,778,1119,1837,VanBuren
1178,778,1119,1837,VanBuren
1179,778,1119,1837,VanBuren
1180,779,1119,1837,VanBuren
1181,780,1119,1837,VanBuren
1182,781,1119,1837,VanBuren
1183,782,1119,1837,VanBuren
1184,783,1119,1837,VanBuren
1185,783,1119,1837,VanBuren
1186,784,1119,1837,VanBuren
1187,784,1119,1837,VanBuren
1188,785,1119,1837,VanBuren
1189,785,1119,1837,VanBuren
1190,785,1119,1837,VanBuren
1191,785,1119,1837,VanBuren
1192,786,1119,1837,VanBuren
1193,786,1119,1837,VanBuren
1194,787,1119,1837,VanBuren
1195,788,1119,1837,VanBuren
1196,789,1119,1837,VanBuren
1197,789,1119,1837,VanBuren
1198,789,1119,1837,VanBuren
1199,789,1119,1837,VanBuren
1200,790,1119,1837,VanBuren
1201,790,1119,1837,VanBuren
1202,790,1119,1837,VanBuren
1203,791,1119,1837,VanBuren
1204,791,1119,1837,VanBuren
1205,792,1119,1837,VanBuren
1206,792,1119,1837,VanBuren
1207,793,1119,1837,VanBuren
1208,793,1119,1837,VanBuren
1209,794,1119,1837,VanBuren
1210,794,1119,1837,VanBuren
1211,795,1119,1837,VanBuren
1212,795,1119,1837,VanBuren
1213,796,1119,1837,VanBuren
1214,796,1119,1837,VanBuren
1215,796,1119,1837,VanBuren
1216,797,1119,1837,VanBuren
1217,797,1119,1837,VanBuren
1218,797,1119,1837,VanBuren
1219,797,1119,1837,VanBuren
1220,798,1119,1837,VanBuren
1221,798,1119,1837,VanBuren
1222,798,1119,1837,VanBuren
1223,799,1119,1837,VanBuren
1224,799,1119,1837,VanBuren
1225,800,1119,1837,VanBuren
1226,800,1119,1837,VanBuren
1227,801,1119,1837,VanBuren
1228,802,1119,1837,VanBuren
1229,802,1119,1837,VanBuren
1230,803,1119,1837,VanBuren
1231,803,1119,1837,VanBuren
1232,803,1119,1837,VanBuren
1233,803,1119,1837,VanBuren
1234,803,1119,1837,VanBuren
1235,804,1119,1837,VanBuren
1236,804,1119,1837,VanBuren
1237,805,1119,1837,VanBuren
1238,805,1119,1837,VanBuren
1239,806,1119,1837,VanBuren
1240,807,1119,1837,VanBuren
1241,807,1119,1837,VanBuren
1242,808,1119,1837,VanBuren
1243,808,1119,1837,VanBuren
1244,808,1119,1837,VanBuren
1245,808,1119,1837,VanBuren
1246,809,1119,1837,VanBuren
1247,809,1119,1837,VanBuren
1248,809,1119,1837,VanBuren
1249,809,1119,1837,VanBuren
1250,809,1119,1837,VanBuren
1251,809,1119,1837,VanBuren
1252,809,1119,1837,VanBuren
1253,809,1119,1837,VanBuren
1254,809,1119,1837,VanBuren
1255,809,1119,1837,VanBuren
1256,809,1119,1837,VanBuren
1257,810,1119,1837,VanBuren
1258,810,1119,1837,VanBuren
1259,810,1119,1837,VanBuren
1260,811,1119,1837,VanBuren
1261,812,1119,1837,VanBuren
1262,812,1119,1837,VanBuren
1263,813,1119,1837,VanBuren
1264,813,1119,1837,VanBuren
1265,814,1119,1837,VanBuren
1266,814,1119,1837,VanBuren
1267,814,1119,1837,VanBuren
1268,814,1119,1837,VanBuren
1269,814,1119,1837,VanBuren
1270,814,1119,1837,VanBuren
1271,815,1119,1837,VanBuren
1272,815,1119,1837,VanBuren
1273,815,1119,1837,VanBuren
1274,815,1119,1837,VanBuren
1275,816,1119,1837,VanBuren
1276,816,1119,1837,VanBuren
1277,816,1119,1837,VanBuren
1278,816,1119,1837,VanBuren
1279,816,1119,1837,VanBuren
1280,816,1119,1837,VanBuren
1281,817,1119,1837,VanBuren
1282,817,1119,1837,VanBuren
1283,818,1119,1837,VanBuren
1284,818,1119,1837,VanBuren
1285,818,1119,1837,VanBuren
1286,818,1119,1837,VanBuren
1287,818,1119,1837,VanBuren
1288,818,1119,1837,VanBuren
1289,819,1119,1837,VanBuren
1290,820,1119,1837,VanBuren
1291,821,1119,1837,VanBuren
1292,821,1119,1837,VanBuren
1293,822,1119,1837,VanBuren
1294,823,1119,1837,VanBuren
1295,823,1119,1837,VanBuren
1296,823,1119,1837,VanBuren
1297,823,1119,1837,VanBuren
1298,823,1119,1837,VanBuren
1299,824,1119,1837,VanBuren
1300,825,1119,1837,VanBuren
1301,825,1119,1837,VanBuren
1302,825,1119,1837,VanBuren
1303,825,1119,1837,VanBuren
1304,826,1119,1837,VanBuren
1305,826,1119,1837,VanBuren
1306,826,1119,1837,VanBuren
1307,826,1119,1837,VanBuren
1308,827,1119,1837,VanBuren
1309,828,1119,1837,VanBuren
1310,829,1119,1837,VanBuren
1311,829,1119,1837,VanBuren
1312,829,1119,1837,VanBuren
1313,829,1119,1837,VanBuren
1314,830,1119,1837,VanBuren
1315,831,1119,1837,VanBuren
1316,832,1119,1837,VanBuren
1317,833,1119,1837,VanBuren
1318,834,1119,1837,VanBuren
1319,834,1119,1837,VanBuren
1320,834,1119,1837,VanBuren
1321,835,1119,1837,VanBuren
1322,836,1119,1837,VanBuren
1323,836,1119,1837,VanBuren
1324,836,1119,1837,VanBuren
1325,836,1119,1837,VanBuren
1326,836,1119,1837,VanBuren
1327,837,1119,1837,VanBuren
1328,838,1119,1837,VanBuren
1329,839,1119,1837,VanBuren
1330,839,1119,1837,VanBuren
1331,839,1119,1837,VanBuren
1332,839,1119,1837,VanBuren
1333,840,1119,1837,VanBuren
1334,841,1119,1837,VanBuren
1335,841,1119,1837,VanBuren
1336,842,1119,1837,VanBuren
1337,842,1119,1837,VanBuren
1338,842,1119,1837,VanBuren
1339,843,1119,1837,VanBuren
1340,843,1119,1837,VanBuren
1341,844,1119,1837,VanBuren
1342,845,1119,1837,VanBuren
1343,845,1119,1837,VanBuren
1344,846,1119,1837,VanBuren
1345,846,1119,1837,VanBuren
1346,846,1119,1837,VanBuren
1347,846,1119,1837,VanBuren
1348,846,1119,1837,VanBuren
1349,846,1119,1837,VanBuren
1350,846,1119,1837,VanBuren
1351,847,1119,1837,VanBuren
1352,847,1119,1837,VanBuren
1353,848,1119,1837,VanBuren
1354,848,1119,1837,VanBuren
1355,848,1119,1837,VanBuren
1356,849,1119,1837,VanBuren
1357,850,1119,1837,VanBuren
1358,851,1119,1837,VanBuren
1359,852,1119,1837,VanBuren
1360,853,1119,1837,VanBuren
1361,854,1119,1837,VanBuren
1362,854,1119,1837,VanBuren
1363,855,1119,1837,VanBuren
1364,856,1119,1837,VanBuren
1365,857,1119,1837,VanBuren
1366,858,1119,1837,VanBuren
1367,858,1119,1837,VanBuren
1368,859,1119,1837,VanBuren
1369,860,1119,1837,VanBuren
1370,860,1119,1837,VanBuren
1371,861,1119,1837,VanBuren
1372,861,1119,1837,VanBuren
1373,861,1119,1837,VanBuren
1374,862,1119,1837,VanBuren
1375,863,1119,1837,VanBuren
1376,864,1119,1837,VanBuren
1377,865,1119,1837,VanBuren
1378,865,1119,1837,VanBuren
1379,866,1119,1837,VanBuren
1380,866,1119,1837,VanBuren
1381,867,1119,1837,VanBuren
1382,867,1119,1837,VanBuren
1383,868,1119,1837,VanBuren
1384,868,1119,1837,VanBuren
1385,868,1119,1837,VanBuren
1386,868,1119,1837,VanBuren
1387,869,1119,1837,VanBuren
1388,870,1119,1837,VanBuren
1389,870,1119,1837,VanBuren
1390,871,1119,1837,VanBuren
1391,871,1119,1837,VanBuren
1392,871,1119,1837,VanBuren
1393,871,1119,1837,VanBuren
1394,872,1119,1837,VanBuren
1395,872,1119,1837,VanBuren
1396,873,1119,1837,VanBuren
1397,874,1119,1837,VanBuren
1398,875,1119,1837,VanBuren
1399,875,1119,1837,VanBuren
1400,875,1119,1837,VanBuren
1401,875,1119,1837,VanBuren
1402,876,1119,1837,VanBuren
1403,877,1119,1837,VanBuren
1404,877,1119,1837,VanBuren
1405,877,1119,1837,VanBuren
1406,878,1119,1837,VanBuren
1407,878,1119,1837,VanBuren
1408,879,1119,1837,VanBuren
1409,880,1119,1837,VanBuren
1410,881,1119,1837,VanBuren
1411,881,1119,1837,VanBuren
1412,882,1119,1837,VanBuren
1413,882,1119,1837,VanBuren
1414,883,1119,1837,VanBuren
1415,883,1119,1837,VanBuren
1416,883,1119,1837,VanBuren
1417,884,1119,1837,VanBuren
1418,884,1119,1837,VanBuren
1419,884,1119,1837,VanBuren
1420,885,1119,1837,VanBuren
1421,885,1119,1837,VanBuren
1422,886,1119,1837,VanBuren
1423,887,1119,1837,VanBuren
1424,888,1119,1837,VanBuren
1425,888,1119,1837,VanBuren
1426,889,1119,1837,VanBuren
1427,889,1119,1837,VanBuren
1428,889,1119,1837,VanBuren
1429,890,1119,1837,VanBuren
1430,891,1119,1837,VanBuren
1431,892,1119,1837,VanBuren
1432,893,1119,1837,VanBuren
1433,893,1119,1837,VanBuren
1434,894,1119,1837,VanBuren
1435,894,1119,1837,VanBuren
1436,895,1119,1837,VanBuren
1437,895,1119,1837,VanBuren
1438,896,1119,1837,VanBuren
1439,896,1119,1837,VanBuren
1440,897,1119,1837,VanBuren
1441,897,1119,1837,VanBuren
1442,898,1119,1837,VanBuren
1443,899,1119,1837,VanBuren
1444,899,1119,1837,VanBuren
1445,899,1119,1837,VanBuren
1446,899,1119,1837,VanBuren
1447,899,1119,1837,VanBuren
1448,900,1119,1837,VanBuren
1449,900,1119,1837,VanBuren
1450,901,1119,1837,VanBuren
1451,902,1119,1837,VanBuren
1452,902,1119,1837,VanBuren
1453,902,1119,1837,VanBuren
1454,903,1119,1837,VanBuren
1455,904,1119,1837,VanBuren
1456,904,1119,1837,VanBuren
1457,905,1119,1837,VanBuren
1458,906,1119,1837,VanBuren
1459,907,1119,1837,VanBuren
1460,907,1119,1837,VanBuren
1461,908,1119,1837,VanBuren
1462,908,1119,1837,VanBuren
1463,908,1119,1837,VanBuren
1464,908,1119,1837,VanBuren
1465,909,1119,1837,VanBuren
1466,910,1119,1837,VanBuren
1467,911,1119,1837,VanBuren
1468,911,1119,1837,VanBuren
1469,911,1119,1837,VanBuren
1470,912,1119,1837,VanBuren
1471,912,1119,1837,VanBuren
1472,912,1119,1837,VanBuren
1473,913,1119,1837,VanBuren
1474,914,1119,1837,VanBuren
1475,914,1119,1837,VanBuren
1476,914,1119,1837,VanBuren
1477,915,1119,1837,VanBuren
1478,915,1119,1837,VanBuren
1479,916,1119,1837,VanBuren
1480,917,1119,1837,VanBuren
1481,918,1119,1837,VanBuren
1482,918,1119,1837,VanBuren
1483,918,1119,1837,VanBuren
1484,918,1119,1837,VanBuren
1485,919,1119,1837,VanBuren
1486,919,1119,1837,VanBuren
1487,919,1119,1837,VanBuren
1488,919,1119,1837,VanBuren
1489,919,1119,1837,VanBuren
1490,919,1119,1837,VanBuren
1491,919,1119,1837,VanBuren
1492,919,1119,1837,VanBuren
1493,919,1119,1837,VanBuren
1494,920,1119,1837,VanBuren
1495,921,1119,1837,VanBuren
1496,922,1119,1837,VanBuren
1497,923,1119,1837,VanBuren
1498,923,1119,1837,VanBuren
1499,924,1119,1837,VanBuren
1500,925,1119,1837,VanBuren
1501,926,1119,1837,VanBuren
1502,926,1119,1837,VanBuren
1503,926,1119,1837,VanBuren
1504,927,1119,1837,VanBuren
1505,928,1119,1837,VanBuren
1506,929,1119,1837,VanBuren
1507,929,1119,1837,VanBuren
1508,930,1119,1837,VanBuren
1509,931,1119,1837,VanBuren
1510,932,1119,1837,VanBuren
1511,933,1119,1837,VanBuren
1512,934,1119,1837,VanBuren
1513,934,1119,1837,VanBuren
1514,934,1119,1837,VanBuren
1515,934,1119,1837,VanBuren
1516,935,1119,1837,VanBuren
1517,935,1119,1837,VanBuren
1518,935,1119,1837,VanBuren
1519,935,1119,1837,VanBuren
1520,935,1119,1837,VanBuren
1521,935,1119,1837,VanBuren
1522,936,1119,1837,VanBuren
1523,936,1119,1837,VanBuren
1524,936,1119,1837,VanBuren
1525,937,1119,1837,VanBuren
1526,937,1119,1837,VanBuren
1527,938,1119,1837,VanBuren
1528,938,1119,1837,VanBuren
1529,938,1119,1837,VanBuren
1530,939,1119,1837,VanBuren
1531,940,1119,1837,VanBuren
1532,940,1119,1837,VanBuren
1533,940,1119,1837,VanBuren
1534,940,1119,1837,VanBuren
1535,940,1119,1837,VanBuren
1536,941,1119,1837,VanBuren
1537,942,1119,1837,VanBuren
1538,942,1119,1837,VanBuren
1539,943,1119,1837,VanBuren
1540,944,1119,1837,VanBuren
1541,945,1119,1837,VanBuren
1542,945,1119,1837,VanBuren
1543,946,1119,1837,VanBuren
1544,947,1119,1837,VanBuren
1545,947,1119,1837,VanBuren
1546,947,1119,1837,VanBuren
1547,947,1119,1837,VanBuren
1548,947,1119,1837,VanBuren
1549,947,1119,1837,VanBuren
1550,947,1119,1837,VanBuren
1551,948,1119,1837,VanBuren
1552,948,1119,1837,VanBuren
1553,948,1119,1837,VanBuren
1554,948,1119,1837,VanBuren
1555,949,1119,1837,VanBuren
1556,950,1119,1837,VanBuren
1557,950,1119,1837,VanBuren
1558,951,1119,1837,VanBuren
1559,951,1119,1837,VanBuren
1560,952,1119,1837,VanBuren
1561,953,1119,1837,VanBuren
1562,953,1119,1837,VanBuren
1563,954,1119,1837,VanBuren
1564,954,1119,1837,VanBuren
1565,954,1119,1837,VanBuren
1566,955,1119,1837,VanBuren
1567,955,1119,1837,VanBuren
1568,956,1119,1837,VanBuren
1569,956,1119,1837,VanBuren
1570,957,1119,1837,VanBuren
1571,957,1119,1837,VanBuren
1572,957,1119,1837,VanBuren
1573,957,1119,1837,VanBuren
1574,957,1119,1837,VanBuren
1575,957,1119,1837,VanBuren
1576,957,1119,1837,VanBuren
1577,958,1119,1837,VanBuren
1578,958,1119,1837,VanBuren
1579,958,1119,1837,VanBuren
1580,958,1119,1837,VanBuren
1581,959,1119,1837,VanBuren
1582,959,1119,1837,VanBuren
1583,960,1119,1837,VanBuren
1584,960,1119,1837,VanBuren
1585,960,1119,1837,VanBuren
1586,961,1119,1837,VanBuren
1587,961,1119,1837,VanBuren
1588,961,1119,1837,VanBuren
1589,961,1119,1837,VanBuren
1590,962,1119,1837,VanBuren
1591,962,1119,1837,VanBuren
1592,962,1119,1837,VanBuren
1593,963,1119,1837,VanBuren
1594,963,1119,1837,VanBuren
1595,963,1119,1837,VanBuren
1596,963,1119,1837,VanBuren
1597,963,1119,1837,VanBuren
1598,964,1119,1837,VanBuren
1599,965,1119,1837,VanBuren
1600,965,1119,1837,VanBuren
1601,966,1119,1837,VanBuren
1602,966,1119,1837,VanBuren
1603,966,1119,1837,VanBuren
1604,966,1119,1837,VanBuren
1605,967,1119,1837,VanBuren
1606,968,1119,1837,VanBuren
1607,968,1119,1837,VanBuren
1608,968,1119,1837,VanBuren
1609,969,1119,1837,VanBuren
1610,970,1119,1837,VanBuren
1611,970,1119,1837,VanBuren
1612,970,1119,1837,VanBuren
1613,970,1119,1837,VanBuren
1614,970,1119,1837,VanBuren
1615,971,1119,1837,VanBuren
1616,972,1119,1837,VanBuren
1617,973,1119,1837,VanBuren
1618,973,1119,1837,VanBuren
1619,974,1119,1837,VanBuren
1620,975,1119,1837,VanBuren
1621,975,1119,1837,VanBuren
1622,975,1119,1837,VanBuren
1623,976,1119,1837,VanBuren
1624,977,1119,1837,VanBuren
1625,977,1119,1837,VanBuren
1626,977,1119,1837,VanBuren
1627,978,1119,1837,VanBuren
1628,979,1119,1837,VanBuren
1629,979,1119,1837,VanBuren
1630,979,1119,1837,VanBuren
1631,980,1119,1837,VanBuren
1632,980,1119,1837,VanBuren
1633,981,1119,1837,VanBuren
1634,981,1119,1837,VanBuren
1635,981,1119,1837,VanBuren
1636,981,1119,1837,VanBuren
1637,982,1119,1837,VanBuren
1638,983,1119,1837,VanBuren
1639,983,1119,1837,VanBuren
1640,984,1119,1837,VanBuren
1641,984,1119,1837,VanBuren
1642,984,1119,1837,VanBuren
1643,984,1119,1837,VanBuren
1644,985,1119,1837,VanBuren
1645,985,1119,1837,VanBuren
1646,985,1119,1837,VanBuren
1647,985,1119,1837,VanBuren
1648,986,1119,1837,VanBuren
1649,986,1119,1837,VanBuren
1650,987,1119,1837,VanBuren
1651,987,1119,1837,VanBuren
1652,988,1119,1837,VanBuren
1653,988,1119,1837,VanBuren
1654,989,1119,1837,VanBuren
1655,989,1119,1837,VanBuren
1656,989,1119,1837,VanBuren
1657,990,1119,1837,VanBuren
1658,990,1119,1837,VanBuren
1659,990,1119,1837,VanBuren
1660,990,1119,1837,VanBuren
1661,991,1119,1837,VanBuren
1662,992,1119,1837,VanBuren
1663,992,1119,1837,VanBuren
1664,992,1119,1837,VanBuren
1665,992,1119,1837,VanBuren
1666,993,1119,1837,VanBuren
1667,994,1119,1837,VanBuren
1668,994,1119,1837,VanBuren
1669,995,1119,1837,VanBuren
1670,996,1119,1837,VanBuren
1671,996,1119,1837,VanBuren
1672,997,1119,1837,VanBuren
1673,998,1119,1837,VanBuren
1674,998,1119,1837,VanBuren
1675,999,1119,1837,VanBuren
1676,999,1119,1837,VanBuren
1677,1000,1119,1837,VanBuren
1678,1000,1119,1837,VanBuren
1679,1000,1119,1837,VanBuren
1680,1000,1119,1837,VanBuren
1681,1001,1119,1837,VanBuren
1682,1001,1119,1837,VanBuren
1683,1002,1119,1837,VanBuren
1684,1003,1119,1837,VanBuren
1685,1003,1119,1837,VanBuren
1686,1003,1119,1837,VanBuren
1687,1004,1119,1837,VanBuren
1688,1004,1119,1837,VanBuren
1689,1004,1119,1837,VanBuren
1690,1004,1119,1837,VanBuren
1691,1004,1119,1837,VanBuren
1692,1004,1119,1837,VanBuren
1693,1005,1119,1837,VanBuren
1694,1006,1119,1837,VanBuren
1695,1006,1119,1837,VanBuren
1696,1006,1119,1837,VanBuren
1697,1006,1119,1837,VanBuren
1698,1006,1119,1837,VanBuren
1699,1006,1119,1837,VanBuren
1700,1007,1119,1837,VanBuren
1701,1007,1119,1837,VanBuren
1702,1007,1119,1837,VanBuren
1703,1007,1119,1837,VanBuren
1704,1008,1119,1837,VanBuren
1705,1009,1119,1837,VanBuren
1706,1009,1119,1837,VanBuren
1707,1009,1119,1837,VanBuren
1708,1010,1119,1837,VanBuren
1709,1010,1119,1837,VanBuren
1710,1011,1119,1837,VanBuren
1711,1011,1119,1837,VanBuren
1712,1012,1119,1837,VanBuren
1713,1013,1119,1837,VanBuren
1714,1014,1119,1837,VanBuren
1715,1015,1119,1837,VanBuren
1716,1016,1119,1837,VanBuren
1717,1016,1119,1837,VanBuren
1718,1016,1119,1837,VanBuren
1719,1016,1119,1837,VanBuren
1720,1016,1119,1837,VanBuren
1721,1016,1119,1837,VanBuren
1722,1016,1119,1837,VanBuren
1723,1017,1119,1837,VanBuren
1724,1017,1119,1837,VanBuren
1725,1017,1119,1837,VanBuren
1726,1017,1119,1837,VanBuren
1727,1018,1119,1837,VanBuren
1728,1018,1119,1837,VanBuren
1729,1018,1119,1837,VanBuren
1730,1018,1119,1837,VanBuren
1731,1018,1119,1837,VanBuren
1732,1018,1119,1837,VanBuren
1733,1019,1119,1837,VanBuren
1734,1020,1119,1837,VanBuren
1735,1020,1119,1837,VanBuren
1736,1020,1119,1837,VanBuren
1737,1020,1119,1837,VanBuren
1738,1020,1119,1837,VanBuren
1739,1021,1119,1837,VanBuren
1740,1022,1119,1837,VanBuren
1741,1023,1119,1837,VanBuren
1742,1023,1119,1837,VanBuren
1743,1023,1119,1837,VanBuren
1744,1023,1119,1837,VanBuren
1745,1024,1119,1837,VanBuren
1746,1025,1119,1837,VanBuren
1747,1026,1119,1837,VanBuren
1748,1027,1119,1837,VanBuren
1749,1027,1119,1837,VanBuren
1750,1027,1119,1837,VanBuren
1751,1028,1119,1837,VanBuren
1752,1029,1119,1837,VanBuren
1753,1030,1119,1837,VanBuren
1754,1031,1119,1837,VanBuren
1755,1031,1119,1837,VanBuren
1756,1031,1119,1837,VanBuren
1757,1031,1119,1837,VanBuren
1758,1032,1119,1837,VanBuren
1759,1032,1119,1837,VanBuren
1760,1033,1119,1837,VanBuren
1761,1034,1119,1837,VanBuren
1762,1034,1119,1837,VanBuren
1763,1034,1119,1837,VanBuren
1764,1034,1119,1837,VanBuren
1765,1035,1119,1837,VanBuren
1766,1035,1119,1837,VanBuren
1767,1035,1119,1837,VanBuren
1768,1035,1119,1837,VanBuren
1769,1035,1119,1837,VanBuren
1770,1036,1119,1837,VanBuren
1771,1037,1119,1837,VanBuren
1772,1037,1119,1837,VanBuren
1773,1038,1119,1837,VanBuren
1774,1038,1119,1837,VanBuren
1775,1038,1119,1837,VanBuren
1776,1039,1119,1837,VanBuren
1777,1039,1119,1837,VanBuren
1778,1039,1119,1837,VanBuren
1779,1040,1119,1837,VanBuren
1780,1040,1119,1837,VanBuren
1781,1040,1119,1837,VanBuren
1782,1040,1119,1837,VanBuren
1783,1041,1119,1837,VanBuren
1784,1042,1119,1837,VanBuren
1785,1042,1119,1837,VanBuren
1786,1043,1119,1837,VanBuren
1787,1043,1119,1837,VanBuren
1788,1043,1119,1837,VanBuren
1789,1043,1119,1837,VanBuren
1790,1043,1119,1837,VanBuren
1791,1044,1119,1837,VanBuren
1792,1045,1119,1837,VanBuren
1793,1046,1119,1837,VanBuren
1794,1047,1119,1837,VanBuren
1795,1047,1119,1837,VanBuren
1796,1047,1119,1837,VanBuren
1797,1047,1119,1837,VanBuren
1798,1047,1119,1837,VanBuren
1799,1047,1119,1837,VanBuren
1800,1048,1119,1837,VanBuren
1801,1049,1119,1837,VanBuren
1802,1049,1119,1837,VanBuren
1803,1049,1119,1837,VanBuren
1804,1049,1119,1837,VanBuren
1805,1050,1119,1837,VanBuren
1806,1051,1119,1837,VanBuren
1807,1051,1119,1837,VanBuren
1808,1052,1119,1837,VanBuren
1809,1053,1119,1837,VanBuren
1810,1053,1119,1837,VanBuren
1811,1053,1119,1837,VanBuren
1812,1053,1119,1837,VanBuren
1813,1053,1119,1837,VanBuren
1814,1054,1119,1837,VanBuren
1815,1054,1119,1837,VanBuren
1816,1054,1119,1837,VanBuren
1817,1054,1119,1837,VanBuren
1818,1054,1119,1837,VanBuren
1819,1054,1119,1837,VanBuren
1820,1054,1119,1837,VanBuren
1821,1054,1119,1837,VanBuren
1822,1054,1119,1837,VanBuren
1823,1055,1119,1837,VanBuren
1824,1056,1119,1837,VanBuren
1825,1056,1119,1837,VanBuren
1826,1057,1119,1837,VanBuren
1827,1057,1119,1837,VanBuren
1828,1057,1119,1837,VanBuren
1829,1057,1119,1837,VanBuren
1830,1058,1119,1837,VanBuren
1831,1058,1119,1837,VanBuren
1832,1058,1119,1837,VanBuren
1833,1058,1119,1837,VanBuren
1834,1058,1119,1837,VanBuren
1835,1058,1119,1837,VanBuren
1836,1058,1119,1837,VanBuren
1837,1058,1119,1837,VanBuren
1838,1058,1119,1837,VanBuren
1839,1058,1119,1837,VanBuren
1840,1059,1119,1837,VanBuren
1841,1059,1119,1837,VanBuren
1842,1059,1119,1837,VanBuren
1843,1060,1119,1837,VanBuren
1844,1060,1119,1837,VanBuren
1845,1060,1119,1837,VanBuren
1846,1060,1119,1837,VanBuren
1847,1060,1119,1837,VanBuren
1848,1060,1119,1837,VanBuren
1849,1061,1119,1837,VanBuren
1850,1061,1119,1837,VanBuren
1851,1061,1119,1837,VanBuren
1852,1062,1119,1837,VanBuren
1853,1062,1119,1837,VanBuren
1854,1062,1119,1837,VanBuren
1855,1063,1119,1837,VanBuren
1856,1064,1119,1837,VanBuren
1857,1065,1119,1837,VanBuren
1858,1065,1119,1837,VanBuren
1859,1065,1119,1837,VanBuren
1860,1065,1119,1837,VanBuren
1861,1066,1119,1837,VanBuren
1862,1066,1119,1837,VanBuren
1863,1066,1119,1837,VanBuren
1864,1067,1119,1837,VanBuren
1865,1067,1119,1837,VanBuren
1866,1068,1119,1837,VanBuren
1867,1069,1119,1837,VanBuren
1868,1069,1119,1837,VanBuren
1869,1069,1119,1837,VanBuren
1870,1070,1119,1837,VanBuren
1871,1070,1119,1837,VanBuren
1872,1071,1119,1837,VanBuren
1873,1072,1119,1837,VanBuren
1874,1073,1119,1837,VanBuren
1875,1073,1119,1837,VanBuren
1876,1073,1119,1837,VanBuren
1877,1073,1119,1837,VanBuren
1878,1073,1119,1837,VanBuren
1879,1073,1119,1837,VanBuren
1880,1074,1119,1837,VanBuren
1881,1074,1119,1837,VanBuren
1882,1074,1119,1837,VanBuren
1883,1075,1119,1837,VanBuren
1884,1075,1119,1837,VanBuren
1885,1076,1119,1837,VanBuren
1886,1076,1119,1837,VanBuren
1887,1076,1119,1837,VanBuren
1888,1076,1119,1837,VanBuren
1889,1077,1119,1837,VanBuren
1890,1077,1119,1837,VanBuren
1891,1077,1119,1837,VanBuren
1892,1077,1119,1837,VanBuren
1893,1078,1119,1837,VanBuren
1894,1078,1119,1837,VanBuren
1895,1078,1119,1837,VanBuren
1896,1078,1119,1837,VanBuren
1897,1079,1119,1837,VanBuren
1898,1079,1119,1837,VanBuren
1899,1079,1119,1837,VanBuren
1900,1080,1119,1837,VanBuren
1901,1081,1119,1837,VanBuren
1902,1082,1119,1837,VanBuren
1903,1082,1119,1837,VanBuren
1904,1082,1119,1837,VanBuren
1905,1082,1119,1837,VanBuren
1906,1082,1119,1837,VanBuren
1907,1082,1119,1837,VanBuren
1908,1082,1119,1837,VanBuren
1909,1083,1119,1837,VanBuren
1910,1084,1119,1837,VanBuren
1911,1085,1119,1837,VanBuren
1912,1086,1119,1837,VanBuren
1913,1087,1119,1837,VanBuren
1914,1087,1119,1837,VanBuren
1915,1087,1119,1837,VanBuren
1916,1087,1119,1837,VanBuren
1917,1088,1119,1837,VanBuren
1918,1088,1119,1837,VanBuren
1919,1088,1119,1837,VanBuren
1920,1089,1119,1837,VanBuren
1921,1090,1119,1837,VanBuren
1922,1091,1119,1837,VanBuren
1923,1092,1119,1837,VanBuren
1924,1093,1119,1837,VanBuren
1925,1093,1119,1837,VanBuren
1926,1093,1119,1837,VanBuren
1927,1093,1119,1837,VanBuren
1928,1093,1119,1837,VanBuren
1929,1094,1119,1837,VanBuren
1930,1094,1119,1837,VanBuren
1931,1095,1119,1837,VanBuren
1932,1095,1119,1837,VanBuren
1933,1096,1119,1837,VanBuren
1934,1096,1119,1837,VanBuren
1935,1096,1119,1837,VanBuren
1936,1096,1119,1837,VanBuren
1937,1096,1119,1837,VanBuren
1938,1097,1119,1837,VanBuren
1939,1097,1119,1837,VanBuren
1940,1097,1119,1837,VanBuren
1941,1097,1119,1837,VanBuren
1942,1097,1119,1837,VanBuren
1943,1097,1119,1837,VanBuren
1944,1097,1119,1837,VanBuren
1945,1098,1119,1837,VanBuren
1946,1099,1119,1837,VanBuren
1947,1099,1119,1837,VanBuren
1948,1100,1119,1837,VanBuren
1949,1101,1119,1837,VanBuren
1950,1102,1119,1837,VanBuren
1951,1102,1119,1837,VanBuren
1952,1102,1119,1837,VanBuren
1953,1102,1119,1837,VanBuren
1954,1103,1119,1837,VanBuren
1955,1103,1119,1837,VanBuren
1956,1103,1119,1837,VanBuren
1957,1104,1119,1837,VanBuren
1958,1104,1119,1837,VanBuren
1959,1104,1119,1837,VanBuren
1960,1104,1119,1837,VanBuren
1961,1104,1119,1837,VanBuren
1962,1104,1119,1837,VanBuren
1963,1104,1119,1837,VanBuren
1964,1104,1119,1837,VanBuren
1965,1105,1119,1837,VanBuren
1966,1106,1119,1837,VanBuren
1967,1107,1119,1837,VanBuren
1968,1108,1119,1837,VanBuren
1969,1108,1119,1837,VanBuren
1970,1109,1119,1837,VanBuren
1971,1109,1119,1837,VanBuren
1972,1109,1119,1837,VanBuren
1973,1109,1119,1837,VanBuren
1974,1110,1119,1837,VanBuren
1975,1110,1119,1837,VanBuren
1976,1111,1119,1837,VanBuren
1977,1112,1119,1837,VanBuren
1978,1112,1119,1837,VanBuren
1979,1112,1119,1837,VanBuren
1980,1112,1119,1837,VanBuren
1981,1112,1119,1837,VanBuren
1982,1112,1119,1837,VanBuren
1983,1113,1119,1837,VanBuren
1984,1114,1119,1837,VanBuren
1985,1114,1119,1837,VanBuren
1986,1115,1119,1837,VanBuren
1987,1115,1119,1837,VanBuren
1988,1115,1119,1837,VanBuren
1989,1115,1119,1837,VanBuren
1990,1116,1119,1837,VanBuren
1991,1117,1119,1837,VanBuren
1992,1117,1119,1837,VanBuren
1993,1118,1119,1837,VanBuren
1994,1118,1119,1837,VanBuren
1995,1119,1119,1837,VanBuren
1996,1119,1119,1837,VanBuren
1997,1119,1119,1837,VanBuren
