0,1,992,1853,Pierce
1,2,992,1853,Pierce
2,3,992,1853,Pierce
3,4,992,1853,Pierce
4,5,992,1853,Pierce
5,6,992,1853,Pierce
6,7,992,1853,Pierce
7,8,992,1853,Pierce
8,9,992,1853,Pierce
9,10,992,1853,Pierce
10,11,992,1853,Pierce
11,12,992,1853,Pierce
12,13,992,1853,Pierce
13,14,992,1853,Pierce
14,15,992,1853,Pierce
15,16,992,1853,Pierce
16,17,992,1853,Pierce
17,18,992,1853,Pierce
18,19,992,1853,Pierce
19,20,992,1853,Pierce
20,20,992,1853,Pierce
21,21,992,1853,Pierce
22,22,992,1853,Pierce
23,23,992,1853,Pierce
24,24,992,1853,Pierce
25,25,992,1853,Pierce
26,26,992,1853,Pierce
27,27,992,1853,Pierce
28,28,992,1853,Pierce
29,29,992,1853,Pierce
30,30,992,1853,Pierce
31,31,992,1853,Pierce
32,32,992,1853,Pierce
33,33,992,1853,Pierce
34,34,992,1853,Pierce
35,34,992,1853,Pierce
36,35,992,1853,Pierce
37,36,992,1853,Pierce
38,37,992,1853,Pierce
39,38,992,1853,Pierce
40,39,992,1853,Pierce
41,40,992,1853,Pierce
42,41,992,1853,Pierce
43,42,992,1853,Pierce
44,43,992,1853,Pierce
45,44,992,1853,Pierce
46,45,992,1853,Pierce
47,46,992,1853,Pierce
48,47,992,1853,Pierce
49,48,992,1853,Pierce
50,49,992,1853,Pierce
51,49,992,1853,Pierce
52,50,992,1853,Pierce
53,51,992,1853,Pierce
54,52,992,1853,Pierce
55,53,992,1853,Pierce
56,54,992,1853,Pierce
57,55,992,1853,Pierce
58,56,992,1853,Pierce
59,57,992,1853,Pierce
60,58,992,1853,Pierce
61,59,992,1853,Pierce
62,60,992,1853,Pierce
63,61,992,1853,Pierce
64,62,992,1853,Pierce
65,63,992,1853,Pierce
66,64,992,1853,Pierce
67,65,992,1853,Pierce
68,66,992,1853,Pierce
69,67,992,1853,Pierce
70,68,992,1853,Pierce
71,69,992,1853,Pierce
72,70,992,1853,Pierce
73,71,992,1853,Pierce
74,72,992,1853,Pierce
75,73,992,1853,Pierce
76,74,992,1853,Pierce
77,75,992,1853,Pierce
78,76,992,1853,Pierce
79,77,992,1853,Pierce
80,78,992,1853,Pierce
81,79,992,1853,Pierce
82,80,992,1853,Pierce
83,81,992,1853,Pierce
84,82,992,1853,Pierce
85,83,992,1853,Pierce
86,84,992,1853,Pierce
87,85,992,1853,Pierce
88,86,992,1853,Pierce
89,87,992,1853,Pierce
90,88,992,1853,Pierce
91,89,992,1853,Pierce
92,90,992,1853,Pierce
93,91,992,1853,Pierce
94,92,992,1853,Pierce
95,93,992,1853,Pierce
96,94,992,1853,Pierce
97,94,992,1853,Pierce
98,95,992,1853,Pierce
99,96,992,1853,Pierce
100,97,992,1853,Pierce
101,98,992,1853,Pierce
102,99,992,1853,Pierce
103,100,992,1853,Pierce
104,101,992,1853,Pierce
105,102,992,1853,Pierce
106,103,992,1853,Pierce
107,104,992,1853,Pierce
108,105,992,1853,Pierce
109,106,992,1853,Pierce
110,107,992,1853,Pierce
111,108,992,1853,Pierce
112,109,992,1853,Pierce
113,110,992,1853,Pierce
114,111,992,1853,Pierce
115,112,992,1853,Pierce
116,113,992,1853,Pierce
117,114,992,1853,Pierce
118,115,992,1853,Pierce
119,116,992,1853,Pierce
120,117,992,1853,Pierce
121,118,992,1853,Pierce
122,119,992,1853,Pierce
123,120,992,1853,Pierce
124,121,992,1853,Pierce
125,122,992,1853,Pierce
126,123,992,1853,Pierce
127,123,992,1853,Pierce
128,123,992,1853,Pierce
129,123,992,1853,Pierce
130,124,992,1853,Pierce
131,125,992,1853,Pierce
132,126,992,1853,Pierce
133,127,992,1853,Pierce
134,128,992,1853,Pierce
135,129,992,1853,Pierce
136,129,992,1853,Pierce
137,130,992,1853,Pierce
138,131,992,1853,Pierce
139,132,992,1853,Pierce
140,133,992,1853,Pierce
141,134,992,1853,Pierce
142,135,992,1853,Pierce
143,135,992,1853,Pierce
144,136,992,1853,Pierce
145,137,992,1853,Pierce
146,138,992,1853,Pierce
147,139,992,1853,Pierce
148,140,992,1853,Pierce
149,141,992,1853,Pierce
150,141,992,1853,Pierce
151,142,992,1853,Pierce
152,143,992,1853,Pierce
153,144,992,1853,Pierce
154,145,992,1853,Pierce
155,145,992,1853,Pierce
156,145,992,1853,Pierce
157,146,992,1853,Pierce
158,147,992,1853,Pierce
159,148,992,1853,Pierce
160,149,992,1853,Pierce
161,150,992,1853,Pierce
162,151,992,1853,Pierce
163,152,992,1853,Pierce
164,153,992,1853,Pierce
165,153,992,1853,Pierce
166,154,992,1853,Pierce
167,155,992,1853,Pierce
168,155,992,1853,Pierce
169,155,992,1853,Pierce
170,156,992,1853,Pierce
171,157,992,1853,Pierce
172,158,992,1853,Pierce
173,159,992,1853,Pierce
174,160,992,1853,Pierce
175,161,992,1853,Pierce
176,162,992,1853,Pierce
177,162,992,1853,Pierce
178,163,992,1853,Pierce
179,164,992,1853,Pierce
180,165,992,1853,Pierce
181,165,992,1853,Pierce
182,166,992,1853,Pierce
183,167,992,1853,Pierce
184,168,992,1853,Pierce
185,169,992,1853,Pierce
186,170,992,1853,Pierce
187,171,992,1853,Pierce
188,172,992,1853,Pierce
189,173,992,1853,Pierce
190,174,992,1853,Pierce
191,175,992,1853,Pierce
192,176,992,1853,Pierce
193,177,992,1853,Pierce
194,177,992,1853,Pierce
195,178,992,1853,Pierce
196,179,992,1853,Pierce
197,180,992,1853,Pierce
198,181,992,1853,Pierce
199,182,992,1853,Pierce
200,183,992,1853,Pierce
201,183,992,1853,Pierce
202,183,992,1853,Pierce
203,184,992,1853,Pierce
204,185,992,1853,Pierce
205,186,992,1853,Pierce
206,187,992,1853,Pierce
207,188,992,1853,Pierce
208,189,992,1853,Pierce
209,190,992,1853,Pierce
210,191,992,1853,Pierce
211,192,992,1853,Pierce
212,192,992,1853,Pierce
213,193,992,1853,Pierce
214,194,992,1853,Pierce
215,195,992,1853,Pierce
216,196,992,1853,Pierce
217,196,992,1853,Pierce
218,197,992,1853,Pierce
219,198,992,1853,Pierce
220,199,992,1853,Pierce
221,200,992,1853,Pierce
222,201,992,1853,Pierce
223,202,992,1853,Pierce
224,203,992,1853,Pierce
225,204,992,1853,Pierce
226,205,992,1853,Pierce
227,206,992,1853,Pierce
228,207,992,1853,Pierce
229,208,992,1853,Pierce
230,209,992,1853,Pierce
231,210,992,1853,Pierce
232,211,992,1853,Pierce
233,212,992,1853,Pierce
234,213,992,1853,Pierce
235,213,992,1853,Pierce
236,213,992,1853,Pierce
237,214,992,1853,Pierce
238,215,992,1853,Pierce
239,215,992,1853,Pierce
240,215,992,1853,Pierce
241,216,992,1853,Pierce
242,216,992,1853,Pierce
243,217,992,1853,Pierce
244,217,992,1853,Pierce
245,218,992,1853,Pierce
246,219,992,1853,Pierce
247,220,992,1853,Pierce
248,221,992,1853,Pierce
249,222,992,1853,Pierce
250,223,992,1853,Pierce
251,223,992,1853,Pierce
252,223,992,1853,Pierce
253,224,992,1853,Pierce
254,224,992,1853,Pierce
255,225,992,1853,Pierce
256,226,992,1853,Pierce
257,226,992,1853,Pierce
258,227,992,1853,Pierce
259,227,992,1853,Pierce
260,228,992,1853,Pierce
261,228,992,1853,Pierce
262,229,992,1853,Pierce
263,230,992,1853,Pierce
264,231,992,1853,Pierce
265,232,992,1853,Pierce
266,233,992,1853,Pierce
267,234,992,1853,Pierce
268,234,992,1853,Pierce
269,234,992,1853,Pierce
270,235,992,1853,Pierce
271,236,992,1853,Pierce
272,237,992,1853,Pierce
273,237,992,1853,Pierce
274,238,992,1853,Pierce
275,239,992,1853,Pierce
276,240,992,1853,Pierce
277,241,992,1853,Pierce
278,242,992,1853,Pierce
279,242,992,1853,Pierce
280,243,992,1853,Pierce
281,244,992,1853,Pierce
282,245,992,1853,Pierce
283,246,992,1853,Pierce
284,247,992,1853,Pierce
285,248,992,1853,Pierce
286,249,992,1853,Pierce
287,250,992,1853,Pierce
288,251,992,1853,Pierce
289,252,992,1853,Pierce
290,252,992,1853,Pierce
291,253,992,1853,Pierce
292,254,992,1853,Pierce
293,254,992,1853,Pierce
294,254,992,1853,Pierce
295,255,992,1853,Pierce
296,255,992,1853,Pierce
297,256,992,1853,Pierce
298,257,992,1853,Pierce
299,257,992,1853,Pierce
300,258,992,1853,Pierce
301,259,992,1853,Pierce
302,260,992,1853,Pierce
303,261,992,1853,Pierce
304,262,992,1853,Pierce
305,263,992,1853,Pierce
306,264,992,1853,Pierce
307,265,992,1853,Pierce
308,266,992,1853,Pierce
309,267,992,1853,Pierce
310,268,992,1853,Pierce
311,269,992,1853,Pierce
312,270,992,1853,Pierce
313,271,992,1853,Pierce
314,272,992,1853,Pierce
315,273,992,1853,Pierce
316,274,992,1853,Pierce
317,275,992,1853,Pierce
318,275,992,1853,Pierce
319,276,992,1853,Pierce
320,277,992,1853,Pierce
321,277,992,1853,Pierce
322,277,992,1853,Pierce
323,278,992,1853,Pierce
324,279,992,1853,Pierce
325,280,992,1853,Pierce
326,280,992,1853,Pierce
327,281,992,1853,Pierce
328,282,992,1853,Pierce
329,283,992,1853,Pierce
330,283,992,1853,Pierce
331,284,992,1853,Pierce
332,285,992,1853,Pierce
333,286,992,1853,Pierce
334,287,992,1853,Pierce
335,288,992,1853,Pierce
336,288,992,1853,Pierce
337,289,992,1853,Pierce
338,290,992,1853,Pierce
339,291,992,1853,Pierce
340,292,992,1853,Pierce
341,292,992,1853,Pierce
342,293,992,1853,Pierce
343,294,992,1853,Pierce
344,294,992,1853,Pierce
345,295,992,1853,Pierce
346,296,992,1853,Pierce
347,296,992,1853,Pierce
348,297,992,1853,Pierce
349,297,992,1853,Pierce
350,298,992,1853,Pierce
351,299,992,1853,Pierce
352,299,992,1853,Pierce
353,300,992,1853,Pierce
354,300,992,1853,Pierce
355,301,992,1853,Pierce
356,301,992,1853,Pierce
357,302,992,1853,Pierce
358,303,992,1853,Pierce
359,304,992,1853,Pierce
360,305,992,1853,Pierce
361,306,992,1853,Pierce
362,307,992,1853,Pierce
363,308,992,1853,Pierce
364,309,992,1853,Pierce
365,310,992,1853,Pierce
366,311,992,1853,Pierce
367,312,992,1853,Pierce
368,312,992,1853,Pierce
369,312,992,1853,Pierce
370,312,992,1853,Pierce
371,313,992,1853,Pierce
372,314,992,1853,Pierce
373,315,992,1853,Pierce
374,316,992,1853,Pierce
375,317,992,1853,Pierce
376,318,992,1853,Pierce
377,319,992,1853,Pierce
378,320,992,1853,Pierce
379,321,992,1853,Pierce
380,322,992,1853,Pierce
381,323,992,1853,Pierce
382,324,992,1853,Pierce
383,324,992,1853,Pierce
384,325,992,1853,Pierce
385,326,992,1853,Pierce
386,327,992,1853,Pierce
387,328,992,1853,Pierce
388,329,992,1853,Pierce
389,329,992,1853,Pierce
390,329,992,1853,Pierce
391,330,992,1853,Pierce
392,331,992,1853,Pierce
393,331,992,1853,Pierce
394,332,992,1853,Pierce
395,333,992,1853,Pierce
396,334,992,1853,Pierce
397,335,992,1853,Pierce
398,336,992,1853,Pierce
399,337,992,1853,Pierce
400,338,992,1853,Pierce
401,339,992,1853,Pierce
402,340,992,1853,Pierce
403,341,992,1853,Pierce
404,342,992,1853,Pierce
405,342,992,1853,Pierce
406,342,992,1853,Pierce
407,343,992,1853,Pierce
408,344,992,1853,Pierce
409,344,992,1853,Pierce
410,344,992,1853,Pierce
411,344,992,1853,Pierce
412,345,992,1853,Pierce
413,345,992,1853,Pierce
414,346,992,1853,Pierce
415,346,992,1853,Pierce
416,347,992,1853,Pierce
417,347,992,1853,Pierce
418,348,992,1853,Pierce
419,348,992,1853,Pierce
420,348,992,1853,Pierce
421,349,992,1853,Pierce
422,349,992,1853,Pierce
423,350,992,1853,Pierce
424,350,992,1853,Pierce
425,351,992,1853,Pierce
426,352,992,1853,Pierce
427,353,992,1853,Pierce
428,354,992,1853,Pierce
429,355,992,1853,Pierce
430,356,992,1853,Pierce
431,357,992,1853,Pierce
432,358,992,1853,Pierce
433,359,992,1853,Pierce
434,360,992,1853,Pierce
435,361,992,1853,Pierce
436,362,992,1853,Pierce
437,362,992,1853,Pierce
438,362,992,1853,Pierce
439,363,992,1853,Pierce
440,364,992,1853,Pierce
441,365,992,1853,Pierce
442,366,992,1853,Pierce
443,366,992,1853,Pierce
444,367,992,1853,Pierce
445,368,992,1853,Pierce
446,369,992,1853,Pierce
447,370,992,1853,Pierce
448,370,992,1853,Pierce
449,371,992,1853,Pierce
450,371,992,1853,Pierce
451,372,992,1853,Pierce
452,373,992,1853,Pierce
453,374,992,1853,Pierce
454,375,992,1853,Pierce
455,376,992,1853,Pierce
456,377,992,1853,Pierce
457,377,992,1853,Pierce
458,378,992,1853,Pierce
459,379,992,1853,Pierce
460,380,992,1853,Pierce
461,380,992,1853,Pierce
462,381,992,1853,Pierce
463,382,992,1853,Pierce
464,383,992,1853,Pierce
465,383,992,1853,Pierce
466,384,992,1853,Pierce
467,385,992,1853,Pierce
468,386,992,1853,Pierce
469,387,992,1853,Pierce
470,388,992,1853,Pierce
471,389,992,1853,Pierce
472,390,992,1853,Pierce
473,391,992,1853,Pierce
474,391,992,1853,Pierce
475,391,992,1853,Pierce
476,392,992,1853,Pierce
477,393,992,1853,Pierce
478,393,992,1853,Pierce
479,394,992,1853,Pierce
480,394,992,1853,Pierce
481,394,992,1853,Pierce
482,395,992,1853,Pierce
483,396,992,1853,Pierce
484,396,992,1853,Pierce
485,397,992,1853,Pierce
486,398,992,1853,Pierce
487,399,992,1853,Pierce
488,400,992,1853,Pierce
489,400,992,1853,Pierce
490,401,992,1853,Pierce
491,402,992,1853,Pierce
492,402,992,1853,Pierce
493,403,992,1853,Pierce
494,404,992,1853,Pierce
495,405,992,1853,Pierce
496,405,992,1853,Pierce
497,405,992,1853,Pierce
498,406,992,1853,Pierce
499,407,992,1853,Pierce
500,408,992,1853,Pierce
501,409,992,1853,Pierce
502,410,992,1853,Pierce
503,411,992,1853,Pierce
504,412,992,1853,Pierce
505,413,992,1853,Pierce
506,414,992,1853,Pierce
507,414,992,1853,Pierce
508,414,992,1853,Pierce
509,415,992,1853,Pierce
510,415,992,1853,Pierce
511,415,992,1853,Pierce
512,415,992,1853,Pierce
513,416,992,1853,Pierce
514,417,992,1853,Pierce
515,418,992,1853,Pierce
516,419,992,1853,Pierce
517,419,992,1853,Pierce
518,420,992,1853,Pierce
519,421,992,1853,Pierce
520,421,992,1853,Pierce
521,422,992,1853,Pierce
522,422,992,1853,Pierce
523,422,992,1853,Pierce
524,423,992,1853,Pierce
525,424,992,1853,Pierce
526,425,992,1853,Pierce
527,426,992,1853,Pierce
528,427,992,1853,Pierce
529,427,992,1853,Pierce
530,427,992,1853,Pierce
531,427,992,1853,Pierce
532,428,992,1853,Pierce
533,428,992,1853,Pierce
534,429,992,1853,Pierce
535,430,992,1853,Pierce
536,431,992,1853,Pierce
537,431,992,1853,Pierce
538,432,992,1853,Pierce
539,433,992,1853,Pierce
540,434,992,1853,Pierce
541,434,992,1853,Pierce
542,434,992,1853,Pierce
543,435,992,1853,Pierce
544,436,992,1853,Pierce
545,436,992,1853,Pierce
546,436,992,1853,Pierce
547,436,992,1853,Pierce
548,437,992,1853,Pierce
549,438,992,1853,Pierce
550,438,992,1853,Pierce
551,439,992,1853,Pierce
552,440,992,1853,Pierce
553,441,992,1853,Pierce
554,441,992,1853,Pierce
555,442,992,1853,Pierce
556,443,992,1853,Pierce
557,444,992,1853,Pierce
558,445,992,1853,Pierce
559,446,992,1853,Pierce
560,447,992,1853,Pierce
561,447,992,1853,Pierce
562,448,992,1853,Pierce
563,448,992,1853,Pierce
564,449,992,1853,Pierce
565,450,992,1853,Pierce
566,450,992,1853,Pierce
567,450,992,1853,Pierce
568,451,992,1853,Pierce
569,451,992,1853,Pierce
570,452,992,1853,Pierce
571,453,992,1853,Pierce
572,454,992,1853,Pierce
573,454,992,1853,Pierce
574,454,992,1853,Pierce
575,455,992,1853,Pierce
576,456,992,1853,Pierce
577,457,992,1853,Pierce
578,457,992,1853,Pierce
579,458,992,1853,Pierce
580,459,992,1853,Pierce
581,459,992,1853,Pierce
582,460,992,1853,Pierce
583,460,992,1853,Pierce
584,460,992,1853,Pierce
585,461,992,1853,Pierce
586,462,992,1853,Pierce
587,462,992,1853,Pierce
588,463,992,1853,Pierce
589,464,992,1853,Pierce
590,464,992,1853,Pierce
591,465,992,1853,Pierce
592,466,992,1853,Pierce
593,467,992,1853,Pierce
594,468,992,1853,Pierce
595,469,992,1853,Pierce
596,470,992,1853,Pierce
597,470,992,1853,Pierce
598,471,992,1853,Pierce
599,471,992,1853,Pierce
600,471,992,1853,Pierce
601,472,992,1853,Pierce
602,472,992,1853,Pierce
603,472,992,1853,Pierce
604,472,992,1853,Pierce
605,472,992,1853,Pierce
606,473,992,1853,Pierce
607,473,992,1853,Pierce
608,473,992,1853,Pierce
609,474,992,1853,Pierce
610,475,992,1853,Pierce
611,476,992,1853,Pierce
612,477,992,1853,Pierce
613,478,992,1853,Pierce
614,479,992,1853,Pierce
615,480,992,1853,Pierce
616,481,992,1853,Pierce
617,482,992,1853,Pierce
618,482,992,1853,Pierce
619,483,992,1853,Pierce
620,483,992,1853,Pierce
621,483,992,1853,Pierce
622,483,992,1853,Pierce
623,484,992,1853,Pierce
624,484,992,1853,Pierce
625,484,992,1853,Pierce
626,484,992,1853,Pierce
627,484,992,1853,Pierce
628,485,992,1853,Pierce
629,485,992,1853,Pierce
630,485,992,1853,Pierce
631,486,992,1853,Pierce
632,486,992,1853,Pierce
633,486,992,1853,Pierce
634,486,992,1853,Pierce
635,487,992,1853,Pierce
636,487,992,1853,Pierce
637,488,992,1853,Pierce
638,489,992,1853,Pierce
639,489,992,1853,Pierce
640,490,992,1853,Pierce
641,490,992,1853,Pierce
642,490,992,1853,Pierce
643,491,992,1853,Pierce
644,492,992,1853,Pierce
645,493,992,1853,Pierce
646,494,992,1853,Pierce
647,494,992,1853,Pierce
648,494,992,1853,Pierce
649,495,992,1853,Pierce
650,495,992,1853,Pierce
651,496,992,1853,Pierce
652,496,992,1853,Pierce
653,497,992,1853,Pierce
654,498,992,1853,Pierce
655,498,992,1853,Pierce
656,499,992,1853,Pierce
657,500,992,1853,Pierce
658,501,992,1853,Pierce
659,502,992,1853,Pierce
660,503,992,1853,Pierce
661,504,992,1853,Pierce
662,505,992,1853,Pierce
663,506,992,1853,Pierce
664,506,992,1853,Pierce
665,507,992,1853,Pierce
666,508,992,1853,Pierce
667,509,992,1853,Pierce
668,509,992,1853,Pierce
669,510,992,1853,Pierce
670,511,992,1853,Pierce
671,512,992,1853,Pierce
672,513,992,1853,Pierce
673,513,992,1853,Pierce
674,513,992,1853,Pierce
675,514,992,1853,Pierce
676,515,992,1853,Pierce
677,516,992,1853,Pierce
678,517,992,1853,Pierce
679,517,992,1853,Pierce
680,517,992,1853,Pierce
681,518,992,1853,Pierce
682,519,992,1853,Pierce
683,520,992,1853,Pierce
684,521,992,1853,Pierce
685,522,992,1853,Pierce
686,523,992,1853,Pierce
687,524,992,1853,Pierce
688,525,992,1853,Pierce
689,526,992,1853,Pierce
690,526,992,1853,Pierce
691,527,992,1853,Pierce
692,528,992,1853,Pierce
693,529,992,1853,Pierce
694,529,992,1853,Pierce
695,530,992,1853,Pierce
696,531,992,1853,Pierce
697,531,992,1853,Pierce
698,531,992,1853,Pierce
699,531,992,1853,Pierce
700,532,992,1853,Pierce
701,532,992,1853,Pierce
702,533,992,1853,Pierce
703,533,992,1853,Pierce
704,533,992,1853,Pierce
705,534,992,1853,Pierce
706,534,992,1853,Pierce
707,534,992,1853,Pierce
708,535,992,1853,Pierce
709,535,992,1853,Pierce
710,535,992,1853,Pierce
711,535,992,1853,Pierce
712,535,992,1853,Pierce
713,535,992,1853,Pierce
714,536,992,1853,Pierce
715,536,992,1853,Pierce
716,536,992,1853,Pierce
717,536,992,1853,Pierce
718,537,992,1853,Pierce
719,537,992,1853,Pierce
720,537,992,1853,Pierce
721,538,992,1853,Pierce
722,538,992,1853,Pierce
723,539,992,1853,Pierce
724,540,992,1853,Pierce
725,541,992,1853,Pierce
726,542,992,1853,Pierce
727,542,992,1853,Pierce
728,542,992,1853,Pierce
729,542,992,1853,Pierce
730,542,992,1853,Pierce
731,543,992,1853,Pierce
732,544,992,1853,Pierce
733,545,992,1853,Pierce
734,545,992,1853,Pierce
735,546,992,1853,Pierce
736,546,992,1853,Pierce
737,546,992,1853,Pierce
738,547,992,1853,Pierce
739,548,992,1853,Pierce
740,549,992,1853,Pierce
741,549,992,1853,Pierce
742,549,992,1853,Pierce
743,550,992,1853,Pierce
744,550,992,1853,Pierce
745,550,992,1853,Pierce
746,551,992,1853,Pierce
747,552,992,1853,Pierce
748,553,992,1853,Pierce
749,554,992,1853,Pierce
750,554,992,1853,Pierce
751,555,992,1853,Pierce
752,555,992,1853,Pierce
753,555,992,1853,Pierce
754,555,992,1853,Pierce
755,555,992,1853,Pierce
756,556,992,1853,Pierce
757,557,992,1853,Pierce
758,558,992,1853,Pierce
759,559,992,1853,Pierce
760,560,992,1853,Pierce
761,560,992,1853,Pierce
762,560,992,1853,Pierce
763,561,992,1853,Pierce
764,561,992,1853,Pierce
765,562,992,1853,Pierce
766,563,992,1853,Pierce
767,563,992,1853,Pierce
768,564,992,1853,Pierce
769,565,992,1853,Pierce
770,566,992,1853,Pierce
771,567,992,1853,Pierce
772,567,992,1853,Pierce
773,567,992,1853,Pierce
774,567,992,1853,Pierce
775,568,992,1853,Pierce
776,568,992,1853,Pierce
777,569,992,1853,Pierce
778,570,992,1853,Pierce
779,570,992,1853,Pierce
780,571,992,1853,Pierce
781,572,992,1853,Pierce
782,573,992,1853,Pierce
783,573,992,1853,Pierce
784,573,992,1853,Pierce
785,573,992,1853,Pierce
786,574,992,1853,Pierce
787,574,992,1853,Pierce
788,574,992,1853,Pierce
789,575,992,1853,Pierce
790,575,992,1853,Pierce
791,575,992,1853,Pierce
792,576,992,1853,Pierce
793,576,992,1853,Pierce
794,576,992,1853,Pierce
795,577,992,1853,Pierce
796,577,992,1853,Pierce
797,577,992,1853,Pierce
798,578,992,1853,Pierce
799,578,992,1853,Pierce
800,579,992,1853,Pierce
801,580,992,1853,Pierce
802,580,992,1853,Pierce
803,581,992,1853,Pierce
804,582,992,1853,Pierce
805,583,992,1853,Pierce
806,583,992,1853,Pierce
807,584,992,1853,Pierce
808,585,992,1853,Pierce
809,585,992,1853,Pierce
810,586,992,1853,Pierce
811,586,992,1853,Pierce
812,586,992,1853,Pierce
813,587,992,1853,Pierce
814,587,992,1853,Pierce
815,588,992,1853,Pierce
816,589,992,1853,Pierce
817,589,992,1853,Pierce
818,590,992,1853,Pierce
819,591,992,1853,Pierce
820,591,992,1853,Pierce
821,592,992,1853,Pierce
822,593,992,1853,Pierce
823,594,992,1853,Pierce
824,595,992,1853,Pierce
825,596,992,1853,Pierce
826,596,992,1853,Pierce
827,596,992,1853,Pierce
828,596,992,1853,Pierce
829,597,992,1853,Pierce
830,598,992,1853,Pierce
831,598,992,1853,Pierce
832,599,992,1853,Pierce
833,600,992,1853,Pierce
834,600,992,1853,Pierce
835,600,992,1853,Pierce
836,601,992,1853,Pierce
837,601,992,1853,Pierce
838,601,992,1853,Pierce
839,601,992,1853,Pierce
840,601,992,1853,Pierce
841,602,992,1853,Pierce
842,603,992,1853,Pierce
843,604,992,1853,Pierce
844,605,992,1853,Pierce
845,606,992,1853,Pierce
846,606,992,1853,Pierce
847,606,992,1853,Pierce
848,606,992,1853,Pierce
849,606,992,1853,Pierce
850,606,992,1853,Pierce
851,606,992,1853,Pierce
852,606,992,1853,Pierce
853,607,992,1853,Pierce
854,608,992,1853,Pierce
855,608,992,1853,Pierce
856,609,992,1853,Pierce
857,610,992,1853,Pierce
858,611,992,1853,Pierce
859,611,992,1853,Pierce
860,611,992,1853,Pierce
861,612,992,1853,Pierce
862,613,992,1853,Pierce
863,613,992,1853,Pierce
864,614,992,1853,Pierce
865,615,992,1853,Pierce
866,616,992,1853,Pierce
867,616,992,1853,Pierce
868,616,992,1853,Pierce
869,617,992,1853,Pierce
870,617,992,1853,Pierce
871,618,992,1853,Pierce
872,619,992,1853,Pierce
873,620,992,1853,Pierce
874,621,992,1853,Pierce
875,621,992,1853,Pierce
876,621,992,1853,Pierce
877,622,992,1853,Pierce
878,623,992,1853,Pierce
879,623,992,1853,Pierce
880,624,992,1853,Pierce
881,625,992,1853,Pierce
882,626,992,1853,Pierce
883,626,992,1853,Pierce
884,627,992,1853,Pierce
885,628,992,1853,Pierce
886,628,992,1853,Pierce
887,629,992,1853,Pierce
888,629,992,1853,Pierce
889,630,992,1853,Pierce
890,631,992,1853,Pierce
891,631,992,1853,Pierce
892,632,992,1853,Pierce
893,632,992,1853,Pierce
894,633,992,1853,Pierce
895,633,992,1853,Pierce
896,634,992,1853,Pierce
897,634,992,1853,Pierce
898,634,992,1853,Pierce
899,635,992,1853,Pierce
900,635,992,1853,Pierce
901,636,992,1853,Pierce
902,637,992,1853,Pierce
903,638,992,1853,Pierce
904,639,992,1853,Pierce
905,640,992,1853,Pierce
906,641,992,1853,Pierce
907,642,992,1853,Pierce
908,643,992,1853,Pierce
909,644,992,1853,Pierce
910,645,992,1853,Pierce
911,646,992,1853,Pierce
912,646,992,1853,Pierce
913,646,992,1853,Pierce
914,646,992,1853,Pierce
915,646,992,1853,Pierce
916,647,992,1853,Pierce
917,647,992,1853,Pierce
918,648,992,1853,Pierce
919,649,992,1853,Pierce
920,649,992,1853,Pierce
921,649,992,1853,Pierce
922,650,992,1853,Pierce
923,650,992,1853,Pierce
924,650,992,1853,Pierce
925,650,992,1853,Pierce
926,651,992,1853,Pierce
927,652,992,1853,Pierce
928,653,992,1853,Pierce
929,653,992,1853,Pierce
930,654,992,1853,Pierce
931,654,992,1853,Pierce
932,655,992,1853,Pierce
933,656,992,1853,Pierce
934,656,992,1853,Pierce
935,657,992,1853,Pierce
936,658,992,1853,Pierce
937,659,992,1853,Pierce
938,659,992,1853,Pierce
939,659,992,1853,Pierce
940,660,992,1853,Pierce
941,660,992,1853,Pierce
942,661,992,1853,Pierce
943,662,992,1853,Pierce
944,662,992,1853,Pierce
945,663,992,1853,Pierce
946,664,992,1853,Pierce
947,664,992,1853,Pierce
948,664,992,1853,Pierce
949,664,992,1853,Pierce
950,664,992,1853,Pierce
951,665,992,1853,Pierce
952,665,992,1853,Pierce
953,665,992,1853,Pierce
954,666,992,1853,Pierce
955,667,992,1853,Pierce
956,668,992,1853,Pierce
957,668,992,1853,Pierce
958,668,992,1853,Pierce
959,669,992,1853,Pierce
960,670,992,1853,Pierce
961,671,992,1853,Pierce
962,671,992,1853,Pierce
963,671,992,1853,Pierce
964,671,992,1853,Pierce
965,672,992,1853,Pierce
966,672,992,1853,Pierce
967,673,992,1853,Pierce
968,674,992,1853,Pierce
969,674,992,1853,Pierce
970,674,992,1853,Pierce
971,675,992,1853,Pierce
972,676,992,1853,Pierce
973,677,992,1853,Pierce
974,677,992,1853,Pierce
975,677,992,1853,Pierce
976,677,992,1853,Pierce
977,677,992,1853,Pierce
978,678,992,1853,Pierce
979,678,992,1853,Pierce
980,678,992,1853,Pierce
981,679,992,1853,Pierce
982,679,992,1853,Pierce
983,680,992,1853,Pierce
984,681,992,1853,Pierce
985,682,992,1853,Pierce
986,682,992,1853,Pierce
987,682,992,1853,Pierce
988,682,992,1853,Pierce
989,682,992,1853,Pierce
990,682,992,1853,Pierce
991,682,992,1853,Pierce
992,682,992,1853,Pierce
993,683,992,1853,Pierce
994,683,992,1853,Pierce
995,683,992,1853,Pierce
996,684,992,1853,Pierce
997,684,992,1853,Pierce
998,684,992,1853,Pierce
999,685,992,1853,Pierce
1000,685,992,1853,Pierce
1001,685,992,1853,Pierce
1002,685,992,1853,Pierce
1003,685,992,1853,Pierce
1004,686,992,1853,Pierce
1005,687,992,1853,Pierce
1006,688,992,1853,Pierce
1007,688,992,1853,Pierce
1008,689,992,1853,Pierce
1009,690,992,1853,Pierce
1010,691,992,1853,Pierce
1011,691,992,1853,Pierce
1012,691,992,1853,Pierce
1013,692,992,1853,Pierce
1014,692,992,1853,Pierce
1015,692,992,1853,Pierce
1016,693,992,1853,Pierce
1017,694,992,1853,Pierce
1018,694,992,1853,Pierce
1019,695,992,1853,Pierce
1020,695,992,1853,Pierce
1021,696,992,1853,Pierce
1022,697,992,1853,Pierce
1023,698,992,1853,Pierce
1024,698,992,1853,Pierce
1025,699,992,1853,Pierce
1026,699,992,1853,Pierce
1027,700,992,1853,Pierce
1028,701,992,1853,Pierce
1029,702,992,1853,Pierce
1030,703,992,1853,Pierce
1031,704,992,1853,Pierce
1032,704,992,1853,Pierce
1033,704,992,1853,Pierce
1034,704,992,1853,Pierce
1035,705,992,1853,Pierce
1036,705,992,1853,Pierce
1037,706,992,1853,Pierce
1038,707,992,1853,Pierce
1039,708,992,1853,Pierce
1040,709,992,1853,Pierce
1041,709,992,1853,Pierce
1042,709,992,1853,Pierce
1043,710,992,1853,Pierce
1044,710,992,1853,Pierce
1045,710,992,1853,Pierce
1046,711,992,1853,Pierce
1047,712,992,1853,Pierce
1048,713,992,1853,Pierce
1049,714,992,1853,Pierce
1050,715,992,1853,Pierce
1051,715,992,1853,Pierce
1052,716,992,1853,Pierce
1053,716,992,1853,Pierce
1054,716,992,1853,Pierce
1055,716,992,1853,Pierce
1056,716,992,1853,Pierce
1057,716,992,1853,Pierce
1058,716,992,1853,Pierce
1059,716,992,1853,Pierce
1060,717,992,1853,Pierce
1061,718,992,1853,Pierce
1062,718,992,1853,Pierce
1063,718,992,1853,Pierce
1064,718,992,1853,Pierce
1065,718,992,1853,Pierce
1066,718,992,1853,Pierce
1067,718,992,1853,Pierce
1068,718,992,1853,Pierce
1069,718,992,1853,Pierce
1070,719,992,1853,Pierce
1071,720,992,1853,Pierce
1072,720,992,1853,Pierce
1073,721,992,1853,Pierce
1074,722,992,1853,Pierce
1075,722,992,1853,Pierce
1076,722,992,1853,Pierce
1077,723,992,1853,Pierce
1078,723,992,1853,Pierce
1079,723,992,1853,Pierce
1080,723,992,1853,Pierce
1081,724,992,1853,Pierce
1082,725,992,1853,Pierce
1083,726,992,1853,Pierce
1084,727,992,1853,Pierce
1085,727,992,1853,Pierce
1086,728,992,1853,Pierce
1087,729,992,1853,Pierce
1088,730,992,1853,Pierce
1089,731,992,1853,Pierce
1090,731,992,1853,Pierce
1091,731,992,1853,Pierce
1092,732,992,1853,Pierce
1093,733,992,1853,Pierce
1094,734,992,1853,Pierce
1095,735,992,1853,Pierce
1096,736,992,1853,Pierce
1097,737,992,1853,Pierce
1098,738,992,1853,Pierce
1099,739,992,1853,Pierce
1100,740,992,1853,Pierce
1101,741,992,1853,Pierce
1102,742,992,1853,Pierce
1103,743,992,1853,Pierce
1104,743,992,1853,Pierce
1105,744,992,1853,Pierce
1106,745,992,1853,Pierce
1107,746,992,1853,Pierce
1108,747,992,1853,Pierce
1109,748,992,1853,Pierce
1110,748,992,1853,Pierce
1111,748,992,1853,Pierce
1112,749,992,1853,Pierce
1113,750,992,1853,Pierce
1114,751,992,1853,Pierce
1115,751,992,1853,Pierce
1116,752,992,1853,Pierce
1117,753,992,1853,Pierce
1118,754,992,1853,Pierce
1119,755,992,1853,Pierce
1120,756,992,1853,Pierce
1121,756,992,1853,Pierce
1122,757,992,1853,Pierce
1123,757,992,1853,Pierce
1124,758,992,1853,Pierce
1125,758,992,1853,Pierce
1126,758,992,1853,Pierce
1127,758,992,1853,Pierce
1128,758,992,1853,Pierce
1129,758,992,1853,Pierce
1130,759,992,1853,Pierce
1131,759,992,1853,Pierce
1132,760,992,1853,Pierce
1133,760,992,1853,Pierce
1134,760,992,1853,Pierce
1135,761,992,1853,Pierce
1136,761,992,1853,Pierce
1137,761,992,1853,Pierce
1138,762,992,1853,Pierce
1139,762,992,1853,Pierce
1140,763,992,1853,Pierce
1141,763,992,1853,Pierce
1142,764,992,1853,Pierce
1143,765,992,1853,Pierce
1144,766,992,1853,Pierce
1145,766,992,1853,Pierce
1146,767,992,1853,Pierce
1147,767,992,1853,Pierce
1148,767,992,1853,Pierce
1149,767,992,1853,Pierce
1150,768,992,1853,Pierce
1151,768,992,1853,Pierce
1152,768,992,1853,Pierce
1153,769,992,1853,Pierce
1154,769,992,1853,Pierce
1155,769,992,1853,Pierce
1156,769,992,1853,Pierce
1157,770,992,1853,Pierce
1158,770,992,1853,Pierce
1159,771,992,1853,Pierce
1160,772,992,1853,Pierce
1161,772,992,1853,Pierce
1162,773,992,1853,Pierce
1163,774,992,1853,Pierce
1164,775,992,1853,Pierce
1165,776,992,1853,Pierce
1166,777,992,1853,Pierce
1167,778,992,1853,Pierce
1168,778,992,1853,Pierce
1169,778,992,1853,Pierce
1170,778,992,1853,Pierce
1171,779,992,1853,Pierce
1172,779,992,1853,Pierce
1173,780,992,1853,Pierce
1174,781,992,1853,Pierce
1175,781,992,1853,Pierce
1176,781,992,1853,Pierce
1177,782,992,1853,Pierce
1178,782,992,1853,Pierce
1179,783,992,1853,Pierce
1180,783,992,1853,Pierce
1181,783,992,1853,Pierce
1182,783,992,1853,Pierce
1183,783,992,1853,Pierce
1184,784,992,1853,Pierce
1185,784,992,1853,Pierce
1186,784,992,1853,Pierce
1187,784,992,1853,Pierce
1188,784,992,1853,Pierce
1189,784,992,1853,Pierce
1190,784,992,1853,Pierce
1191,784,992,1853,Pierce
1192,784,992,1853,Pierce
1193,785,992,1853,Pierce
1194,785,992,1853,Pierce
1195,785,992,1853,Pierce
1196,785,992,1853,Pierce
1197,785,992,1853,Pierce
1198,785,992,1853,Pierce
1199,785,992,1853,Pierce
1200,785,992,1853,Pierce
1201,785,992,1853,Pierce
1202,786,992,1853,Pierce
1203,786,992,1853,Pierce
1204,786,992,1853,Pierce
1205,786,992,1853,Pierce
1206,786,992,1853,Pierce
1207,787,992,1853,Pierce
1208,788,992,1853,Pierce
1209,788,992,1853,Pierce
1210,788,992,1853,Pierce
1211,788,992,1853,Pierce
1212,789,992,1853,Pierce
1213,789,992,1853,Pierce
1214,789,992,1853,Pierce
1215,790,992,1853,Pierce
1216,790,992,1853,Pierce
1217,790,992,1853,Pierce
1218,790,992,1853,Pierce
1219,791,992,1853,Pierce
1220,791,992,1853,Pierce
1221,792,992,1853,Pierce
1222,793,992,1853,Pierce
1223,793,992,1853,Pierce
1224,793,992,1853,Pierce
1225,793,992,1853,Pierce
1226,793,992,1853,Pierce
1227,793,992,1853,Pierce
1228,793,992,1853,Pierce
1229,793,992,1853,Pierce
1230,793,992,1853,Pierce
1231,793,992,1853,Pierce
1232,794,992,1853,Pierce
1233,795,992,1853,Pierce
1234,796,992,1853,Pierce
1235,797,992,1853,Pierce
1236,797,992,1853,Pierce
1237,798,992,1853,Pierce
1238,798,992,1853,Pierce
1239,799,992,1853,Pierce
1240,800,992,1853,Pierce
1241,800,992,1853,Pierce
1242,800,992,1853,Pierce
1243,800,992,1853,Pierce
1244,800,992,1853,Pierce
1245,800,992,1853,Pierce
1246,800,992,1853,Pierce
1247,801,992,1853,Pierce
1248,801,992,1853,Pierce
1249,801,992,1853,Pierce
1250,802,992,1853,Pierce
1251,803,992,1853,Pierce
1252,803,992,1853,Pierce
1253,803,992,1853,Pierce
1254,804,992,1853,Pierce
1255,804,992,1853,Pierce
1256,804,992,1853,Pierce
1257,804,992,1853,Pierce
1258,805,992,1853,Pierce
1259,805,992,1853,Pierce
1260,805,992,1853,Pierce
1261,806,992,1853,Pierce
1262,806,992,1853,Pierce
1263,807,992,1853,Pierce
1264,808,992,1853,Pierce
1265,808,992,1853,Pierce
1266,808,992,1853,Pierce
1267,809,992,1853,Pierce
1268,809,992,1853,Pierce
1269,809,992,1853,Pierce
1270,810,992,1853,Pierce
1271,811,992,1853,Pierce
1272,811,992,1853,Pierce
1273,811,992,1853,Pierce
1274,811,992,1853,Pierce
1275,811,992,1853,Pierce
1276,812,992,1853,Pierce
1277,813,992,1853,Pierce
1278,814,992,1853,Pierce
1279,814,992,1853,Pierce
1280,814,992,1853,Pierce
1281,815,992,1853,Pierce
1282,815,992,1853,Pierce
1283,815,992,1853,Pierce
1284,816,992,1853,Pierce
1285,817,992,1853,Pierce
1286,817,992,1853,Pierce
1287,817,992,1853,Pierce
1288,818,992,1853,Pierce
1289,819,992,1853,Pierce
1290,819,992,1853,Pierce
1291,819,992,1853,Pierce
1292,820,992,1853,Pierce
1293,820,992,1853,Pierce
1294,820,992,1853,Pierce
1295,821,992,1853,Pierce
1296,822,992,1853,Pierce
1297,822,992,1853,Pierce
1298,822,992,1853,Pierce
1299,822,992,1853,Pierce
1300,823,992,1853,Pierce
1301,823,992,1853,Pierce
1302,824,992,1853,Pierce
1303,824,992,1853,Pierce
1304,825,992,1853,Pierce
1305,825,992,1853,Pierce
1306,826,992,1853,Pierce
1307,826,992,1853,Pierce
1308,826,992,1853,Pierce
1309,826,992,1853,Pierce
1310,826,992,1853,Pierce
1311,826,992,1853,Pierce
1312,827,992,1853,Pierce
1313,828,992,1853,Pierce
1314,828,992,1853,Pierce
1315,829,992,1853,Pierce
1316,829,992,1853,Pierce
1317,829,992,1853,Pierce
1318,829,992,1853,Pierce
1319,829,992,1853,Pierce
1320,829,992,1853,Pierce
1321,829,992,1853,Pierce
1322,830,992,1853,Pierce
1323,830,992,1853,Pierce
1324,830,992,1853,Pierce
1325,830,992,1853,Pierce
1326,830,992,1853,Pierce
1327,831,992,1853,Pierce
1328,831,992,1853,Pierce
1329,832,992,1853,Pierce
1330,832,992,1853,Pierce
1331,833,992,1853,Pierce
1332,834,992,1853,Pierce
1333,834,992,1853,Pierce
1334,834,992,1853,Pierce
1335,834,992,1853,Pierce
1336,835,992,1853,Pierce
1337,836,992,1853,Pierce
1338,836,992,1853,Pierce
1339,837,992,1853,Pierce
1340,837,992,1853,Pierce
1341,838,992,1853,Pierce
1342,839,992,1853,Pierce
1343,840,992,1853,Pierce
1344,841,992,1853,Pierce
1345,842,992,1853,Pierce
1346,842,992,1853,Pierce
1347,843,992,1853,Pierce
1348,843,992,1853,Pierce
1349,843,992,1853,Pierce
1350,844,992,1853,Pierce
1351,845,992,1853,Pierce
1352,845,992,1853,Pierce
1353,846,992,1853,Pierce
1354,847,992,1853,Pierce
1355,848,992,1853,Pierce
1356,848,992,1853,Pierce
1357,848,992,1853,Pierce
1358,849,992,1853,Pierce
1359,850,992,1853,Pierce
1360,851,992,1853,Pierce
1361,852,992,1853,Pierce
1362,852,992,1853,Pierce
1363,853,992,1853,Pierce
1364,853,992,1853,Pierce
1365,853,992,1853,Pierce
1366,854,992,1853,Pierce
1367,855,992,1853,Pierce
1368,855,992,1853,Pierce
1369,856,992,1853,Pierce
1370,857,992,1853,Pierce
1371,858,992,1853,Pierce
1372,859,992,1853,Pierce
1373,860,992,1853,Pierce
1374,861,992,1853,Pierce
1375,862,992,1853,Pierce
1376,862,992,1853,Pierce
1377,862,992,1853,Pierce
1378,862,992,1853,Pierce
1379,863,992,1853,Pierce
1380,864,992,1853,Pierce
1381,864,992,1853,Pierce
1382,865,992,1853,Pierce
1383,865,992,1853,Pierce
1384,866,992,1853,Pierce
1385,866,992,1853,Pierce
1386,866,992,1853,Pierce
1387,867,992,1853,Pierce
1388,868,992,1853,Pierce
1389,868,992,1853,Pierce
1390,868,992,1853,Pierce
1391,868,992,1853,Pierce
1392,868,992,1853,Pierce
1393,868,992,1853,Pierce
1394,869,992,1853,Pierce
1395,869,992,1853,Pierce
1396,870,992,1853,Pierce
1397,870,992,1853,Pierce
1398,871,992,1853,Pierce
1399,871,992,1853,Pierce
1400,872,992,1853,Pierce
1401,873,992,1853,Pierce
1402,873,992,1853,Pierce
1403,874,992,1853,Pierce
1404,874,992,1853,Pierce
1405,874,992,1853,Pierce
1406,874,992,1853,Pierce
1407,875,992,1853,Pierce
1408,875,992,1853,Pierce
1409,875,992,1853,Pierce
1410,875,992,1853,Pierce
1411,875,992,1853,Pierce
1412,875,992,1853,Pierce
1413,875,992,1853,Pierce
1414,876,992,1853,Pierce
1415,876,992,1853,Pierce
1416,876,992,1853,Pierce
1417,877,992,1853,Pierce
1418,878,992,1853,Pierce
1419,878,992,1853,Pierce
1420,879,992,1853,Pierce
1421,879,992,1853,Pierce
1422,880,992,1853,Pierce
1423,880,992,1853,Pierce
1424,881,992,1853,Pierce
1425,881,992,1853,Pierce
1426,881,992,1853,Pierce
1427,882,992,1853,Pierce
1428,883,992,1853,Pierce
1429,883,992,1853,Pierce
1430,883,992,1853,Pierce
1431,883,992,1853,Pierce
1432,883,992,1853,Pierce
1433,883,992,1853,Pierce
1434,884,992,1853,Pierce
1435,884,992,1853,Pierce
1436,884,992,1853,Pierce
1437,884,992,1853,Pierce
1438,885,992,1853,Pierce
1439,886,992,1853,Pierce
1440,887,992,1853,Pierce
1441,887,992,1853,Pierce
1442,888,992,1853,Pierce
1443,889,992,1853,Pierce
1444,889,992,1853,Pierce
1445,890,992,1853,Pierce
1446,891,992,1853,Pierce
1447,892,992,1853,Pierce
1448,892,992,1853,Pierce
1449,893,992,1853,Pierce
1450,894,992,1853,Pierce
1451,894,992,1853,Pierce
1452,894,992,1853,Pierce
1453,895,992,1853,Pierce
1454,896,992,1853,Pierce
1455,897,992,1853,Pierce
1456,898,992,1853,Pierce
1457,899,992,1853,Pierce
1458,900,992,1853,Pierce
1459,901,992,1853,Pierce
1460,902,992,1853,Pierce
1461,902,992,1853,Pierce
1462,903,992,1853,Pierce
1463,904,992,1853,Pierce
1464,904,992,1853,Pierce
1465,904,992,1853,Pierce
1466,904,992,1853,Pierce
1467,905,992,1853,Pierce
1468,905,992,1853,Pierce
1469,906,992,1853,Pierce
1470,907,992,1853,Pierce
1471,907,992,1853,Pierce
1472,908,992,1853,Pierce
1473,909,992,1853,Pierce
1474,910,992,1853,Pierce
1475,911,992,1853,Pierce
1476,912,992,1853,Pierce
1477,912,992,1853,Pierce
1478,912,992,1853,Pierce
1479,913,992,1853,Pierce
1480,913,992,1853,Pierce
1481,913,992,1853,Pierce
1482,913,992,1853,Pierce
1483,913,992,1853,Pierce
1484,913,992,1853,Pierce
1485,914,992,1853,Pierce
1486,914,992,1853,Pierce
1487,914,992,1853,Pierce
1488,914,992,1853,Pierce
1489,915,992,1853,Pierce
1490,915,992,1853,Pierce
1491,916,992,1853,Pierce
1492,917,992,1853,Pierce
1493,917,992,1853,Pierce
1494,918,992,1853,Pierce
1495,918,992,1853,Pierce
1496,919,992,1853,Pierce
1497,919,992,1853,Pierce
1498,920,992,1853,Pierce
1499,920,992,1853,Pierce
1500,921,992,1853,Pierce
1501,921,992,1853,Pierce
1502,921,992,1853,Pierce
1503,921,992,1853,Pierce
1504,922,992,1853,Pierce
1505,922,992,1853,Pierce
1506,923,992,1853,Pierce
1507,923,992,1853,Pierce
1508,923,992,1853,Pierce
1509,923,992,1853,Pierce
1510,923,992,1853,Pierce
1511,923,992,1853,Pierce
1512,923,992,1853,Pierce
1513,923,992,1853,Pierce
1514,923,992,1853,Pierce
1515,924,992,1853,Pierce
1516,924,992,1853,Pierce
1517,924,992,1853,Pierce
1518,924,992,1853,Pierce
1519,925,992,1853,Pierce
1520,925,992,1853,Pierce
1521,925,992,1853,Pierce
1522,925,992,1853,Pierce
1523,925,992,1853,Pierce
1524,926,992,1853,Pierce
1525,927,992,1853,Pierce
1526,928,992,1853,Pierce
1527,929,992,1853,Pierce
1528,930,992,1853,Pierce
1529,930,992,1853,Pierce
1530,931,992,1853,Pierce
1531,931,992,1853,Pierce
1532,931,992,1853,Pierce
1533,931,992,1853,Pierce
1534,932,992,1853,Pierce
1535,932,992,1853,Pierce
1536,933,992,1853,Pierce
1537,933,992,1853,Pierce
1538,934,992,1853,Pierce
1539,935,992,1853,Pierce
1540,936,992,1853,Pierce
1541,936,992,1853,Pierce
1542,936,992,1853,Pierce
1543,936,992,1853,Pierce
1544,936,992,1853,Pierce
1545,936,992,1853,Pierce
1546,936,992,1853,Pierce
1547,937,992,1853,Pierce
1548,937,992,1853,Pierce
1549,937,992,1853,Pierce
1550,937,992,1853,Pierce
1551,938,992,1853,Pierce
1552,939,992,1853,Pierce
1553,940,992,1853,Pierce
1554,941,992,1853,Pierce
1555,941,992,1853,Pierce
1556,942,992,1853,Pierce
1557,943,992,1853,Pierce
1558,943,992,1853,Pierce
1559,944,992,1853,Pierce
1560,944,992,1853,Pierce
1561,944,992,1853,Pierce
1562,944,992,1853,Pierce
1563,944,992,1853,Pierce
1564,945,992,1853,Pierce
1565,945,992,1853,Pierce
1566,945,992,1853,Pierce
1567,945,992,1853,Pierce
1568,945,992,1853,Pierce
1569,945,992,1853,Pierce
1570,945,992,1853,Pierce
1571,946,992,1853,Pierce
1572,946,992,1853,Pierce
1573,946,992,1853,Pierce
1574,946,992,1853,Pierce
1575,946,992,1853,Pierce
1576,946,992,1853,Pierce
1577,947,992,1853,Pierce
1578,947,992,1853,Pierce
1579,947,992,1853,Pierce
1580,948,992,1853,Pierce
1581,948,992,1853,Pierce
1582,948,992,1853,Pierce
1583,948,992,1853,Pierce
1584,949,992,1853,Pierce
1585,949,992,1853,Pierce
1586,949,992,1853,Pierce
1587,950,992,1853,Pierce
1588,950,992,1853,Pierce
1589,950,992,1853,Pierce
1590,950,992,1853,Pierce
1591,951,992,1853,Pierce
1592,951,992,1853,Pierce
1593,952,992,1853,Pierce
1594,952,992,1853,Pierce
1595,953,992,1853,Pierce
1596,954,992,1853,Pierce
1597,955,992,1853,Pierce
1598,955,992,1853,Pierce
1599,955,992,1853,Pierce
1600,955,992,1853,Pierce
1601,956,992,1853,Pierce
1602,957,992,1853,Pierce
1603,958,992,1853,Pierce
1604,959,992,1853,Pierce
1605,959,992,1853,Pierce
1606,959,992,1853,Pierce
1607,959,992,1853,Pierce
1608,959,992,1853,Pierce
1609,959,992,1853,Pierce
1610,960,992,1853,Pierce
1611,961,992,1853,Pierce
1612,961,992,1853,Pierce
1613,961,992,1853,Pierce
1614,961,992,1853,Pierce
1615,962,992,1853,Pierce
1616,962,992,1853,Pierce
1617,963,992,1853,Pierce
1618,963,992,1853,Pierce
1619,964,992,1853,Pierce
1620,965,992,1853,Pierce
1621,965,992,1853,Pierce
1622,966,992,1853,Pierce
1623,966,992,1853,Pierce
1624,967,992,1853,Pierce
1625,967,992,1853,Pierce
1626,968,992,1853,Pierce
1627,968,992,1853,Pierce
1628,968,992,1853,Pierce
1629,969,992,1853,Pierce
1630,970,992,1853,Pierce
1631,970,992,1853,Pierce
1632,970,992,1853,Pierce
1633,970,992,1853,Pierce
1634,970,992,1853,Pierce
1635,970,992,1853,Pierce
1636,971,992,1853,Pierce
1637,972,992,1853,Pierce
1638,973,992,1853,Pierce
1639,973,992,1853,Pierce
1640,973,992,1853,Pierce
1641,973,992,1853,Pierce
1642,973,992,1853,Pierce
1643,973,992,1853,Pierce
1644,974,992,1853,Pierce
1645,975,992,1853,Pierce
1646,976,992,1853,Pierce
1647,976,992,1853,Pierce
1648,977,992,1853,Pierce
1649,978,992,1853,Pierce
1650,979,992,1853,Pierce
1651,980,992,1853,Pierce
1652,981,992,1853,Pierce
1653,981,992,1853,Pierce
1654,982,992,1853,Pierce
1655,982,992,1853,Pierce
1656,982,992,1853,Pierce
1657,982,992,1853,Pierce
1658,983,992,1853,Pierce
1659,983,992,1853,Pierce
1660,984,992,1853,Pierce
1661,985,992,1853,Pierce
1662,985,992,1853,Pierce
1663,986,992,1853,Pierce
1664,987,992,1853,Pierce
1665,987,992,1853,Pierce
1666,987,992,1853,Pierce
1667,988,992,1853,Pierce
1668,988,992,1853,Pierce
1669,989,992,1853,Pierce
1670,989,992,1853,Pierce
1671,989,992,1853,Pierce
1672,989,992,1853,Pierce
1673,990,992,1853,Pierce
1674,990,992,1853,Pierce
1675,991,992,1853,Pierce
1676,991,992,1853,Pierce
1677,992,992,1853,Pierce
