0,1,791,1857,Buchanan
1,2,791,1857,Buchanan
2,3,791,1857,Buchanan
3,4,791,1857,Buchanan
4,5,791,1857,Buchanan
5,6,791,1857,Buchanan
6,7,791,1857,Buchanan
7,8,791,1857,Buchanan
8,8,791,1857,Buchanan
9,9,791,1857,Buchanan
10,10,791,1857,Buchanan
11,11,791,1857,Buchanan
12,12,791,1857,Buchanan
13,13,791,1857,Buchanan
14,14,791,1857,Buchanan
15,15,791,1857,Buchanan
16,16,791,1857,Buchanan
17,17,791,1857,Buchanan
18,18,791,1857,Buchanan
19,19,791,1857,Buchanan
20,20,791,1857,Buchanan
21,20,791,1857,Buchanan
22,20,791,1857,Buchanan
23,21,791,1857,Buchanan
24,22,791,1857,Buchanan
25,23,791,1857,Buchanan
26,24,791,1857,Buchanan
27,24,791,1857,Buchanan
28,24,791,1857,Buchanan
29,25,791,1857,Buchanan
30,26,791,1857,Buchanan
31,27,791,1857,Buchanan
32,28,791,1857,Buchanan
33,29,791,1857,Buchanan
34,30,791,1857,Buchanan
35,31,791,1857,Buchanan
36,31,791,1857,Buchanan
37,32,791,1857,Buchanan
38,33,791,1857,Buchanan
39,34,791,1857,Buchanan
40,35,791,1857,Buchanan
41,36,791,1857,Buchanan
42,37,791,1857,Buchanan
43,38,791,1857,Buchanan
44,39,791,1857,Buchanan
45,40,791,1857,Buchanan
46,41,791,1857,Buchanan
47,42,791,1857,Buchanan
48,42,791,1857,Buchanan
49,42,791,1857,Buchanan
50,43,791,1857,Buchanan
51,44,791,1857,Buchanan
52,45,791,1857,Buchanan
53,46,791,1857,Buchanan
54,47,791,1857,Buchanan
55,48,791,1857,Buchanan
56,48,791,1857,Buchanan
57,49,791,1857,Buchanan
58,50,791,1857,Buchanan
59,51,791,1857,Buchanan
60,52,791,1857,Buchanan
61,52,791,1857,Buchanan
62,53,791,1857,Buchanan
63,54,791,1857,Buchanan
64,55,791,1857,Buchanan
65,56,791,1857,Buchanan
66,57,791,1857,Buchanan
67,57,791,1857,Buchanan
68,58,791,1857,Buchanan
69,59,791,1857,Buchanan
70,60,791,1857,Buchanan
71,61,791,1857,Buchanan
72,62,791,1857,Buchanan
73,63,791,1857,Buchanan
74,64,791,1857,Buchanan
75,65,791,1857,Buchanan
76,66,791,1857,Buchanan
77,67,791,1857,Buchanan
78,68,791,1857,Buchanan
79,69,791,1857,Buchanan
80,70,791,1857,Buchanan
81,71,791,1857,Buchanan
82,72,791,1857,Buchanan
83,72,791,1857,Buchanan
84,73,791,1857,Buchanan
85,74,791,1857,Buchanan
86,75,791,1857,Buchanan
87,76,791,1857,Buchanan
88,77,791,1857,Buchanan
89,78,791,1857,Buchanan
90,78,791,1857,Buchanan
91,79,791,1857,Buchanan
92,80,791,1857,Buchanan
93,81,791,1857,Buchanan
94,82,791,1857,Buchanan
95,83,791,1857,Buchanan
96,84,791,1857,Buchanan
97,85,791,1857,Buchanan
98,86,791,1857,Buchanan
99,87,791,1857,Buchanan
100,88,791,1857,Buchanan
101,89,791,1857,Buchanan
102,90,791,1857,Buchanan
103,91,791,1857,Buchanan
104,92,791,1857,Buchanan
105,93,791,1857,Buchanan
106,94,791,1857,Buchanan
107,95,791,1857,Buchanan
108,96,791,1857,Buchanan
109,97,791,1857,Buchanan
110,98,791,1857,Buchanan
111,99,791,1857,Buchanan
112,100,791,1857,Buchanan
113,100,791,1857,Buchanan
114,100,791,1857,Buchanan
115,101,791,1857,Buchanan
116,102,791,1857,Buchanan
117,103,791,1857,Buchanan
118,104,791,1857,Buchanan
119,105,791,1857,Buchanan
120,106,791,1857,Buchanan
121,107,791,1857,Buchanan
122,107,791,1857,Buchanan
123,108,791,1857,Buchanan
124,109,791,1857,Buchanan
125,110,791,1857,Buchanan
126,111,791,1857,Buchanan
127,112,791,1857,Buchanan
128,113,791,1857,Buchanan
129,114,791,1857,Buchanan
130,115,791,1857,Buchanan
131,115,791,1857,Buchanan
132,116,791,1857,Buchanan
133,116,791,1857,Buchanan
134,117,791,1857,Buchanan
135,118,791,1857,Buchanan
136,119,791,1857,Buchanan
137,120,791,1857,Buchanan
138,121,791,1857,Buchanan
139,121,791,1857,Buchanan
140,122,791,1857,Buchanan
141,123,791,1857,Buchanan
142,124,791,1857,Buchanan
143,125,791,1857,Buchanan
144,126,791,1857,Buchanan
145,127,791,1857,Buchanan
146,128,791,1857,Buchanan
147,129,791,1857,Buchanan
148,130,791,1857,Buchanan
149,130,791,1857,Buchanan
150,131,791,1857,Buchanan
151,132,791,1857,Buchanan
152,133,791,1857,Buchanan
153,134,791,1857,Buchanan
154,135,791,1857,Buchanan
155,136,791,1857,Buchanan
156,137,791,1857,Buchanan
157,137,791,1857,Buchanan
158,137,791,1857,Buchanan
159,138,791,1857,Buchanan
160,139,791,1857,Buchanan
161,139,791,1857,Buchanan
162,140,791,1857,Buchanan
163,141,791,1857,Buchanan
164,142,791,1857,Buchanan
165,142,791,1857,Buchanan
166,143,791,1857,Buchanan
167,144,791,1857,Buchanan
168,144,791,1857,Buchanan
169,144,791,1857,Buchanan
170,144,791,1857,Buchanan
171,145,791,1857,Buchanan
172,146,791,1857,Buchanan
173,147,791,1857,Buchanan
174,147,791,1857,Buchanan
175,148,791,1857,Buchanan
176,149,791,1857,Buchanan
177,149,791,1857,Buchanan
178,150,791,1857,Buchanan
179,151,791,1857,Buchanan
180,151,791,1857,Buchanan
181,151,791,1857,Buchanan
182,152,791,1857,Buchanan
183,153,791,1857,Buchanan
184,153,791,1857,Buchanan
185,153,791,1857,Buchanan
186,153,791,1857,Buchanan
187,154,791,1857,Buchanan
188,155,791,1857,Buchanan
189,156,791,1857,Buchanan
190,156,791,1857,Buchanan
191,157,791,1857,Buchanan
192,157,791,1857,Buchanan
193,157,791,1857,Buchanan
194,158,791,1857,Buchanan
195,158,791,1857,Buchanan
196,159,791,1857,Buchanan
197,159,791,1857,Buchanan
198,159,791,1857,Buchanan
199,160,791,1857,Buchanan
200,160,791,1857,Buchanan
201,161,791,1857,Buchanan
202,161,791,1857,Buchanan
203,161,791,1857,Buchanan
204,162,791,1857,Buchanan
205,163,791,1857,Buchanan
206,164,791,1857,Buchanan
207,165,791,1857,Buchanan
208,165,791,1857,Buchanan
209,166,791,1857,Buchanan
210,167,791,1857,Buchanan
211,168,791,1857,Buchanan
212,169,791,1857,Buchanan
213,170,791,1857,Buchanan
214,170,791,1857,Buchanan
215,170,791,1857,Buchanan
216,170,791,1857,Buchanan
217,170,791,1857,Buchanan
218,171,791,1857,Buchanan
219,171,791,1857,Buchanan
220,172,791,1857,Buchanan
221,173,791,1857,Buchanan
222,174,791,1857,Buchanan
223,175,791,1857,Buchanan
224,176,791,1857,Buchanan
225,176,791,1857,Buchanan
226,177,791,1857,Buchanan
227,178,791,1857,Buchanan
228,178,791,1857,Buchanan
229,179,791,1857,Buchanan
230,180,791,1857,Buchanan
231,181,791,1857,Buchanan
232,182,791,1857,Buchanan
233,182,791,1857,Buchanan
234,182,791,1857,Buchanan
235,183,791,1857,Buchanan
236,184,791,1857,Buchanan
237,185,791,1857,Buchanan
238,186,791,1857,Buchanan
239,187,791,1857,Buchanan
240,188,791,1857,Buchanan
241,189,791,1857,Buchanan
242,190,791,1857,Buchanan
243,191,791,1857,Buchanan
244,191,791,1857,Buchanan
245,191,791,1857,Buchanan
246,191,791,1857,Buchanan
247,192,791,1857,Buchanan
248,193,791,1857,Buchanan
249,194,791,1857,Buchanan
250,194,791,1857,Buchanan
251,195,791,1857,Buchanan
252,195,791,1857,Buchanan
253,196,791,1857,Buchanan
254,196,791,1857,Buchanan
255,197,791,1857,Buchanan
256,197,791,1857,Buchanan
257,198,791,1857,Buchanan
258,199,791,1857,Buchanan
259,200,791,1857,Buchanan
260,201,791,1857,Buchanan
261,202,791,1857,Buchanan
262,203,791,1857,Buchanan
263,203,791,1857,Buchanan
264,203,791,1857,Buchanan
265,204,791,1857,Buchanan
266,205,791,1857,Buchanan
267,205,791,1857,Buchanan
268,206,791,1857,Buchanan
269,206,791,1857,Buchanan
270,206,791,1857,Buchanan
271,206,791,1857,Buchanan
272,207,791,1857,Buchanan
273,207,791,1857,Buchanan
274,208,791,1857,Buchanan
275,209,791,1857,Buchanan
276,209,791,1857,Buchanan
277,209,791,1857,Buchanan
278,209,791,1857,Buchanan
279,209,791,1857,Buchanan
280,210,791,1857,Buchanan
281,211,791,1857,Buchanan
282,211,791,1857,Buchanan
283,212,791,1857,Buchanan
284,212,791,1857,Buchanan
285,213,791,1857,Buchanan
286,214,791,1857,Buchanan
287,214,791,1857,Buchanan
288,215,791,1857,Buchanan
289,215,791,1857,Buchanan
290,216,791,1857,Buchanan
291,217,791,1857,Buchanan
292,217,791,1857,Buchanan
293,217,791,1857,Buchanan
294,218,791,1857,Buchanan
295,219,791,1857,Buchanan
296,220,791,1857,Buchanan
297,221,791,1857,Buchanan
298,222,791,1857,Buchanan
299,222,791,1857,Buchanan
300,222,791,1857,Buchanan
301,222,791,1857,Buchanan
302,222,791,1857,Buchanan
303,223,791,1857,Buchanan
304,224,791,1857,Buchanan
305,224,791,1857,Buchanan
306,225,791,1857,Buchanan
307,225,791,1857,Buchanan
308,225,791,1857,Buchanan
309,225,791,1857,Buchanan
310,225,791,1857,Buchanan
311,225,791,1857,Buchanan
312,226,791,1857,Buchanan
313,227,791,1857,Buchanan
314,227,791,1857,Buchanan
315,228,791,1857,Buchanan
316,228,791,1857,Buchanan
317,228,791,1857,Buchanan
318,229,791,1857,Buchanan
319,230,791,1857,Buchanan
320,231,791,1857,Buchanan
321,231,791,1857,Buchanan
322,231,791,1857,Buchanan
323,231,791,1857,Buchanan
324,231,791,1857,Buchanan
325,232,791,1857,Buchanan
326,232,791,1857,Buchanan
327,233,791,1857,Buchanan
328,234,791,1857,Buchanan
329,235,791,1857,Buchanan
330,235,791,1857,Buchanan
331,236,791,1857,Buchanan
332,237,791,1857,Buchanan
333,238,791,1857,Buchanan
334,238,791,1857,Buchanan
335,238,791,1857,Buchanan
336,238,791,1857,Buchanan
337,239,791,1857,Buchanan
338,240,791,1857,Buchanan
339,241,791,1857,Buchanan
340,242,791,1857,Buchanan
341,242,791,1857,Buchanan
342,243,791,1857,Buchanan
343,243,791,1857,Buchanan
344,244,791,1857,Buchanan
345,245,791,1857,Buchanan
346,245,791,1857,Buchanan
347,246,791,1857,Buchanan
348,247,791,1857,Buchanan
349,248,791,1857,Buchanan
350,248,791,1857,Buchanan
351,249,791,1857,Buchanan
352,250,791,1857,Buchanan
353,251,791,1857,Buchanan
354,252,791,1857,Buchanan
355,253,791,1857,Buchanan
356,254,791,1857,Buchanan
357,255,791,1857,Buchanan
358,256,791,1857,Buchanan
359,256,791,1857,Buchanan
360,256,791,1857,Buchanan
361,256,791,1857,Buchanan
362,256,791,1857,Buchanan
363,257,791,1857,Buchanan
364,258,791,1857,Buchanan
365,258,791,1857,Buchanan
366,258,791,1857,Buchanan
367,259,791,1857,Buchanan
368,260,791,1857,Buchanan
369,260,791,1857,Buchanan
370,261,791,1857,Buchanan
371,261,791,1857,Buchanan
372,262,791,1857,Buchanan
373,263,791,1857,Buchanan
374,263,791,1857,Buchanan
375,263,791,1857,Buchanan
376,263,791,1857,Buchanan
377,263,791,1857,Buchanan
378,264,791,1857,Buchanan
379,264,791,1857,Buchanan
380,265,791,1857,Buchanan
381,266,791,1857,Buchanan
382,267,791,1857,Buchanan
383,268,791,1857,Buchanan
384,269,791,1857,Buchanan
385,270,791,1857,Buchanan
386,271,791,1857,Buchanan
387,272,791,1857,Buchanan
388,272,791,1857,Buchanan
389,272,791,1857,Buchanan
390,273,791,1857,Buchanan
391,274,791,1857,Buchanan
392,274,791,1857,Buchanan
393,275,791,1857,Buchanan
394,276,791,1857,Buchanan
395,277,791,1857,Buchanan
396,277,791,1857,Buchanan
397,277,791,1857,Buchanan
398,278,791,1857,Buchanan
399,279,791,1857,Buchanan
400,280,791,1857,Buchanan
401,280,791,1857,Buchanan
402,281,791,1857,Buchanan
403,281,791,1857,Buchanan
404,282,791,1857,Buchanan
405,283,791,1857,Buchanan
406,284,791,1857,Buchanan
407,285,791,1857,Buchanan
408,285,791,1857,Buchanan
409,286,791,1857,Buchanan
410,287,791,1857,Buchanan
411,288,791,1857,Buchanan
412,289,791,1857,Buchanan
413,290,791,1857,Buchanan
414,291,791,1857,Buchanan
415,292,791,1857,Buchanan
416,293,791,1857,Buchanan
417,294,791,1857,Buchanan
418,294,791,1857,Buchanan
419,294,791,1857,Buchanan
420,295,791,1857,Buchanan
421,296,791,1857,Buchanan
422,297,791,1857,Buchanan
423,298,791,1857,Buchanan
424,298,791,1857,Buchanan
425,298,791,1857,Buchanan
426,298,791,1857,Buchanan
427,299,791,1857,Buchanan
428,299,791,1857,Buchanan
429,299,791,1857,Buchanan
430,299,791,1857,Buchanan
431,300,791,1857,Buchanan
432,300,791,1857,Buchanan
433,301,791,1857,Buchanan
434,301,791,1857,Buchanan
435,301,791,1857,Buchanan
436,301,791,1857,Buchanan
437,302,791,1857,Buchanan
438,303,791,1857,Buchanan
439,304,791,1857,Buchanan
440,304,791,1857,Buchanan
441,304,791,1857,Buchanan
442,304,791,1857,Buchanan
443,304,791,1857,Buchanan
444,305,791,1857,Buchanan
445,306,791,1857,Buchanan
446,306,791,1857,Buchanan
447,306,791,1857,Buchanan
448,306,791,1857,Buchanan
449,306,791,1857,Buchanan
450,306,791,1857,Buchanan
451,307,791,1857,Buchanan
452,307,791,1857,Buchanan
453,308,791,1857,Buchanan
454,309,791,1857,Buchanan
455,310,791,1857,Buchanan
456,311,791,1857,Buchanan
457,312,791,1857,Buchanan
458,313,791,1857,Buchanan
459,313,791,1857,Buchanan
460,313,791,1857,Buchanan
461,313,791,1857,Buchanan
462,313,791,1857,Buchanan
463,314,791,1857,Buchanan
464,314,791,1857,Buchanan
465,314,791,1857,Buchanan
466,315,791,1857,Buchanan
467,316,791,1857,Buchanan
468,316,791,1857,Buchanan
469,316,791,1857,Buchanan
470,317,791,1857,Buchanan
471,318,791,1857,Buchanan
472,319,791,1857,Buchanan
473,320,791,1857,Buchanan
474,321,791,1857,Buchanan
475,321,791,1857,Buchanan
476,322,791,1857,Buchanan
477,323,791,1857,Buchanan
478,324,791,1857,Buchanan
479,325,791,1857,Buchanan
480,325,791,1857,Buchanan
481,325,791,1857,Buchanan
482,325,791,1857,Buchanan
483,326,791,1857,Buchanan
484,326,791,1857,Buchanan
485,327,791,1857,Buchanan
486,328,791,1857,Buchanan
487,328,791,1857,Buchanan
488,328,791,1857,Buchanan
489,329,791,1857,Buchanan
490,329,791,1857,Buchanan
491,330,791,1857,Buchanan
492,331,791,1857,Buchanan
493,332,791,1857,Buchanan
494,332,791,1857,Buchanan
495,332,791,1857,Buchanan
496,333,791,1857,Buchanan
497,334,791,1857,Buchanan
498,334,791,1857,Buchanan
499,334,791,1857,Buchanan
500,335,791,1857,Buchanan
501,335,791,1857,Buchanan
502,336,791,1857,Buchanan
503,337,791,1857,Buchanan
504,338,791,1857,Buchanan
505,338,791,1857,Buchanan
506,338,791,1857,Buchanan
507,339,791,1857,Buchanan
508,339,791,1857,Buchanan
509,340,791,1857,Buchanan
510,341,791,1857,Buchanan
511,342,791,1857,Buchanan
512,343,791,1857,Buchanan
513,344,791,1857,Buchanan
514,345,791,1857,Buchanan
515,346,791,1857,Buchanan
516,347,791,1857,Buchanan
517,348,791,1857,Buchanan
518,349,791,1857,Buchanan
519,349,791,1857,Buchanan
520,350,791,1857,Buchanan
521,351,791,1857,Buchanan
522,352,791,1857,Buchanan
523,353,791,1857,Buchanan
524,353,791,1857,Buchanan
525,353,791,1857,Buchanan
526,354,791,1857,Buchanan
527,354,791,1857,Buchanan
528,354,791,1857,Buchanan
529,354,791,1857,Buchanan
530,355,791,1857,Buchanan
531,356,791,1857,Buchanan
532,357,791,1857,Buchanan
533,357,791,1857,Buchanan
534,358,791,1857,Buchanan
535,358,791,1857,Buchanan
536,359,791,1857,Buchanan
537,360,791,1857,Buchanan
538,360,791,1857,Buchanan
539,361,791,1857,Buchanan
540,362,791,1857,Buchanan
541,363,791,1857,Buchanan
542,364,791,1857,Buchanan
543,365,791,1857,Buchanan
544,365,791,1857,Buchanan
545,365,791,1857,Buchanan
546,366,791,1857,Buchanan
547,367,791,1857,Buchanan
548,367,791,1857,Buchanan
549,368,791,1857,Buchanan
550,368,791,1857,Buchanan
551,369,791,1857,Buchanan
552,370,791,1857,Buchanan
553,370,791,1857,Buchanan
554,371,791,1857,Buchanan
555,372,791,1857,Buchanan
556,373,791,1857,Buchanan
557,373,791,1857,Buchanan
558,373,791,1857,Buchanan
559,374,791,1857,Buchanan
560,375,791,1857,Buchanan
561,376,791,1857,Buchanan
562,377,791,1857,Buchanan
563,378,791,1857,Buchanan
564,379,791,1857,Buchanan
565,380,791,1857,Buchanan
566,381,791,1857,Buchanan
567,382,791,1857,Buchanan
568,383,791,1857,Buchanan
569,384,791,1857,Buchanan
570,385,791,1857,Buchanan
571,386,791,1857,Buchanan
572,387,791,1857,Buchanan
573,388,791,1857,Buchanan
574,388,791,1857,Buchanan
575,389,791,1857,Buchanan
576,389,791,1857,Buchanan
577,389,791,1857,Buchanan
578,389,791,1857,Buchanan
579,390,791,1857,Buchanan
580,391,791,1857,Buchanan
581,392,791,1857,Buchanan
582,392,791,1857,Buchanan
583,393,791,1857,Buchanan
584,394,791,1857,Buchanan
585,395,791,1857,Buchanan
586,396,791,1857,Buchanan
587,396,791,1857,Buchanan
588,396,791,1857,Buchanan
589,397,791,1857,Buchanan
590,398,791,1857,Buchanan
591,399,791,1857,Buchanan
592,399,791,1857,Buchanan
593,400,791,1857,Buchanan
594,400,791,1857,Buchanan
595,400,791,1857,Buchanan
596,401,791,1857,Buchanan
597,402,791,1857,Buchanan
598,403,791,1857,Buchanan
599,404,791,1857,Buchanan
600,405,791,1857,Buchanan
601,405,791,1857,Buchanan
602,405,791,1857,Buchanan
603,405,791,1857,Buchanan
604,406,791,1857,Buchanan
605,406,791,1857,Buchanan
606,406,791,1857,Buchanan
607,406,791,1857,Buchanan
608,406,791,1857,Buchanan
609,406,791,1857,Buchanan
610,406,791,1857,Buchanan
611,406,791,1857,Buchanan
612,407,791,1857,Buchanan
613,407,791,1857,Buchanan
614,407,791,1857,Buchanan
615,408,791,1857,Buchanan
616,409,791,1857,Buchanan
617,409,791,1857,Buchanan
618,410,791,1857,Buchanan
619,411,791,1857,Buchanan
620,412,791,1857,Buchanan
621,413,791,1857,Buchanan
622,414,791,1857,Buchanan
623,415,791,1857,Buchanan
624,415,791,1857,Buchanan
625,415,791,1857,Buchanan
626,416,791,1857,Buchanan
627,417,791,1857,Buchanan
628,417,791,1857,Buchanan
629,417,791,1857,Buchanan
630,417,791,1857,Buchanan
631,417,791,1857,Buchanan
632,418,791,1857,Buchanan
633,418,791,1857,Buchanan
634,419,791,1857,Buchanan
635,420,791,1857,Buchanan
636,420,791,1857,Buchanan
637,421,791,1857,Buchanan
638,422,791,1857,Buchanan
639,423,791,1857,Buchanan
640,424,791,1857,Buchanan
641,425,791,1857,Buchanan
642,426,791,1857,Buchanan
643,427,791,1857,Buchanan
644,427,791,1857,Buchanan
645,427,791,1857,Buchanan
646,428,791,1857,Buchanan
647,428,791,1857,Buchanan
648,429,791,1857,Buchanan
649,429,791,1857,Buchanan
650,429,791,1857,Buchanan
651,429,791,1857,Buchanan
652,430,791,1857,Buchanan
653,430,791,1857,Buchanan
654,430,791,1857,Buchanan
655,431,791,1857,Buchanan
656,431,791,1857,Buchanan
657,432,791,1857,Buchanan
658,433,791,1857,Buchanan
659,433,791,1857,Buchanan
660,434,791,1857,Buchanan
661,434,791,1857,Buchanan
662,435,791,1857,Buchanan
663,436,791,1857,Buchanan
664,437,791,1857,Buchanan
665,438,791,1857,Buchanan
666,439,791,1857,Buchanan
667,439,791,1857,Buchanan
668,440,791,1857,Buchanan
669,441,791,1857,Buchanan
670,442,791,1857,Buchanan
671,443,791,1857,Buchanan
672,443,791,1857,Buchanan
673,443,791,1857,Buchanan
674,443,791,1857,Buchanan
675,443,791,1857,Buchanan
676,444,791,1857,Buchanan
677,445,791,1857,Buchanan
678,446,791,1857,Buchanan
679,447,791,1857,Buchanan
680,448,791,1857,Buchanan
681,448,791,1857,Buchanan
682,448,791,1857,Buchanan
683,449,791,1857,Buchanan
684,450,791,1857,Buchanan
685,450,791,1857,Buchanan
686,451,791,1857,Buchanan
687,451,791,1857,Buchanan
688,451,791,1857,Buchanan
689,451,791,1857,Buchanan
690,451,791,1857,Buchanan
691,452,791,1857,Buchanan
692,452,791,1857,Buchanan
693,453,791,1857,Buchanan
694,454,791,1857,Buchanan
695,454,791,1857,Buchanan
696,455,791,1857,Buchanan
697,456,791,1857,Buchanan
698,457,791,1857,Buchanan
699,457,791,1857,Buchanan
700,458,791,1857,Buchanan
701,458,791,1857,Buchanan
702,458,791,1857,Buchanan
703,459,791,1857,Buchanan
704,460,791,1857,Buchanan
705,461,791,1857,Buchanan
706,462,791,1857,Buchanan
707,463,791,1857,Buchanan
708,464,791,1857,Buchanan
709,465,791,1857,Buchanan
710,466,791,1857,Buchanan
711,467,791,1857,Buchanan
712,468,791,1857,Buchanan
713,469,791,1857,Buchanan
714,470,791,1857,Buchanan
715,471,791,1857,Buchanan
716,472,791,1857,Buchanan
717,473,791,1857,Buchanan
718,473,791,1857,Buchanan
719,473,791,1857,Buchanan
720,473,791,1857,Buchanan
721,474,791,1857,Buchanan
722,475,791,1857,Buchanan
723,476,791,1857,Buchanan
724,477,791,1857,Buchanan
725,478,791,1857,Buchanan
726,479,791,1857,Buchanan
727,480,791,1857,Buchanan
728,481,791,1857,Buchanan
729,481,791,1857,Buchanan
730,482,791,1857,Buchanan
731,483,791,1857,Buchanan
732,483,791,1857,Buchanan
733,483,791,1857,Buchanan
734,483,791,1857,Buchanan
735,483,791,1857,Buchanan
736,483,791,1857,Buchanan
737,483,791,1857,Buchanan
738,484,791,1857,Buchanan
739,485,791,1857,Buchanan
740,486,791,1857,Buchanan
741,486,791,1857,Buchanan
742,486,791,1857,Buchanan
743,486,791,1857,Buchanan
744,486,791,1857,Buchanan
745,487,791,1857,Buchanan
746,487,791,1857,Buchanan
747,488,791,1857,Buchanan
748,489,791,1857,Buchanan
749,490,791,1857,Buchanan
750,490,791,1857,Buchanan
751,490,791,1857,Buchanan
752,490,791,1857,Buchanan
753,491,791,1857,Buchanan
754,492,791,1857,Buchanan
755,493,791,1857,Buchanan
756,493,791,1857,Buchanan
757,494,791,1857,Buchanan
758,495,791,1857,Buchanan
759,496,791,1857,Buchanan
760,497,791,1857,Buchanan
761,497,791,1857,Buchanan
762,498,791,1857,Buchanan
763,499,791,1857,Buchanan
764,500,791,1857,Buchanan
765,501,791,1857,Buchanan
766,502,791,1857,Buchanan
767,503,791,1857,Buchanan
768,503,791,1857,Buchanan
769,504,791,1857,Buchanan
770,505,791,1857,Buchanan
771,506,791,1857,Buchanan
772,507,791,1857,Buchanan
773,507,791,1857,Buchanan
774,507,791,1857,Buchanan
775,507,791,1857,Buchanan
776,508,791,1857,Buchanan
777,508,791,1857,Buchanan
778,509,791,1857,Buchanan
779,510,791,1857,Buchanan
780,511,791,1857,Buchanan
781,511,791,1857,Buchanan
782,512,791,1857,Buchanan
783,513,791,1857,Buchanan
784,514,791,1857,Buchanan
785,515,791,1857,Buchanan
786,516,791,1857,Buchanan
787,517,791,1857,Buchanan
788,518,791,1857,Buchanan
789,519,791,1857,Buchanan
790,519,791,1857,Buchanan
791,519,791,1857,Buchanan
792,519,791,1857,Buchanan
793,519,791,1857,Buchanan
794,519,791,1857,Buchanan
795,520,791,1857,Buchanan
796,521,791,1857,Buchanan
797,522,791,1857,Buchanan
798,522,791,1857,Buchanan
799,523,791,1857,Buchanan
800,523,791,1857,Buchanan
801,523,791,1857,Buchanan
802,523,791,1857,Buchanan
803,523,791,1857,Buchanan
804,523,791,1857,Buchanan
805,524,791,1857,Buchanan
806,524,791,1857,Buchanan
807,525,791,1857,Buchanan
808,526,791,1857,Buchanan
809,526,791,1857,Buchanan
810,526,791,1857,Buchanan
811,526,791,1857,Buchanan
812,527,791,1857,Buchanan
813,528,791,1857,Buchanan
814,529,791,1857,Buchanan
815,530,791,1857,Buchanan
816,531,791,1857,Buchanan
817,532,791,1857,Buchanan
818,533,791,1857,Buchanan
819,534,791,1857,Buchanan
820,534,791,1857,Buchanan
821,535,791,1857,Buchanan
822,535,791,1857,Buchanan
823,536,791,1857,Buchanan
824,537,791,1857,Buchanan
825,538,791,1857,Buchanan
826,539,791,1857,Buchanan
827,539,791,1857,Buchanan
828,540,791,1857,Buchanan
829,541,791,1857,Buchanan
830,541,791,1857,Buchanan
831,541,791,1857,Buchanan
832,541,791,1857,Buchanan
833,541,791,1857,Buchanan
834,541,791,1857,Buchanan
835,541,791,1857,Buchanan
836,542,791,1857,Buchanan
837,542,791,1857,Buchanan
838,542,791,1857,Buchanan
839,542,791,1857,Buchanan
840,542,791,1857,Buchanan
841,542,791,1857,Buchanan
842,543,791,1857,Buchanan
843,543,791,1857,Buchanan
844,544,791,1857,Buchanan
845,544,791,1857,Buchanan
846,544,791,1857,Buchanan
847,545,791,1857,Buchanan
848,545,791,1857,Buchanan
849,545,791,1857,Buchanan
850,546,791,1857,Buchanan
851,546,791,1857,Buchanan
852,546,791,1857,Buchanan
853,547,791,1857,Buchanan
854,548,791,1857,Buchanan
855,548,791,1857,Buchanan
856,549,791,1857,Buchanan
857,549,791,1857,Buchanan
858,549,791,1857,Buchanan
859,549,791,1857,Buchanan
860,549,791,1857,Buchanan
861,549,791,1857,Buchanan
862,549,791,1857,Buchanan
863,549,791,1857,Buchanan
864,549,791,1857,Buchanan
865,549,791,1857,Buchanan
866,549,791,1857,Buchanan
867,550,791,1857,Buchanan
868,550,791,1857,Buchanan
869,551,791,1857,Buchanan
870,552,791,1857,Buchanan
871,552,791,1857,Buchanan
872,552,791,1857,Buchanan
873,553,791,1857,Buchanan
874,554,791,1857,Buchanan
875,555,791,1857,Buchanan
876,556,791,1857,Buchanan
877,556,791,1857,Buchanan
878,556,791,1857,Buchanan
879,556,791,1857,Buchanan
880,556,791,1857,Buchanan
881,557,791,1857,Buchanan
882,558,791,1857,Buchanan
883,559,791,1857,Buchanan
884,559,791,1857,Buchanan
885,559,791,1857,Buchanan
886,559,791,1857,Buchanan
887,559,791,1857,Buchanan
888,560,791,1857,Buchanan
889,560,791,1857,Buchanan
890,561,791,1857,Buchanan
891,561,791,1857,Buchanan
892,561,791,1857,Buchanan
893,562,791,1857,Buchanan
894,563,791,1857,Buchanan
895,563,791,1857,Buchanan
896,563,791,1857,Buchanan
897,564,791,1857,Buchanan
898,565,791,1857,Buchanan
899,565,791,1857,Buchanan
900,565,791,1857,Buchanan
901,565,791,1857,Buchanan
902,566,791,1857,Buchanan
903,567,791,1857,Buchanan
904,567,791,1857,Buchanan
905,567,791,1857,Buchanan
906,567,791,1857,Buchanan
907,568,791,1857,Buchanan
908,568,791,1857,Buchanan
909,569,791,1857,Buchanan
910,569,791,1857,Buchanan
911,570,791,1857,Buchanan
912,570,791,1857,Buchanan
913,571,791,1857,Buchanan
914,571,791,1857,Buchanan
915,571,791,1857,Buchanan
916,571,791,1857,Buchanan
917,571,791,1857,Buchanan
918,571,791,1857,Buchanan
919,571,791,1857,Buchanan
920,572,791,1857,Buchanan
921,573,791,1857,Buchanan
922,574,791,1857,Buchanan
923,574,791,1857,Buchanan
924,574,791,1857,Buchanan
925,575,791,1857,Buchanan
926,575,791,1857,Buchanan
927,575,791,1857,Buchanan
928,576,791,1857,Buchanan
929,577,791,1857,Buchanan
930,578,791,1857,Buchanan
931,578,791,1857,Buchanan
932,579,791,1857,Buchanan
933,580,791,1857,Buchanan
934,581,791,1857,Buchanan
935,581,791,1857,Buchanan
936,582,791,1857,Buchanan
937,582,791,1857,Buchanan
938,583,791,1857,Buchanan
939,584,791,1857,Buchanan
940,584,791,1857,Buchanan
941,584,791,1857,Buchanan
942,585,791,1857,Buchanan
943,586,791,1857,Buchanan
944,586,791,1857,Buchanan
945,586,791,1857,Buchanan
946,586,791,1857,Buchanan
947,587,791,1857,Buchanan
948,588,791,1857,Buchanan
949,588,791,1857,Buchanan
950,589,791,1857,Buchanan
951,589,791,1857,Buchanan
952,589,791,1857,Buchanan
953,589,791,1857,Buchanan
954,589,791,1857,Buchanan
955,590,791,1857,Buchanan
956,591,791,1857,Buchanan
957,591,791,1857,Buchanan
958,591,791,1857,Buchanan
959,591,791,1857,Buchanan
960,591,791,1857,Buchanan
961,592,791,1857,Buchanan
962,593,791,1857,Buchanan
963,594,791,1857,Buchanan
964,595,791,1857,Buchanan
965,596,791,1857,Buchanan
966,596,791,1857,Buchanan
967,596,791,1857,Buchanan
968,597,791,1857,Buchanan
969,597,791,1857,Buchanan
970,597,791,1857,Buchanan
971,598,791,1857,Buchanan
972,598,791,1857,Buchanan
973,598,791,1857,Buchanan
974,598,791,1857,Buchanan
975,599,791,1857,Buchanan
976,599,791,1857,Buchanan
977,599,791,1857,Buchanan
978,600,791,1857,Buchanan
979,601,791,1857,Buchanan
980,601,791,1857,Buchanan
981,602,791,1857,Buchanan
982,603,791,1857,Buchanan
983,603,791,1857,Buchanan
984,603,791,1857,Buchanan
985,603,791,1857,Buchanan
986,603,791,1857,Buchanan
987,604,791,1857,Buchanan
988,605,791,1857,Buchanan
989,605,791,1857,Buchanan
990,606,791,1857,Buchanan
991,607,791,1857,Buchanan
992,607,791,1857,Buchanan
993,608,791,1857,Buchanan
994,608,791,1857,Buchanan
995,609,791,1857,Buchanan
996,609,791,1857,Buchanan
997,609,791,1857,Buchanan
998,610,791,1857,Buchanan
999,610,791,1857,Buchanan
1000,611,791,1857,Buchanan
1001,612,791,1857,Buchanan
1002,612,791,1857,Buchanan
1003,612,791,1857,Buchanan
1004,613,791,1857,Buchanan
1005,613,791,1857,Buchanan
1006,614,791,1857,Buchanan
1007,615,791,1857,Buchanan
1008,616,791,1857,Buchanan
1009,616,791,1857,Buchanan
1010,616,791,1857,Buchanan
1011,616,791,1857,Buchanan
1012,617,791,1857,Buchanan
1013,618,791,1857,Buchanan
1014,619,791,1857,Buchanan
1015,619,791,1857,Buchanan
1016,619,791,1857,Buchanan
1017,620,791,1857,Buchanan
1018,620,791,1857,Buchanan
1019,621,791,1857,Buchanan
1020,622,791,1857,Buchanan
1021,622,791,1857,Buchanan
1022,622,791,1857,Buchanan
1023,622,791,1857,Buchanan
1024,622,791,1857,Buchanan
1025,623,791,1857,Buchanan
1026,624,791,1857,Buchanan
1027,625,791,1857,Buchanan
1028,626,791,1857,Buchanan
1029,627,791,1857,Buchanan
1030,628,791,1857,Buchanan
1031,628,791,1857,Buchanan
1032,629,791,1857,Buchanan
1033,629,791,1857,Buchanan
1034,630,791,1857,Buchanan
1035,630,791,1857,Buchanan
1036,630,791,1857,Buchanan
1037,631,791,1857,Buchanan
1038,631,791,1857,Buchanan
1039,631,791,1857,Buchanan
1040,632,791,1857,Buchanan
1041,632,791,1857,Buchanan
1042,632,791,1857,Buchanan
1043,632,791,1857,Buchanan
1044,632,791,1857,Buchanan
1045,632,791,1857,Buchanan
1046,633,791,1857,Buchanan
1047,633,791,1857,Buchanan
1048,634,791,1857,Buchanan
1049,635,791,1857,Buchanan
1050,636,791,1857,Buchanan
1051,636,791,1857,Buchanan
1052,636,791,1857,Buchanan
1053,636,791,1857,Buchanan
1054,636,791,1857,Buchanan
1055,636,791,1857,Buchanan
1056,636,791,1857,Buchanan
1057,637,791,1857,Buchanan
1058,637,791,1857,Buchanan
1059,637,791,1857,Buchanan
1060,637,791,1857,Buchanan
1061,637,791,1857,Buchanan
1062,638,791,1857,Buchanan
1063,638,791,1857,Buchanan
1064,639,791,1857,Buchanan
1065,639,791,1857,Buchanan
1066,640,791,1857,Buchanan
1067,641,791,1857,Buchanan
1068,642,791,1857,Buchanan
1069,642,791,1857,Buchanan
1070,643,791,1857,Buchanan
1071,644,791,1857,Buchanan
1072,645,791,1857,Buchanan
1073,646,791,1857,Buchanan
1074,646,791,1857,Buchanan
1075,646,791,1857,Buchanan
1076,647,791,1857,Buchanan
1077,648,791,1857,Buchanan
1078,648,791,1857,Buchanan
1079,648,791,1857,Buchanan
1080,648,791,1857,Buchanan
1081,648,791,1857,Buchanan
1082,649,791,1857,Buchanan
1083,649,791,1857,Buchanan
1084,649,791,1857,Buchanan
1085,649,791,1857,Buchanan
1086,649,791,1857,Buchanan
1087,649,791,1857,Buchanan
1088,649,791,1857,Buchanan
1089,649,791,1857,Buchanan
1090,649,791,1857,Buchanan
1091,650,791,1857,Buchanan
1092,651,791,1857,Buchanan
1093,652,791,1857,Buchanan
1094,652,791,1857,Buchanan
1095,653,791,1857,Buchanan
1096,654,791,1857,Buchanan
1097,655,791,1857,Buchanan
1098,655,791,1857,Buchanan
1099,656,791,1857,Buchanan
1100,656,791,1857,Buchanan
1101,656,791,1857,Buchanan
1102,656,791,1857,Buchanan
1103,656,791,1857,Buchanan
1104,656,791,1857,Buchanan
1105,656,791,1857,Buchanan
1106,657,791,1857,Buchanan
1107,657,791,1857,Buchanan
1108,657,791,1857,Buchanan
1109,657,791,1857,Buchanan
1110,658,791,1857,Buchanan
1111,659,791,1857,Buchanan
1112,659,791,1857,Buchanan
1113,660,791,1857,Buchanan
1114,660,791,1857,Buchanan
1115,661,791,1857,Buchanan
1116,661,791,1857,Buchanan
1117,661,791,1857,Buchanan
1118,661,791,1857,Buchanan
1119,662,791,1857,Buchanan
1120,662,791,1857,Buchanan
1121,662,791,1857,Buchanan
1122,663,791,1857,Buchanan
1123,664,791,1857,Buchanan
1124,665,791,1857,Buchanan
1125,665,791,1857,Buchanan
1126,666,791,1857,Buchanan
1127,666,791,1857,Buchanan
1128,666,791,1857,Buchanan
1129,667,791,1857,Buchanan
1130,668,791,1857,Buchanan
1131,669,791,1857,Buchanan
1132,670,791,1857,Buchanan
1133,671,791,1857,Buchanan
1134,672,791,1857,Buchanan
1135,673,791,1857,Buchanan
1136,673,791,1857,Buchanan
1137,674,791,1857,Buchanan
1138,675,791,1857,Buchanan
1139,675,791,1857,Buchanan
1140,675,791,1857,Buchanan
1141,676,791,1857,Buchanan
1142,676,791,1857,Buchanan
1143,676,791,1857,Buchanan
1144,676,791,1857,Buchanan
1145,676,791,1857,Buchanan
1146,676,791,1857,Buchanan
1147,677,791,1857,Buchanan
1148,678,791,1857,Buchanan
1149,678,791,1857,Buchanan
1150,678,791,1857,Buchanan
1151,678,791,1857,Buchanan
1152,678,791,1857,Buchanan
1153,678,791,1857,Buchanan
1154,679,791,1857,Buchanan
1155,679,791,1857,Buchanan
1156,679,791,1857,Buchanan
1157,679,791,1857,Buchanan
1158,679,791,1857,Buchanan
1159,680,791,1857,Buchanan
1160,681,791,1857,Buchanan
1161,682,791,1857,Buchanan
1162,683,791,1857,Buchanan
1163,683,791,1857,Buchanan
1164,683,791,1857,Buchanan
1165,683,791,1857,Buchanan
1166,683,791,1857,Buchanan
1167,683,791,1857,Buchanan
1168,683,791,1857,Buchanan
1169,683,791,1857,Buchanan
1170,683,791,1857,Buchanan
1171,683,791,1857,Buchanan
1172,683,791,1857,Buchanan
1173,683,791,1857,Buchanan
1174,683,791,1857,Buchanan
1175,683,791,1857,Buchanan
1176,683,791,1857,Buchanan
1177,683,791,1857,Buchanan
1178,683,791,1857,Buchanan
1179,684,791,1857,Buchanan
1180,685,791,1857,Buchanan
1181,686,791,1857,Buchanan
1182,686,791,1857,Buchanan
1183,687,791,1857,Buchanan
1184,688,791,1857,Buchanan
1185,688,791,1857,Buchanan
1186,688,791,1857,Buchanan
1187,688,791,1857,Buchanan
1188,688,791,1857,Buchanan
1189,689,791,1857,Buchanan
1190,690,791,1857,Buchanan
1191,691,791,1857,Buchanan
1192,691,791,1857,Buchanan
1193,692,791,1857,Buchanan
1194,692,791,1857,Buchanan
1195,692,791,1857,Buchanan
1196,692,791,1857,Buchanan
1197,692,791,1857,Buchanan
1198,693,791,1857,Buchanan
1199,693,791,1857,Buchanan
1200,694,791,1857,Buchanan
1201,694,791,1857,Buchanan
1202,695,791,1857,Buchanan
1203,695,791,1857,Buchanan
1204,695,791,1857,Buchanan
1205,695,791,1857,Buchanan
1206,696,791,1857,Buchanan
1207,697,791,1857,Buchanan
1208,698,791,1857,Buchanan
1209,698,791,1857,Buchanan
1210,698,791,1857,Buchanan
1211,699,791,1857,Buchanan
1212,699,791,1857,Buchanan
1213,700,791,1857,Buchanan
1214,700,791,1857,Buchanan
1215,701,791,1857,Buchanan
1216,701,791,1857,Buchanan
1217,701,791,1857,Buchanan
1218,702,791,1857,Buchanan
1219,702,791,1857,Buchanan
1220,702,791,1857,Buchanan
1221,703,791,1857,Buchanan
1222,704,791,1857,Buchanan
1223,705,791,1857,Buchanan
1224,705,791,1857,Buchanan
1225,705,791,1857,Buchanan
1226,705,791,1857,Buchanan
1227,706,791,1857,Buchanan
1228,707,791,1857,Buchanan
1229,707,791,1857,Buchanan
1230,707,791,1857,Buchanan
1231,707,791,1857,Buchanan
1232,707,791,1857,Buchanan
1233,707,791,1857,Buchanan
1234,708,791,1857,Buchanan
1235,709,791,1857,Buchanan
1236,710,791,1857,Buchanan
1237,710,791,1857,Buchanan
1238,710,791,1857,Buchanan
1239,710,791,1857,Buchanan
1240,711,791,1857,Buchanan
1241,711,791,1857,Buchanan
1242,711,791,1857,Buchanan
1243,711,791,1857,Buchanan
1244,711,791,1857,Buchanan
1245,712,791,1857,Buchanan
1246,713,791,1857,Buchanan
1247,713,791,1857,Buchanan
1248,714,791,1857,Buchanan
1249,714,791,1857,Buchanan
1250,714,791,1857,Buchanan
1251,715,791,1857,Buchanan
1252,715,791,1857,Buchanan
1253,715,791,1857,Buchanan
1254,716,791,1857,Buchanan
1255,716,791,1857,Buchanan
1256,717,791,1857,Buchanan
1257,717,791,1857,Buchanan
1258,717,791,1857,Buchanan
1259,718,791,1857,Buchanan
1260,718,791,1857,Buchanan
1261,718,791,1857,Buchanan
1262,718,791,1857,Buchanan
1263,718,791,1857,Buchanan
1264,718,791,1857,Buchanan
1265,718,791,1857,Buchanan
1266,719,791,1857,Buchanan
1267,720,791,1857,Buchanan
1268,720,791,1857,Buchanan
1269,720,791,1857,Buchanan
1270,720,791,1857,Buchanan
1271,721,791,1857,Buchanan
1272,722,791,1857,Buchanan
1273,722,791,1857,Buchanan
1274,723,791,1857,Buchanan
1275,723,791,1857,Buchanan
1276,724,791,1857,Buchanan
1277,725,791,1857,Buchanan
1278,726,791,1857,Buchanan
1279,726,791,1857,Buchanan
1280,727,791,1857,Buchanan
1281,727,791,1857,Buchanan
1282,728,791,1857,Buchanan
1283,728,791,1857,Buchanan
1284,729,791,1857,Buchanan
1285,729,791,1857,Buchanan
1286,729,791,1857,Buchanan
1287,730,791,1857,Buchanan
1288,730,791,1857,Buchanan
1289,730,791,1857,Buchanan
1290,731,791,1857,Buchanan
1291,731,791,1857,Buchanan
1292,731,791,1857,Buchanan
1293,731,791,1857,Buchanan
1294,732,791,1857,Buchanan
1295,732,791,1857,Buchanan
1296,733,791,1857,Buchanan
1297,734,791,1857,Buchanan
1298,734,791,1857,Buchanan
1299,735,791,1857,Buchanan
1300,735,791,1857,Buchanan
1301,735,791,1857,Buchanan
1302,735,791,1857,Buchanan
1303,735,791,1857,Buchanan
1304,736,791,1857,Buchanan
1305,736,791,1857,Buchanan
1306,737,791,1857,Buchanan
1307,738,791,1857,Buchanan
1308,739,791,1857,Buchanan
1309,740,791,1857,Buchanan
1310,740,791,1857,Buchanan
1311,740,791,1857,Buchanan
1312,740,791,1857,Buchanan
1313,740,791,1857,Buchanan
1314,741,791,1857,Buchanan
1315,741,791,1857,Buchanan
1316,741,791,1857,Buchanan
1317,741,791,1857,Buchanan
1318,742,791,1857,Buchanan
1319,742,791,1857,Buchanan
1320,743,791,1857,Buchanan
1321,743,791,1857,Buchanan
1322,744,791,1857,Buchanan
1323,744,791,1857,Buchanan
1324,744,791,1857,Buchanan
1325,744,791,1857,Buchanan
1326,745,791,1857,Buchanan
1327,745,791,1857,Buchanan
1328,746,791,1857,Buchanan
1329,746,791,1857,Buchanan
1330,747,791,1857,Buchanan
1331,747,791,1857,Buchanan
1332,747,791,1857,Buchanan
1333,747,791,1857,Buchanan
1334,748,791,1857,Buchanan
1335,749,791,1857,Buchanan
1336,749,791,1857,Buchanan
1337,750,791,1857,Buchanan
1338,750,791,1857,Buchanan
1339,750,791,1857,Buchanan
1340,750,791,1857,Buchanan
1341,751,791,1857,Buchanan
1342,752,791,1857,Buchanan
1343,753,791,1857,Buchanan
1344,754,791,1857,Buchanan
1345,755,791,1857,Buchanan
1346,756,791,1857,Buchanan
1347,757,791,1857,Buchanan
1348,757,791,1857,Buchanan
1349,757,791,1857,Buchanan
1350,758,791,1857,Buchanan
1351,758,791,1857,Buchanan
1352,758,791,1857,Buchanan
1353,759,791,1857,Buchanan
1354,760,791,1857,Buchanan
1355,760,791,1857,Buchanan
1356,761,791,1857,Buchanan
1357,762,791,1857,Buchanan
1358,762,791,1857,Buchanan
1359,762,791,1857,Buchanan
1360,763,791,1857,Buchanan
1361,763,791,1857,Buchanan
1362,763,791,1857,Buchanan
1363,763,791,1857,Buchanan
1364,764,791,1857,Buchanan
1365,764,791,1857,Buchanan
1366,765,791,1857,Buchanan
1367,765,791,1857,Buchanan
1368,766,791,1857,Buchanan
1369,767,791,1857,Buchanan
1370,767,791,1857,Buchanan
1371,767,791,1857,Buchanan
1372,768,791,1857,Buchanan
1373,768,791,1857,Buchanan
1374,768,791,1857,Buchanan
1375,768,791,1857,Buchanan
1376,769,791,1857,Buchanan
1377,769,791,1857,Buchanan
1378,770,791,1857,Buchanan
1379,771,791,1857,Buchanan
1380,771,791,1857,Buchanan
1381,771,791,1857,Buchanan
1382,772,791,1857,Buchanan
1383,772,791,1857,Buchanan
1384,772,791,1857,Buchanan
1385,773,791,1857,Buchanan
1386,774,791,1857,Buchanan
1387,774,791,1857,Buchanan
1388,774,791,1857,Buchanan
1389,774,791,1857,Buchanan
1390,774,791,1857,Buchanan
1391,775,791,1857,Buchanan
1392,775,791,1857,Buchanan
1393,775,791,1857,Buchanan
1394,775,791,1857,Buchanan
1395,775,791,1857,Buchanan
1396,776,791,1857,Buchanan
1397,776,791,1857,Buchanan
1398,777,791,1857,Buchanan
1399,777,791,1857,Buchanan
1400,777,791,1857,Buchanan
1401,777,791,1857,Buchanan
1402,777,791,1857,Buchanan
1403,778,791,1857,Buchanan
1404,779,791,1857,Buchanan
1405,779,791,1857,Buchanan
1406,779,791,1857,Buchanan
1407,779,791,1857,Buchanan
1408,779,791,1857,Buchanan
1409,780,791,1857,Buchanan
1410,780,791,1857,Buchanan
1411,781,791,1857,Buchanan
1412,782,791,1857,Buchanan
1413,782,791,1857,Buchanan
1414,783,791,1857,Buchanan
1415,783,791,1857,Buchanan
1416,783,791,1857,Buchanan
1417,783,791,1857,Buchanan
1418,784,791,1857,Buchanan
1419,785,791,1857,Buchanan
1420,785,791,1857,Buchanan
1421,785,791,1857,Buchanan
1422,786,791,1857,Buchanan
1423,786,791,1857,Buchanan
1424,787,791,1857,Buchanan
1425,788,791,1857,Buchanan
1426,788,791,1857,Buchanan
1427,788,791,1857,Buchanan
1428,788,791,1857,Buchanan
1429,788,791,1857,Buchanan
1430,789,791,1857,Buchanan
1431,789,791,1857,Buchanan
1432,789,791,1857,Buchanan
1433,789,791,1857,Buchanan
1434,789,791,1857,Buchanan
1435,789,791,1857,Buchanan
1436,789,791,1857,Buchanan
1437,790,791,1857,Buchanan
1438,790,791,1857,Buchanan
1439,791,791,1857,Buchanan
1440,791,791,1857,Buchanan
1441,791,791,1857,Buchanan
1442,791,791,1857,Buchanan
