0,1,277,1865,Lincoln
1,2,277,1865,Lincoln
2,3,277,1865,Lincoln
3,4,277,1865,Lincoln
4,5,277,1865,Lincoln
5,6,277,1865,Lincoln
6,7,277,1865,Lincoln
7,8,277,1865,Lincoln
8,9,277,1865,Lincoln
9,10,277,1865,Lincoln
10,11,277,1865,Lincoln
11,12,277,1865,Lincoln
12,13,277,1865,Lincoln
13,14,277,1865,Lincoln
14,15,277,1865,Lincoln
15,16,277,1865,Lincoln
16,17,277,1865,Lincoln
17,18,277,1865,Lincoln
18,19,277,1865,Lincoln
19,20,277,1865,Lincoln
20,21,277,1865,Lincoln
21,22,277,1865,Lincoln
22,23,277,1865,Lincoln
23,24,277,1865,Lincoln
24,25,277,1865,Lincoln
25,26,277,1865,Lincoln
26,27,277,1865,Lincoln
27,28,277,1865,Lincoln
28,29,277,1865,Lincoln
29,30,277,1865,Lincoln
30,31,277,1865,Lincoln
31,32,277,1865,Lincoln
32,33,277,1865,Lincoln
33,34,277,1865,Lincoln
34,35,277,1865,Lincoln
35,36,277,1865,Lincoln
36,37,277,1865,Lincoln
37,38,277,1865,Lincoln
38,39,277,1865,Lincoln
39,40,277,1865,Lincoln
40,41,277,1865,Lincoln
41,42,277,1865,Lincoln
42,43,277,1865,Lincoln
43,44,277,1865,Lincoln
44,45,277,1865,Lincoln
45,46,277,1865,Lincoln
46,47,277,1865,Lincoln
47,48,277,1865,Lincoln
48,49,277,1865,Lincoln
49,50,277,1865,Lincoln
50,51,277,1865,Lincoln
51,52,277,1865,Lincoln
52,53,277,1865,Lincoln
53,54,277,1865,Lincoln
54,55,277,1865,Lincoln
55,56,277,1865,Lincoln
56,56,277,1865,Lincoln
57,57,277,1865,Lincoln
58,58,277,1865,Lincoln
59,59,277,1865,Lincoln
60,60,277,1865,Lincoln
61,61,277,1865,Lincoln
62,62,277,1865,Lincoln
63,63,277,1865,Lincoln
64,64,277,1865,Lincoln
65,65,277,1865,Lincoln
66,66,277,1865,Lincoln
67,67,277,1865,Lincoln
68,68,277,1865,Lincoln
69,69,277,1865,Lincoln
70,69,277,1865,Lincoln
71,70,277,1865,Lincoln
72,70,277,1865,Lincoln
73,70,277,1865,Lincoln
74,71,277,1865,Lincoln
75,72,277,1865,Lincoln
76,73,277,1865,Lincoln
77,74,277,1865,Lincoln
78,75,277,1865,Lincoln
79,76,277,1865,Lincoln
80,77,277,1865,Lincoln
81,78,277,1865,Lincoln
82,79,277,1865,Lincoln
83,80,277,1865,Lincoln
84,81,277,1865,Lincoln
85,82,277,1865,Lincoln
86,83,277,1865,Lincoln
87,83,277,1865,Lincoln
88,84,277,1865,Lincoln
89,85,277,1865,Lincoln
90,86,277,1865,Lincoln
91,87,277,1865,Lincoln
92,88,277,1865,Lincoln
93,89,277,1865,Lincoln
94,90,277,1865,Lincoln
95,90,277,1865,Lincoln
96,91,277,1865,Lincoln
97,92,277,1865,Lincoln
98,93,277,1865,Lincoln
99,94,277,1865,Lincoln
100,95,277,1865,Lincoln
101,95,277,1865,Lincoln
102,95,277,1865,Lincoln
103,95,277,1865,Lincoln
104,96,277,1865,Lincoln
105,96,277,1865,Lincoln
106,97,277,1865,Lincoln
107,98,277,1865,Lincoln
108,99,277,1865,Lincoln
109,100,277,1865,Lincoln
110,101,277,1865,Lincoln
111,102,277,1865,Lincoln
112,102,277,1865,Lincoln
113,103,277,1865,Lincoln
114,104,277,1865,Lincoln
115,105,277,1865,Lincoln
116,105,277,1865,Lincoln
117,106,277,1865,Lincoln
118,107,277,1865,Lincoln
119,107,277,1865,Lincoln
120,108,277,1865,Lincoln
121,108,277,1865,Lincoln
122,109,277,1865,Lincoln
123,109,277,1865,Lincoln
124,109,277,1865,Lincoln
125,109,277,1865,Lincoln
126,110,277,1865,Lincoln
127,110,277,1865,Lincoln
128,111,277,1865,Lincoln
129,111,277,1865,Lincoln
130,112,277,1865,Lincoln
131,113,277,1865,Lincoln
132,114,277,1865,Lincoln
133,115,277,1865,Lincoln
134,116,277,1865,Lincoln
135,117,277,1865,Lincoln
136,118,277,1865,Lincoln
137,118,277,1865,Lincoln
138,119,277,1865,Lincoln
139,120,277,1865,Lincoln
140,121,277,1865,Lincoln
141,122,277,1865,Lincoln
142,122,277,1865,Lincoln
143,123,277,1865,Lincoln
144,124,277,1865,Lincoln
145,125,277,1865,Lincoln
146,126,277,1865,Lincoln
147,126,277,1865,Lincoln
148,127,277,1865,Lincoln
149,127,277,1865,Lincoln
150,128,277,1865,Lincoln
151,129,277,1865,Lincoln
152,129,277,1865,Lincoln
153,130,277,1865,Lincoln
154,131,277,1865,Lincoln
155,132,277,1865,Lincoln
156,133,277,1865,Lincoln
157,133,277,1865,Lincoln
158,134,277,1865,Lincoln
159,135,277,1865,Lincoln
160,135,277,1865,Lincoln
161,136,277,1865,Lincoln
162,136,277,1865,Lincoln
163,137,277,1865,Lincoln
164,137,277,1865,Lincoln
165,138,277,1865,Lincoln
166,139,277,1865,Lincoln
167,140,277,1865,Lincoln
168,141,277,1865,Lincoln
169,142,277,1865,Lincoln
170,143,277,1865,Lincoln
171,144,277,1865,Lincoln
172,144,277,1865,Lincoln
173,145,277,1865,Lincoln
174,145,277,1865,Lincoln
175,146,277,1865,Lincoln
176,147,277,1865,Lincoln
177,148,277,1865,Lincoln
178,149,277,1865,Lincoln
179,149,277,1865,Lincoln
180,150,277,1865,Lincoln
181,150,277,1865,Lincoln
182,151,277,1865,Lincoln
183,152,277,1865,Lincoln
184,153,277,1865,Lincoln
185,153,277,1865,Lincoln
186,153,277,1865,Lincoln
187,153,277,1865,Lincoln
188,154,277,1865,Lincoln
189,155,277,1865,Lincoln
190,156,277,1865,Lincoln
191,157,277,1865,Lincoln
192,158,277,1865,Lincoln
193,158,277,1865,Lincoln
194,159,277,1865,Lincoln
195,160,277,1865,Lincoln
196,160,277,1865,Lincoln
197,161,277,1865,Lincoln
198,162,277,1865,Lincoln
199,163,277,1865,Lincoln
200,164,277,1865,Lincoln
201,165,277,1865,Lincoln
202,166,277,1865,Lincoln
203,167,277,1865,Lincoln
204,168,277,1865,Lincoln
205,169,277,1865,Lincoln
206,170,277,1865,Lincoln
207,171,277,1865,Lincoln
208,172,277,1865,Lincoln
209,173,277,1865,Lincoln
210,174,277,1865,Lincoln
211,174,277,1865,Lincoln
212,175,277,1865,Lincoln
213,176,277,1865,Lincoln
214,177,277,1865,Lincoln
215,178,277,1865,Lincoln
216,178,277,1865,Lincoln
217,179,277,1865,Lincoln
218,179,277,1865,Lincoln
219,180,277,1865,Lincoln
220,181,277,1865,Lincoln
221,182,277,1865,Lincoln
222,182,277,1865,Lincoln
223,183,277,1865,Lincoln
224,183,277,1865,Lincoln
225,184,277,1865,Lincoln
226,185,277,1865,Lincoln
227,185,277,1865,Lincoln
228,185,277,1865,Lincoln
229,186,277,1865,Lincoln
230,186,277,1865,Lincoln
231,187,277,1865,Lincoln
232,187,277,1865,Lincoln
233,188,277,1865,Lincoln
234,189,277,1865,Lincoln
235,190,277,1865,Lincoln
236,191,277,1865,Lincoln
237,192,277,1865,Lincoln
238,193,277,1865,Lincoln
239,194,277,1865,Lincoln
240,194,277,1865,Lincoln
241,195,277,1865,Lincoln
242,195,277,1865,Lincoln
243,196,277,1865,Lincoln
244,196,277,1865,Lincoln
245,197,277,1865,Lincoln
246,198,277,1865,Lincoln
247,199,277,1865,Lincoln
248,200,277,1865,Lincoln
249,201,277,1865,Lincoln
250,202,277,1865,Lincoln
251,202,277,1865,Lincoln
252,202,277,1865,Lincoln
253,203,277,1865,Lincoln
254,203,277,1865,Lincoln
255,203,277,1865,Lincoln
256,203,277,1865,Lincoln
257,203,277,1865,Lincoln
258,204,277,1865,Lincoln
259,204,277,1865,Lincoln
260,205,277,1865,Lincoln
261,206,277,1865,Lincoln
262,207,277,1865,Lincoln
263,208,277,1865,Lincoln
264,209,277,1865,Lincoln
265,209,277,1865,Lincoln
266,210,277,1865,Lincoln
267,211,277,1865,Lincoln
268,212,277,1865,Lincoln
269,213,277,1865,Lincoln
270,213,277,1865,Lincoln
271,213,277,1865,Lincoln
272,214,277,1865,Lincoln
273,214,277,1865,Lincoln
274,214,277,1865,Lincoln
275,214,277,1865,Lincoln
276,215,277,1865,Lincoln
277,216,277,1865,Lincoln
278,217,277,1865,Lincoln
279,218,277,1865,Lincoln
280,219,277,1865,Lincoln
281,220,277,1865,Lincoln
282,221,277,1865,Lincoln
283,221,277,1865,Lincoln
284,222,277,1865,Lincoln
285,223,277,1865,Lincoln
286,224,277,1865,Lincoln
287,225,277,1865,Lincoln
288,225,277,1865,Lincoln
289,226,277,1865,Lincoln
290,226,277,1865,Lincoln
291,227,277,1865,Lincoln
292,228,277,1865,Lincoln
293,228,277,1865,Lincoln
294,228,277,1865,Lincoln
295,229,277,1865,Lincoln
296,230,277,1865,Lincoln
297,231,277,1865,Lincoln
298,232,277,1865,Lincoln
299,232,277,1865,Lincoln
300,232,277,1865,Lincoln
301,233,277,1865,Lincoln
302,234,277,1865,Lincoln
303,235,277,1865,Lincoln
304,236,277,1865,Lincoln
305,237,277,1865,Lincoln
306,238,277,1865,Lincoln
307,239,277,1865,Lincoln
308,239,277,1865,Lincoln
309,240,277,1865,Lincoln
310,241,277,1865,Lincoln
311,241,277,1865,Lincoln
312,242,277,1865,Lincoln
313,242,277,1865,Lincoln
314,243,277,1865,Lincoln
315,244,277,1865,Lincoln
316,245,277,1865,Lincoln
317,246,277,1865,Lincoln
318,246,277,1865,Lincoln
319,247,277,1865,Lincoln
320,248,277,1865,Lincoln
321,248,277,1865,Lincoln
322,249,277,1865,Lincoln
323,250,277,1865,Lincoln
324,251,277,1865,Lincoln
325,252,277,1865,Lincoln
326,252,277,1865,Lincoln
327,252,277,1865,Lincoln
328,252,277,1865,Lincoln
329,252,277,1865,Lincoln
330,252,277,1865,Lincoln
331,253,277,1865,Lincoln
332,254,277,1865,Lincoln
333,255,277,1865,Lincoln
334,256,277,1865,Lincoln
335,256,277,1865,Lincoln
336,256,277,1865,Lincoln
337,257,277,1865,Lincoln
338,258,277,1865,Lincoln
339,259,277,1865,Lincoln
340,260,277,1865,Lincoln
341,261,277,1865,Lincoln
342,261,277,1865,Lincoln
343,261,277,1865,Lincoln
344,261,277,1865,Lincoln
345,261,277,1865,Lincoln
346,262,277,1865,Lincoln
347,262,277,1865,Lincoln
348,262,277,1865,Lincoln
349,262,277,1865,Lincoln
350,263,277,1865,Lincoln
351,264,277,1865,Lincoln
352,265,277,1865,Lincoln
353,266,277,1865,Lincoln
354,266,277,1865,Lincoln
355,267,277,1865,Lincoln
356,268,277,1865,Lincoln
357,268,277,1865,Lincoln
358,269,277,1865,Lincoln
359,270,277,1865,Lincoln
360,271,277,1865,Lincoln
361,272,277,1865,Lincoln
362,272,277,1865,Lincoln
363,273,277,1865,Lincoln
364,274,277,1865,Lincoln
365,275,277,1865,Lincoln
366,276,277,1865,Lincoln
367,277,277,1865,Lincoln
368,277,277,1865,Lincoln
