0,1,314,1905,Roosevelt
1,2,314,1905,Roosevelt
2,3,314,1905,Roosevelt
3,4,314,1905,Roosevelt
4,5,314,1905,Roosevelt
5,6,314,1905,Roosevelt
6,7,314,1905,Roosevelt
7,8,314,1905,Roosevelt
8,9,314,1905,Roosevelt
9,10,314,1905,Roosevelt
10,11,314,1905,Roosevelt
11,12,314,1905,Roosevelt
12,13,314,1905,Roosevelt
13,14,314,1905,Roosevelt
14,15,314,1905,Roosevelt
15,16,314,1905,Roosevelt
16,17,314,1905,Roosevelt
17,18,314,1905,Roosevelt
18,19,314,1905,Roosevelt
19,19,314,1905,Roosevelt
20,20,314,1905,Roosevelt
21,21,314,1905,Roosevelt
22,22,314,1905,Roosevelt
23,23,314,1905,Roosevelt
24,24,314,1905,Roosevelt
25,25,314,1905,Roosevelt
26,25,314,1905,Roosevelt
27,25,314,1905,Roosevelt
28,26,314,1905,Roosevelt
29,27,314,1905,Roosevelt
30,28,314,1905,Roosevelt
31,29,314,1905,Roosevelt
32,30,314,1905,Roosevelt
33,31,314,1905,Roosevelt
34,32,314,1905,Roosevelt
35,33,314,1905,Roosevelt
36,34,314,1905,Roosevelt
37,35,314,1905,Roosevelt
38,36,314,1905,Roosevelt
39,37,314,1905,Roosevelt
40,38,314,1905,Roosevelt
41,39,314,1905,Roosevelt
42,40,314,1905,Roosevelt
43,41,314,1905,Roosevelt
44,42,314,1905,Roosevelt
45,43,314,1905,Roosevelt
46,44,314,1905,Roosevelt
47,45,314,1905,Roosevelt
48,45,314,1905,Roosevelt
49,46,314,1905,Roosevelt
50,47,314,1905,Roosevelt
51,48,314,1905,Roosevelt
52,49,314,1905,Roosevelt
53,50,314,1905,Roosevelt
54,50,314,1905,Roosevelt
55,50,314,1905,Roosevelt
56,51,314,1905,Roosevelt
57,52,314,1905,Roosevelt
58,53,314,1905,Roosevelt
59,54,314,1905,Roosevelt
60,55,314,1905,Roosevelt
61,56,314,1905,Roosevelt
62,57,314,1905,Roosevelt
63,58,314,1905,Roosevelt
64,59,314,1905,Roosevelt
65,60,314,1905,Roosevelt
66,60,314,1905,Roosevelt
67,61,314,1905,Roosevelt
68,62,314,1905,Roosevelt
69,63,314,1905,Roosevelt
70,64,314,1905,Roosevelt
71,65,314,1905,Roosevelt
72,65,314,1905,Roosevelt
73,66,314,1905,Roosevelt
74,67,314,1905,Roosevelt
75,68,314,1905,Roosevelt
76,69,314,1905,Roosevelt
77,69,314,1905,Roosevelt
78,69,314,1905,Roosevelt
79,70,314,1905,Roosevelt
80,71,314,1905,Roosevelt
81,72,314,1905,Roosevelt
82,73,314,1905,Roosevelt
83,74,314,1905,Roosevelt
84,75,314,1905,Roosevelt
85,75,314,1905,Roosevelt
86,76,314,1905,Roosevelt
87,76,314,1905,Roosevelt
88,77,314,1905,Roosevelt
89,78,314,1905,Roosevelt
90,79,314,1905,Roosevelt
91,80,314,1905,Roosevelt
92,81,314,1905,Roosevelt
93,82,314,1905,Roosevelt
94,83,314,1905,Roosevelt
95,84,314,1905,Roosevelt
96,85,314,1905,Roosevelt
97,85,314,1905,Roosevelt
98,86,314,1905,Roosevelt
99,87,314,1905,Roosevelt
100,88,314,1905,Roosevelt
101,89,314,1905,Roosevelt
102,90,314,1905,Roosevelt
103,91,314,1905,Roosevelt
104,91,314,1905,Roosevelt
105,92,314,1905,Roosevelt
106,93,314,1905,Roosevelt
107,94,314,1905,Roosevelt
108,94,314,1905,Roosevelt
109,94,314,1905,Roosevelt
110,95,314,1905,Roosevelt
111,96,314,1905,Roosevelt
112,96,314,1905,Roosevelt
113,96,314,1905,Roosevelt
114,97,314,1905,Roosevelt
115,98,314,1905,Roosevelt
116,98,314,1905,Roosevelt
117,99,314,1905,Roosevelt
118,100,314,1905,Roosevelt
119,100,314,1905,Roosevelt
120,101,314,1905,Roosevelt
121,102,314,1905,Roosevelt
122,103,314,1905,Roosevelt
123,104,314,1905,Roosevelt
124,105,314,1905,Roosevelt
125,106,314,1905,Roosevelt
126,107,314,1905,Roosevelt
127,107,314,1905,Roosevelt
128,107,314,1905,Roosevelt
129,108,314,1905,Roosevelt
130,109,314,1905,Roosevelt
131,110,314,1905,Roosevelt
132,110,314,1905,Roosevelt
133,110,314,1905,Roosevelt
134,111,314,1905,Roosevelt
135,111,314,1905,Roosevelt
136,111,314,1905,Roosevelt
137,112,314,1905,Roosevelt
138,113,314,1905,Roosevelt
139,113,314,1905,Roosevelt
140,114,314,1905,Roosevelt
141,115,314,1905,Roosevelt
142,116,314,1905,Roosevelt
143,117,314,1905,Roosevelt
144,117,314,1905,Roosevelt
145,117,314,1905,Roosevelt
146,117,314,1905,Roosevelt
147,118,314,1905,Roosevelt
148,119,314,1905,Roosevelt
149,120,314,1905,Roosevelt
150,121,314,1905,Roosevelt
151,122,314,1905,Roosevelt
152,122,314,1905,Roosevelt
153,123,314,1905,Roosevelt
154,123,314,1905,Roosevelt
155,123,314,1905,Roosevelt
156,124,314,1905,Roosevelt
157,125,314,1905,Roosevelt
158,126,314,1905,Roosevelt
159,127,314,1905,Roosevelt
160,128,314,1905,Roosevelt
161,129,314,1905,Roosevelt
162,129,314,1905,Roosevelt
163,130,314,1905,Roosevelt
164,131,314,1905,Roosevelt
165,132,314,1905,Roosevelt
166,133,314,1905,Roosevelt
167,134,314,1905,Roosevelt
168,135,314,1905,Roosevelt
169,136,314,1905,Roosevelt
170,137,314,1905,Roosevelt
171,138,314,1905,Roosevelt
172,139,314,1905,Roosevelt
173,139,314,1905,Roosevelt
174,139,314,1905,Roosevelt
175,140,314,1905,Roosevelt
176,141,314,1905,Roosevelt
177,142,314,1905,Roosevelt
178,142,314,1905,Roosevelt
179,143,314,1905,Roosevelt
180,144,314,1905,Roosevelt
181,144,314,1905,Roosevelt
182,144,314,1905,Roosevelt
183,144,314,1905,Roosevelt
184,144,314,1905,Roosevelt
185,145,314,1905,Roosevelt
186,145,314,1905,Roosevelt
187,145,314,1905,Roosevelt
188,146,314,1905,Roosevelt
189,146,314,1905,Roosevelt
190,147,314,1905,Roosevelt
191,148,314,1905,Roosevelt
192,148,314,1905,Roosevelt
193,148,314,1905,Roosevelt
194,149,314,1905,Roosevelt
195,150,314,1905,Roosevelt
196,151,314,1905,Roosevelt
197,151,314,1905,Roosevelt
198,151,314,1905,Roosevelt
199,152,314,1905,Roosevelt
200,152,314,1905,Roosevelt
201,152,314,1905,Roosevelt
202,153,314,1905,Roosevelt
203,153,314,1905,Roosevelt
204,154,314,1905,Roosevelt
205,155,314,1905,Roosevelt
206,155,314,1905,Roosevelt
207,156,314,1905,Roosevelt
208,157,314,1905,Roosevelt
209,158,314,1905,Roosevelt
210,159,314,1905,Roosevelt
211,159,314,1905,Roosevelt
212,159,314,1905,Roosevelt
213,160,314,1905,Roosevelt
214,161,314,1905,Roosevelt
215,162,314,1905,Roosevelt
216,162,314,1905,Roosevelt
217,162,314,1905,Roosevelt
218,163,314,1905,Roosevelt
219,164,314,1905,Roosevelt
220,165,314,1905,Roosevelt
221,166,314,1905,Roosevelt
222,167,314,1905,Roosevelt
223,167,314,1905,Roosevelt
224,167,314,1905,Roosevelt
225,168,314,1905,Roosevelt
226,169,314,1905,Roosevelt
227,170,314,1905,Roosevelt
228,170,314,1905,Roosevelt
229,170,314,1905,Roosevelt
230,171,314,1905,Roosevelt
231,172,314,1905,Roosevelt
232,173,314,1905,Roosevelt
233,173,314,1905,Roosevelt
234,174,314,1905,Roosevelt
235,174,314,1905,Roosevelt
236,175,314,1905,Roosevelt
237,175,314,1905,Roosevelt
238,176,314,1905,Roosevelt
239,176,314,1905,Roosevelt
240,176,314,1905,Roosevelt
241,177,314,1905,Roosevelt
242,178,314,1905,Roosevelt
243,178,314,1905,Roosevelt
244,179,314,1905,Roosevelt
245,179,314,1905,Roosevelt
246,180,314,1905,Roosevelt
247,181,314,1905,Roosevelt
248,182,314,1905,Roosevelt
249,183,314,1905,Roosevelt
250,184,314,1905,Roosevelt
251,184,314,1905,Roosevelt
252,185,314,1905,Roosevelt
253,185,314,1905,Roosevelt
254,185,314,1905,Roosevelt
255,186,314,1905,Roosevelt
256,187,314,1905,Roosevelt
257,188,314,1905,Roosevelt
258,188,314,1905,Roosevelt
259,189,314,1905,Roosevelt
260,190,314,1905,Roosevelt
261,191,314,1905,Roosevelt
262,192,314,1905,Roosevelt
263,193,314,1905,Roosevelt
264,194,314,1905,Roosevelt
265,195,314,1905,Roosevelt
266,196,314,1905,Roosevelt
267,197,314,1905,Roosevelt
268,198,314,1905,Roosevelt
269,198,314,1905,Roosevelt
270,199,314,1905,Roosevelt
271,199,314,1905,Roosevelt
272,200,314,1905,Roosevelt
273,201,314,1905,Roosevelt
274,202,314,1905,Roosevelt
275,203,314,1905,Roosevelt
276,204,314,1905,Roosevelt
277,205,314,1905,Roosevelt
278,206,314,1905,Roosevelt
279,207,314,1905,Roosevelt
280,208,314,1905,Roosevelt
281,209,314,1905,Roosevelt
282,210,314,1905,Roosevelt
283,210,314,1905,Roosevelt
284,211,314,1905,Roosevelt
285,212,314,1905,Roosevelt
286,213,314,1905,Roosevelt
287,214,314,1905,Roosevelt
288,214,314,1905,Roosevelt
289,215,314,1905,Roosevelt
290,216,314,1905,Roosevelt
291,217,314,1905,Roosevelt
292,217,314,1905,Roosevelt
293,218,314,1905,Roosevelt
294,219,314,1905,Roosevelt
295,220,314,1905,Roosevelt
296,221,314,1905,Roosevelt
297,222,314,1905,Roosevelt
298,223,314,1905,Roosevelt
299,223,314,1905,Roosevelt
300,224,314,1905,Roosevelt
301,225,314,1905,Roosevelt
302,226,314,1905,Roosevelt
303,227,314,1905,Roosevelt
304,228,314,1905,Roosevelt
305,229,314,1905,Roosevelt
306,230,314,1905,Roosevelt
307,230,314,1905,Roosevelt
308,230,314,1905,Roosevelt
309,230,314,1905,Roosevelt
310,231,314,1905,Roosevelt
311,232,314,1905,Roosevelt
312,232,314,1905,Roosevelt
313,232,314,1905,Roosevelt
314,232,314,1905,Roosevelt
315,233,314,1905,Roosevelt
316,233,314,1905,Roosevelt
317,234,314,1905,Roosevelt
318,234,314,1905,Roosevelt
319,234,314,1905,Roosevelt
320,235,314,1905,Roosevelt
321,236,314,1905,Roosevelt
322,237,314,1905,Roosevelt
323,237,314,1905,Roosevelt
324,237,314,1905,Roosevelt
325,237,314,1905,Roosevelt
326,237,314,1905,Roosevelt
327,238,314,1905,Roosevelt
328,238,314,1905,Roosevelt
329,239,314,1905,Roosevelt
330,239,314,1905,Roosevelt
331,240,314,1905,Roosevelt
332,240,314,1905,Roosevelt
333,241,314,1905,Roosevelt
334,241,314,1905,Roosevelt
335,242,314,1905,Roosevelt
336,243,314,1905,Roosevelt
337,243,314,1905,Roosevelt
338,244,314,1905,Roosevelt
339,245,314,1905,Roosevelt
340,245,314,1905,Roosevelt
341,246,314,1905,Roosevelt
342,246,314,1905,Roosevelt
343,246,314,1905,Roosevelt
344,246,314,1905,Roosevelt
345,246,314,1905,Roosevelt
346,246,314,1905,Roosevelt
347,247,314,1905,Roosevelt
348,247,314,1905,Roosevelt
349,248,314,1905,Roosevelt
350,249,314,1905,Roosevelt
351,249,314,1905,Roosevelt
352,249,314,1905,Roosevelt
353,250,314,1905,Roosevelt
354,251,314,1905,Roosevelt
355,251,314,1905,Roosevelt
356,252,314,1905,Roosevelt
357,253,314,1905,Roosevelt
358,254,314,1905,Roosevelt
359,255,314,1905,Roosevelt
360,256,314,1905,Roosevelt
361,256,314,1905,Roosevelt
362,257,314,1905,Roosevelt
363,257,314,1905,Roosevelt
364,257,314,1905,Roosevelt
365,257,314,1905,Roosevelt
366,258,314,1905,Roosevelt
367,259,314,1905,Roosevelt
368,259,314,1905,Roosevelt
369,260,314,1905,Roosevelt
370,260,314,1905,Roosevelt
371,260,314,1905,Roosevelt
372,261,314,1905,Roosevelt
373,262,314,1905,Roosevelt
374,263,314,1905,Roosevelt
375,263,314,1905,Roosevelt
376,263,314,1905,Roosevelt
377,263,314,1905,Roosevelt
378,263,314,1905,Roosevelt
379,264,314,1905,Roosevelt
380,264,314,1905,Roosevelt
381,264,314,1905,Roosevelt
382,264,314,1905,Roosevelt
383,264,314,1905,Roosevelt
384,265,314,1905,Roosevelt
385,266,314,1905,Roosevelt
386,267,314,1905,Roosevelt
387,268,314,1905,Roosevelt
388,268,314,1905,Roosevelt
389,269,314,1905,Roosevelt
390,269,314,1905,Roosevelt
391,269,314,1905,Roosevelt
392,270,314,1905,Roosevelt
393,270,314,1905,Roosevelt
394,270,314,1905,Roosevelt
395,270,314,1905,Roosevelt
396,271,314,1905,Roosevelt
397,271,314,1905,Roosevelt
398,272,314,1905,Roosevelt
399,273,314,1905,Roosevelt
400,273,314,1905,Roosevelt
401,274,314,1905,Roosevelt
402,275,314,1905,Roosevelt
403,275,314,1905,Roosevelt
404,275,314,1905,Roosevelt
405,276,314,1905,Roosevelt
406,277,314,1905,Roosevelt
407,278,314,1905,Roosevelt
408,279,314,1905,Roosevelt
409,279,314,1905,Roosevelt
410,280,314,1905,Roosevelt
411,281,314,1905,Roosevelt
412,282,314,1905,Roosevelt
413,283,314,1905,Roosevelt
414,284,314,1905,Roosevelt
415,284,314,1905,Roosevelt
416,284,314,1905,Roosevelt
417,284,314,1905,Roosevelt
418,285,314,1905,Roosevelt
419,286,314,1905,Roosevelt
420,287,314,1905,Roosevelt
421,287,314,1905,Roosevelt
422,288,314,1905,Roosevelt
423,289,314,1905,Roosevelt
424,290,314,1905,Roosevelt
425,290,314,1905,Roosevelt
426,291,314,1905,Roosevelt
427,292,314,1905,Roosevelt
428,293,314,1905,Roosevelt
429,293,314,1905,Roosevelt
430,293,314,1905,Roosevelt
431,294,314,1905,Roosevelt
432,294,314,1905,Roosevelt
433,295,314,1905,Roosevelt
434,296,314,1905,Roosevelt
435,297,314,1905,Roosevelt
436,297,314,1905,Roosevelt
437,297,314,1905,Roosevelt
438,297,314,1905,Roosevelt
439,297,314,1905,Roosevelt
440,297,314,1905,Roosevelt
441,298,314,1905,Roosevelt
442,298,314,1905,Roosevelt
443,299,314,1905,Roosevelt
444,300,314,1905,Roosevelt
445,300,314,1905,Roosevelt
446,300,314,1905,Roosevelt
447,301,314,1905,Roosevelt
448,302,314,1905,Roosevelt
449,303,314,1905,Roosevelt
450,304,314,1905,Roosevelt
451,305,314,1905,Roosevelt
452,306,314,1905,Roosevelt
453,306,314,1905,Roosevelt
454,307,314,1905,Roosevelt
455,308,314,1905,Roosevelt
456,309,314,1905,Roosevelt
457,310,314,1905,Roosevelt
458,310,314,1905,Roosevelt
459,310,314,1905,Roosevelt
460,310,314,1905,Roosevelt
461,310,314,1905,Roosevelt
462,311,314,1905,Roosevelt
463,312,314,1905,Roosevelt
464,312,314,1905,Roosevelt
465,312,314,1905,Roosevelt
466,312,314,1905,Roosevelt
467,312,314,1905,Roosevelt
468,312,314,1905,Roosevelt
469,312,314,1905,Roosevelt
470,313,314,1905,Roosevelt
471,314,314,1905,Roosevelt
