0,1,992,1921,Harding
1,2,992,1921,Harding
2,3,992,1921,Harding
3,4,992,1921,Harding
4,5,992,1921,Harding
5,6,992,1921,Harding
6,7,992,1921,Harding
7,8,992,1921,Harding
8,9,992,1921,Harding
9,10,992,1921,Harding
10,11,992,1921,Harding
11,12,992,1921,Harding
12,13,992,1921,Harding
13,14,992,1921,Harding
14,15,992,1921,Harding
15,16,992,1921,Harding
16,17,992,1921,Harding
17,18,992,1921,Harding
18,19,992,1921,Harding
19,20,992,1921,Harding
20,21,992,1921,Harding
21,22,992,1921,Harding
22,23,992,1921,Harding
23,24,992,1921,Harding
24,25,992,1921,Harding
25,26,992,1921,Harding
26,27,992,1921,Harding
27,27,992,1921,Harding
28,28,992,1921,Harding
29,29,992,1921,Harding
30,30,992,1921,Harding
31,31,992,1921,Harding
32,32,992,1921,Harding
33,33,992,1921,Harding
34,34,992,1921,Harding
35,35,992,1921,Harding
36,36,992,1921,Harding
37,37,992,1921,Harding
38,37,992,1921,Harding
39,38,992,1921,Harding
40,39,992,1921,Harding
41,39,992,1921,Harding
42,40,992,1921,Harding
43,41,992,1921,Harding
44,42,992,1921,Harding
45,43,992,1921,Harding
46,43,992,1921,Harding
47,44,992,1921,Harding
48,44,992,1921,Harding
49,45,992,1921,Harding
50,46,992,1921,Harding
51,47,992,1921,Harding
52,48,992,1921,Harding
53,49,992,1921,Harding
54,50,992,1921,Harding
55,51,992,1921,Harding
56,52,992,1921,Harding
57,53,992,1921,Harding
58,54,992,1921,Harding
59,55,992,1921,Harding
60,56,992,1921,Harding
61,57,992,1921,Harding
62,58,992,1921,Harding
63,59,992,1921,Harding
64,59,992,1921,Harding
65,60,992,1921,Harding
66,61,992,1921,Harding
67,62,992,1921,Harding
68,62,992,1921,Harding
69,63,992,1921,Harding
70,64,992,1921,Harding
71,65,992,1921,Harding
72,66,992,1921,Harding
73,67,992,1921,Harding
74,68,992,1921,Harding
75,69,992,1921,Harding
76,70,992,1921,Harding
77,71,992,1921,Harding
78,72,992,1921,Harding
79,73,992,1921,Harding
80,73,992,1921,Harding
81,74,992,1921,Harding
82,75,992,1921,Harding
83,76,992,1921,Harding
84,76,992,1921,Harding
85,76,992,1921,Harding
86,76,992,1921,Harding
87,77,992,1921,Harding
88,78,992,1921,Harding
89,78,992,1921,Harding
90,78,992,1921,Harding
91,79,992,1921,Harding
92,80,992,1921,Harding
93,81,992,1921,Harding
94,82,992,1921,Harding
95,83,992,1921,Harding
96,84,992,1921,Harding
97,85,992,1921,Harding
98,86,992,1921,Harding
99,87,992,1921,Harding
100,88,992,1921,Harding
101,89,992,1921,Harding
102,90,992,1921,Harding
103,90,992,1921,Harding
104,90,992,1921,Harding
105,90,992,1921,Harding
106,91,992,1921,Harding
107,92,992,1921,Harding
108,93,992,1921,Harding
109,93,992,1921,Harding
110,94,992,1921,Harding
111,95,992,1921,Harding
112,96,992,1921,Harding
113,96,992,1921,Harding
114,96,992,1921,Harding
115,97,992,1921,Harding
116,98,992,1921,Harding
117,99,992,1921,Harding
118,99,992,1921,Harding
119,100,992,1921,Harding
120,101,992,1921,Harding
121,102,992,1921,Harding
122,103,992,1921,Harding
123,104,992,1921,Harding
124,104,992,1921,Harding
125,105,992,1921,Harding
126,106,992,1921,Harding
127,107,992,1921,Harding
128,108,992,1921,Harding
129,109,992,1921,Harding
130,110,992,1921,Harding
131,110,992,1921,Harding
132,111,992,1921,Harding
133,111,992,1921,Harding
134,112,992,1921,Harding
135,113,992,1921,Harding
136,113,992,1921,Harding
137,114,992,1921,Harding
138,115,992,1921,Harding
139,115,992,1921,Harding
140,116,992,1921,Harding
141,117,992,1921,Harding
142,118,992,1921,Harding
143,119,992,1921,Harding
144,120,992,1921,Harding
145,121,992,1921,Harding
146,122,992,1921,Harding
147,123,992,1921,Harding
148,124,992,1921,Harding
149,125,992,1921,Harding
150,125,992,1921,Harding
151,125,992,1921,Harding
152,126,992,1921,Harding
153,126,992,1921,Harding
154,127,992,1921,Harding
155,128,992,1921,Harding
156,129,992,1921,Harding
157,130,992,1921,Harding
158,130,992,1921,Harding
159,131,992,1921,Harding
160,132,992,1921,Harding
161,133,992,1921,Harding
162,134,992,1921,Harding
163,135,992,1921,Harding
164,136,992,1921,Harding
165,137,992,1921,Harding
166,137,992,1921,Harding
167,137,992,1921,Harding
168,138,992,1921,Harding
169,139,992,1921,Harding
170,140,992,1921,Harding
171,141,992,1921,Harding
172,142,992,1921,Harding
173,143,992,1921,Harding
174,144,992,1921,Harding
175,145,992,1921,Harding
176,146,992,1921,Harding
177,147,992,1921,Harding
178,148,992,1921,Harding
179,148,992,1921,Harding
180,148,992,1921,Harding
181,148,992,1921,Harding
182,148,992,1921,Harding
183,149,992,1921,Harding
184,150,992,1921,Harding
185,150,992,1921,Harding
186,151,992,1921,Harding
187,151,992,1921,Harding
188,152,992,1921,Harding
189,153,992,1921,Harding
190,154,992,1921,Harding
191,155,992,1921,Harding
192,155,992,1921,Harding
193,156,992,1921,Harding
194,157,992,1921,Harding
195,158,992,1921,Harding
196,159,992,1921,Harding
197,160,992,1921,Harding
198,161,992,1921,Harding
199,162,992,1921,Harding
200,163,992,1921,Harding
201,163,992,1921,Harding
202,164,992,1921,Harding
203,165,992,1921,Harding
204,165,992,1921,Harding
205,165,992,1921,Harding
206,166,992,1921,Harding
207,166,992,1921,Harding
208,167,992,1921,Harding
209,167,992,1921,Harding
210,168,992,1921,Harding
211,169,992,1921,Harding
212,169,992,1921,Harding
213,169,992,1921,Harding
214,169,992,1921,Harding
215,170,992,1921,Harding
216,170,992,1921,Harding
217,170,992,1921,Harding
218,171,992,1921,Harding
219,172,992,1921,Harding
220,173,992,1921,Harding
221,174,992,1921,Harding
222,174,992,1921,Harding
223,175,992,1921,Harding
224,176,992,1921,Harding
225,177,992,1921,Harding
226,178,992,1921,Harding
227,179,992,1921,Harding
228,180,992,1921,Harding
229,180,992,1921,Harding
230,180,992,1921,Harding
231,181,992,1921,Harding
232,181,992,1921,Harding
233,182,992,1921,Harding
234,183,992,1921,Harding
235,183,992,1921,Harding
236,184,992,1921,Harding
237,185,992,1921,Harding
238,186,992,1921,Harding
239,187,992,1921,Harding
240,188,992,1921,Harding
241,189,992,1921,Harding
242,189,992,1921,Harding
243,190,992,1921,Harding
244,191,992,1921,Harding
245,192,992,1921,Harding
246,193,992,1921,Harding
247,194,992,1921,Harding
248,195,992,1921,Harding
249,196,992,1921,Harding
250,196,992,1921,Harding
251,197,992,1921,Harding
252,198,992,1921,Harding
253,199,992,1921,Harding
254,199,992,1921,Harding
255,200,992,1921,Harding
256,200,992,1921,Harding
257,201,992,1921,Harding
258,202,992,1921,Harding
259,203,992,1921,Harding
260,203,992,1921,Harding
261,204,992,1921,Harding
262,204,992,1921,Harding
263,205,992,1921,Harding
264,206,992,1921,Harding
265,207,992,1921,Harding
266,207,992,1921,Harding
267,208,992,1921,Harding
268,208,992,1921,Harding
269,208,992,1921,Harding
270,209,992,1921,Harding
271,210,992,1921,Harding
272,211,992,1921,Harding
273,211,992,1921,Harding
274,211,992,1921,Harding
275,212,992,1921,Harding
276,212,992,1921,Harding
277,213,992,1921,Harding
278,214,992,1921,Harding
279,215,992,1921,Harding
280,215,992,1921,Harding
281,216,992,1921,Harding
282,217,992,1921,Harding
283,217,992,1921,Harding
284,217,992,1921,Harding
285,218,992,1921,Harding
286,219,992,1921,Harding
287,219,992,1921,Harding
288,219,992,1921,Harding
289,219,992,1921,Harding
290,220,992,1921,Harding
291,221,992,1921,Harding
292,222,992,1921,Harding
293,222,992,1921,Harding
294,223,992,1921,Harding
295,224,992,1921,Harding
296,224,992,1921,Harding
297,225,992,1921,Harding
298,226,992,1921,Harding
299,227,992,1921,Harding
300,228,992,1921,Harding
301,229,992,1921,Harding
302,230,992,1921,Harding
303,231,992,1921,Harding
304,232,992,1921,Harding
305,232,992,1921,Harding
306,233,992,1921,Harding
307,234,992,1921,Harding
308,234,992,1921,Harding
309,235,992,1921,Harding
310,236,992,1921,Harding
311,237,992,1921,Harding
312,238,992,1921,Harding
313,239,992,1921,Harding
314,240,992,1921,Harding
315,241,992,1921,Harding
316,242,992,1921,Harding
317,243,992,1921,Harding
318,244,992,1921,Harding
319,244,992,1921,Harding
320,244,992,1921,Harding
321,244,992,1921,Harding
322,244,992,1921,Harding
323,245,992,1921,Harding
324,246,992,1921,Harding
325,246,992,1921,Harding
326,247,992,1921,Harding
327,247,992,1921,Harding
328,248,992,1921,Harding
329,248,992,1921,Harding
330,249,992,1921,Harding
331,250,992,1921,Harding
332,251,992,1921,Harding
333,252,992,1921,Harding
334,252,992,1921,Harding
335,253,992,1921,Harding
336,254,992,1921,Harding
337,255,992,1921,Harding
338,255,992,1921,Harding
339,256,992,1921,Harding
340,257,992,1921,Harding
341,258,992,1921,Harding
342,259,992,1921,Harding
343,259,992,1921,Harding
344,260,992,1921,Harding
345,261,992,1921,Harding
346,261,992,1921,Harding
347,262,992,1921,Harding
348,262,992,1921,Harding
349,263,992,1921,Harding
350,264,992,1921,Harding
351,265,992,1921,Harding
352,266,992,1921,Harding
353,267,992,1921,Harding
354,267,992,1921,Harding
355,268,992,1921,Harding
356,269,992,1921,Harding
357,270,992,1921,Harding
358,270,992,1921,Harding
359,270,992,1921,Harding
360,271,992,1921,Harding
361,272,992,1921,Harding
362,273,992,1921,Harding
363,274,992,1921,Harding
364,275,992,1921,Harding
365,275,992,1921,Harding
366,276,992,1921,Harding
367,277,992,1921,Harding
368,277,992,1921,Harding
369,278,992,1921,Harding
370,279,992,1921,Harding
371,279,992,1921,Harding
372,280,992,1921,Harding
373,281,992,1921,Harding
374,282,992,1921,Harding
375,283,992,1921,Harding
376,284,992,1921,Harding
377,284,992,1921,Harding
378,285,992,1921,Harding
379,286,992,1921,Harding
380,287,992,1921,Harding
381,287,992,1921,Harding
382,288,992,1921,Harding
383,289,992,1921,Harding
384,289,992,1921,Harding
385,290,992,1921,Harding
386,291,992,1921,Harding
387,292,992,1921,Harding
388,293,992,1921,Harding
389,293,992,1921,Harding
390,293,992,1921,Harding
391,293,992,1921,Harding
392,293,992,1921,Harding
393,294,992,1921,Harding
394,295,992,1921,Harding
395,295,992,1921,Harding
396,295,992,1921,Harding
397,296,992,1921,Harding
398,297,992,1921,Harding
399,297,992,1921,Harding
400,297,992,1921,Harding
401,297,992,1921,Harding
402,298,992,1921,Harding
403,299,992,1921,Harding
404,299,992,1921,Harding
405,299,992,1921,Harding
406,300,992,1921,Harding
407,300,992,1921,Harding
408,300,992,1921,Harding
409,300,992,1921,Harding
410,301,992,1921,Harding
411,302,992,1921,Harding
412,303,992,1921,Harding
413,303,992,1921,Harding
414,304,992,1921,Harding
415,304,992,1921,Harding
416,305,992,1921,Harding
417,305,992,1921,Harding
418,306,992,1921,Harding
419,307,992,1921,Harding
420,308,992,1921,Harding
421,309,992,1921,Harding
422,309,992,1921,Harding
423,310,992,1921,Harding
424,311,992,1921,Harding
425,311,992,1921,Harding
426,312,992,1921,Harding
427,312,992,1921,Harding
428,313,992,1921,Harding
429,314,992,1921,Harding
430,315,992,1921,Harding
431,316,992,1921,Harding
432,316,992,1921,Harding
433,316,992,1921,Harding
434,316,992,1921,Harding
435,317,992,1921,Harding
436,317,992,1921,Harding
437,318,992,1921,Harding
438,319,992,1921,Harding
439,319,992,1921,Harding
440,320,992,1921,Harding
441,321,992,1921,Harding
442,322,992,1921,Harding
443,323,992,1921,Harding
444,324,992,1921,Harding
445,325,992,1921,Harding
446,326,992,1921,Harding
447,327,992,1921,Harding
448,327,992,1921,Harding
449,327,992,1921,Harding
450,327,992,1921,Harding
451,327,992,1921,Harding
452,328,992,1921,Harding
453,329,992,1921,Harding
454,330,992,1921,Harding
455,330,992,1921,Harding
456,330,992,1921,Harding
457,331,992,1921,Harding
458,332,992,1921,Harding
459,332,992,1921,Harding
460,333,992,1921,Harding
461,334,992,1921,Harding
462,334,992,1921,Harding
463,334,992,1921,Harding
464,334,992,1921,Harding
465,335,992,1921,Harding
466,336,992,1921,Harding
467,337,992,1921,Harding
468,338,992,1921,Harding
469,339,992,1921,Harding
470,339,992,1921,Harding
471,339,992,1921,Harding
472,339,992,1921,Harding
473,340,992,1921,Harding
474,341,992,1921,Harding
475,342,992,1921,Harding
476,343,992,1921,Harding
477,343,992,1921,Harding
478,344,992,1921,Harding
479,345,992,1921,Harding
480,346,992,1921,Harding
481,347,992,1921,Harding
482,348,992,1921,Harding
483,348,992,1921,Harding
484,348,992,1921,Harding
485,349,992,1921,Harding
486,349,992,1921,Harding
487,349,992,1921,Harding
488,349,992,1921,Harding
489,349,992,1921,Harding
490,350,992,1921,Harding
491,350,992,1921,Harding
492,350,992,1921,Harding
493,351,992,1921,Harding
494,351,992,1921,Harding
495,352,992,1921,Harding
496,352,992,1921,Harding
497,352,992,1921,Harding
498,353,992,1921,Harding
499,353,992,1921,Harding
500,354,992,1921,Harding
501,355,992,1921,Harding
502,355,992,1921,Harding
503,356,992,1921,Harding
504,357,992,1921,Harding
505,357,992,1921,Harding
506,357,992,1921,Harding
507,358,992,1921,Harding
508,359,992,1921,Harding
509,359,992,1921,Harding
510,360,992,1921,Harding
511,361,992,1921,Harding
512,361,992,1921,Harding
513,361,992,1921,Harding
514,361,992,1921,Harding
515,361,992,1921,Harding
516,361,992,1921,Harding
517,361,992,1921,Harding
518,361,992,1921,Harding
519,362,992,1921,Harding
520,362,992,1921,Harding
521,363,992,1921,Harding
522,363,992,1921,Harding
523,363,992,1921,Harding
524,363,992,1921,Harding
525,364,992,1921,Harding
526,365,992,1921,Harding
527,366,992,1921,Harding
528,367,992,1921,Harding
529,368,992,1921,Harding
530,369,992,1921,Harding
531,369,992,1921,Harding
532,370,992,1921,Harding
533,370,992,1921,Harding
534,371,992,1921,Harding
535,372,992,1921,Harding
536,372,992,1921,Harding
537,372,992,1921,Harding
538,373,992,1921,Harding
539,374,992,1921,Harding
540,375,992,1921,Harding
541,375,992,1921,Harding
542,375,992,1921,Harding
543,375,992,1921,Harding
544,375,992,1921,Harding
545,376,992,1921,Harding
546,377,992,1921,Harding
547,377,992,1921,Harding
548,377,992,1921,Harding
549,378,992,1921,Harding
550,379,992,1921,Harding
551,379,992,1921,Harding
552,379,992,1921,Harding
553,379,992,1921,Harding
554,379,992,1921,Harding
555,380,992,1921,Harding
556,381,992,1921,Harding
557,382,992,1921,Harding
558,383,992,1921,Harding
559,383,992,1921,Harding
560,383,992,1921,Harding
561,383,992,1921,Harding
562,383,992,1921,Harding
563,383,992,1921,Harding
564,384,992,1921,Harding
565,384,992,1921,Harding
566,384,992,1921,Harding
567,384,992,1921,Harding
568,385,992,1921,Harding
569,386,992,1921,Harding
570,387,992,1921,Harding
571,388,992,1921,Harding
572,388,992,1921,Harding
573,389,992,1921,Harding
574,390,992,1921,Harding
575,391,992,1921,Harding
576,391,992,1921,Harding
577,392,992,1921,Harding
578,392,992,1921,Harding
579,393,992,1921,Harding
580,393,992,1921,Harding
581,393,992,1921,Harding
582,394,992,1921,Harding
583,395,992,1921,Harding
584,396,992,1921,Harding
585,397,992,1921,Harding
586,397,992,1921,Harding
587,398,992,1921,Harding
588,398,992,1921,Harding
589,399,992,1921,Harding
590,400,992,1921,Harding
591,400,992,1921,Harding
592,400,992,1921,Harding
593,400,992,1921,Harding
594,400,992,1921,Harding
595,400,992,1921,Harding
596,401,992,1921,Harding
597,401,992,1921,Harding
598,401,992,1921,Harding
599,401,992,1921,Harding
600,402,992,1921,Harding
601,403,992,1921,Harding
602,403,992,1921,Harding
603,404,992,1921,Harding
604,404,992,1921,Harding
605,405,992,1921,Harding
606,405,992,1921,Harding
607,405,992,1921,Harding
608,406,992,1921,Harding
609,406,992,1921,Harding
610,406,992,1921,Harding
611,406,992,1921,Harding
612,407,992,1921,Harding
613,408,992,1921,Harding
614,409,992,1921,Harding
615,409,992,1921,Harding
616,410,992,1921,Harding
617,410,992,1921,Harding
618,411,992,1921,Harding
619,412,992,1921,Harding
620,413,992,1921,Harding
621,413,992,1921,Harding
622,414,992,1921,Harding
623,415,992,1921,Harding
624,416,992,1921,Harding
625,417,992,1921,Harding
626,418,992,1921,Harding
627,419,992,1921,Harding
628,420,992,1921,Harding
629,421,992,1921,Harding
630,421,992,1921,Harding
631,422,992,1921,Harding
632,422,992,1921,Harding
633,423,992,1921,Harding
634,424,992,1921,Harding
635,424,992,1921,Harding
636,425,992,1921,Harding
637,426,992,1921,Harding
638,427,992,1921,Harding
639,428,992,1921,Harding
640,429,992,1921,Harding
641,430,992,1921,Harding
642,431,992,1921,Harding
643,431,992,1921,Harding
644,431,992,1921,Harding
645,432,992,1921,Harding
646,433,992,1921,Harding
647,433,992,1921,Harding
648,433,992,1921,Harding
649,434,992,1921,Harding
650,435,992,1921,Harding
651,436,992,1921,Harding
652,436,992,1921,Harding
653,436,992,1921,Harding
654,437,992,1921,Harding
655,438,992,1921,Harding
656,439,992,1921,Harding
657,439,992,1921,Harding
658,440,992,1921,Harding
659,441,992,1921,Harding
660,442,992,1921,Harding
661,442,992,1921,Harding
662,442,992,1921,Harding
663,442,992,1921,Harding
664,442,992,1921,Harding
665,442,992,1921,Harding
666,442,992,1921,Harding
667,442,992,1921,Harding
668,442,992,1921,Harding
669,442,992,1921,Harding
670,442,992,1921,Harding
671,442,992,1921,Harding
672,442,992,1921,Harding
673,443,992,1921,Harding
674,444,992,1921,Harding
675,445,992,1921,Harding
676,446,992,1921,Harding
677,446,992,1921,Harding
678,446,992,1921,Harding
679,447,992,1921,Harding
680,448,992,1921,Harding
681,449,992,1921,Harding
682,450,992,1921,Harding
683,450,992,1921,Harding
684,450,992,1921,Harding
685,451,992,1921,Harding
686,452,992,1921,Harding
687,452,992,1921,Harding
688,452,992,1921,Harding
689,453,992,1921,Harding
690,453,992,1921,Harding
691,454,992,1921,Harding
692,455,992,1921,Harding
693,455,992,1921,Harding
694,456,992,1921,Harding
695,456,992,1921,Harding
696,457,992,1921,Harding
697,458,992,1921,Harding
698,459,992,1921,Harding
699,460,992,1921,Harding
700,460,992,1921,Harding
701,460,992,1921,Harding
702,460,992,1921,Harding
703,461,992,1921,Harding
704,461,992,1921,Harding
705,462,992,1921,Harding
706,463,992,1921,Harding
707,464,992,1921,Harding
708,465,992,1921,Harding
709,466,992,1921,Harding
710,466,992,1921,Harding
711,467,992,1921,Harding
712,468,992,1921,Harding
713,469,992,1921,Harding
714,469,992,1921,Harding
715,469,992,1921,Harding
716,470,992,1921,Harding
717,471,992,1921,Harding
718,472,992,1921,Harding
719,473,992,1921,Harding
720,473,992,1921,Harding
721,474,992,1921,Harding
722,475,992,1921,Harding
723,476,992,1921,Harding
724,476,992,1921,Harding
725,476,992,1921,Harding
726,476,992,1921,Harding
727,476,992,1921,Harding
728,476,992,1921,Harding
729,476,992,1921,Harding
730,477,992,1921,Harding
731,478,992,1921,Harding
732,478,992,1921,Harding
733,479,992,1921,Harding
734,479,992,1921,Harding
735,479,992,1921,Harding
736,479,992,1921,Harding
737,480,992,1921,Harding
738,481,992,1921,Harding
739,482,992,1921,Harding
740,483,992,1921,Harding
741,483,992,1921,Harding
742,484,992,1921,Harding
743,485,992,1921,Harding
744,486,992,1921,Harding
745,486,992,1921,Harding
746,487,992,1921,Harding
747,487,992,1921,Harding
748,487,992,1921,Harding
749,487,992,1921,Harding
750,488,992,1921,Harding
751,489,992,1921,Harding
752,490,992,1921,Harding
753,491,992,1921,Harding
754,492,992,1921,Harding
755,493,992,1921,Harding
756,494,992,1921,Harding
757,494,992,1921,Harding
758,494,992,1921,Harding
759,495,992,1921,Harding
760,495,992,1921,Harding
761,495,992,1921,Harding
762,495,992,1921,Harding
763,495,992,1921,Harding
764,495,992,1921,Harding
765,495,992,1921,Harding
766,495,992,1921,Harding
767,495,992,1921,Harding
768,495,992,1921,Harding
769,495,992,1921,Harding
770,495,992,1921,Harding
771,496,992,1921,Harding
772,497,992,1921,Harding
773,497,992,1921,Harding
774,498,992,1921,Harding
775,498,992,1921,Harding
776,499,992,1921,Harding
777,500,992,1921,Harding
778,501,992,1921,Harding
779,502,992,1921,Harding
780,503,992,1921,Harding
781,504,992,1921,Harding
782,504,992,1921,Harding
783,505,992,1921,Harding
784,506,992,1921,Harding
785,506,992,1921,Harding
786,507,992,1921,Harding
787,507,992,1921,Harding
788,507,992,1921,Harding
789,507,992,1921,Harding
790,508,992,1921,Harding
791,508,992,1921,Harding
792,508,992,1921,Harding
793,508,992,1921,Harding
794,509,992,1921,Harding
795,510,992,1921,Harding
796,510,992,1921,Harding
797,511,992,1921,Harding
798,512,992,1921,Harding
799,513,992,1921,Harding
800,513,992,1921,Harding
801,513,992,1921,Harding
802,513,992,1921,Harding
803,514,992,1921,Harding
804,515,992,1921,Harding
805,515,992,1921,Harding
806,515,992,1921,Harding
807,515,992,1921,Harding
808,516,992,1921,Harding
809,516,992,1921,Harding
810,516,992,1921,Harding
811,516,992,1921,Harding
812,517,992,1921,Harding
813,518,992,1921,Harding
814,519,992,1921,Harding
815,520,992,1921,Harding
816,521,992,1921,Harding
817,522,992,1921,Harding
818,523,992,1921,Harding
819,523,992,1921,Harding
820,523,992,1921,Harding
821,524,992,1921,Harding
822,524,992,1921,Harding
823,525,992,1921,Harding
824,526,992,1921,Harding
825,526,992,1921,Harding
826,526,992,1921,Harding
827,527,992,1921,Harding
828,527,992,1921,Harding
829,527,992,1921,Harding
830,528,992,1921,Harding
831,528,992,1921,Harding
832,529,992,1921,Harding
833,530,992,1921,Harding
834,530,992,1921,Harding
835,530,992,1921,Harding
836,530,992,1921,Harding
837,531,992,1921,Harding
838,531,992,1921,Harding
839,532,992,1921,Harding
840,532,992,1921,Harding
841,533,992,1921,Harding
842,534,992,1921,Harding
843,535,992,1921,Harding
844,535,992,1921,Harding
845,536,992,1921,Harding
846,537,992,1921,Harding
847,537,992,1921,Harding
848,537,992,1921,Harding
849,538,992,1921,Harding
850,538,992,1921,Harding
851,539,992,1921,Harding
852,539,992,1921,Harding
853,539,992,1921,Harding
854,540,992,1921,Harding
855,541,992,1921,Harding
856,542,992,1921,Harding
857,542,992,1921,Harding
858,542,992,1921,Harding
859,542,992,1921,Harding
860,542,992,1921,Harding
861,542,992,1921,Harding
862,542,992,1921,Harding
863,542,992,1921,Harding
864,543,992,1921,Harding
865,544,992,1921,Harding
866,544,992,1921,Harding
867,544,992,1921,Harding
868,545,992,1921,Harding
869,545,992,1921,Harding
870,546,992,1921,Harding
871,546,992,1921,Harding
872,546,992,1921,Harding
873,547,992,1921,Harding
874,548,992,1921,Harding
875,549,992,1921,Harding
876,549,992,1921,Harding
877,550,992,1921,Harding
878,551,992,1921,Harding
879,551,992,1921,Harding
880,551,992,1921,Harding
881,551,992,1921,Harding
882,551,992,1921,Harding
883,552,992,1921,Harding
884,552,992,1921,Harding
885,553,992,1921,Harding
886,553,992,1921,Harding
887,553,992,1921,Harding
888,554,992,1921,Harding
889,554,992,1921,Harding
890,554,992,1921,Harding
891,554,992,1921,Harding
892,555,992,1921,Harding
893,556,992,1921,Harding
894,557,992,1921,Harding
895,558,992,1921,Harding
896,559,992,1921,Harding
897,560,992,1921,Harding
898,560,992,1921,Harding
899,561,992,1921,Harding
900,562,992,1921,Harding
901,563,992,1921,Harding
902,563,992,1921,Harding
903,564,992,1921,Harding
904,564,992,1921,Harding
905,565,992,1921,Harding
906,566,992,1921,Harding
907,567,992,1921,Harding
908,568,992,1921,Harding
909,568,992,1921,Harding
910,568,992,1921,Harding
911,569,992,1921,Harding
912,570,992,1921,Harding
913,571,992,1921,Harding
914,572,992,1921,Harding
915,573,992,1921,Harding
916,574,992,1921,Harding
917,575,992,1921,Harding
918,576,992,1921,Harding
919,576,992,1921,Harding
920,577,992,1921,Harding
921,578,992,1921,Harding
922,579,992,1921,Harding
923,580,992,1921,Harding
924,580,992,1921,Harding
925,581,992,1921,Harding
926,581,992,1921,Harding
927,582,992,1921,Harding
928,582,992,1921,Harding
929,582,992,1921,Harding
930,583,992,1921,Harding
931,584,992,1921,Harding
932,584,992,1921,Harding
933,585,992,1921,Harding
934,585,992,1921,Harding
935,585,992,1921,Harding
936,585,992,1921,Harding
937,585,992,1921,Harding
938,585,992,1921,Harding
939,585,992,1921,Harding
940,585,992,1921,Harding
941,586,992,1921,Harding
942,586,992,1921,Harding
943,586,992,1921,Harding
944,587,992,1921,Harding
945,588,992,1921,Harding
946,589,992,1921,Harding
947,590,992,1921,Harding
948,591,992,1921,Harding
949,591,992,1921,Harding
950,592,992,1921,Harding
951,593,992,1921,Harding
952,594,992,1921,Harding
953,595,992,1921,Harding
954,595,992,1921,Harding
955,596,992,1921,Harding
956,597,992,1921,Harding
957,598,992,1921,Harding
958,598,992,1921,Harding
959,598,992,1921,Harding
960,598,992,1921,Harding
961,599,992,1921,Harding
962,599,992,1921,Harding
963,599,992,1921,Harding
964,599,992,1921,Harding
965,600,992,1921,Harding
966,601,992,1921,Harding
967,601,992,1921,Harding
968,602,992,1921,Harding
969,603,992,1921,Harding
970,603,992,1921,Harding
971,604,992,1921,Harding
972,605,992,1921,Harding
973,605,992,1921,Harding
974,605,992,1921,Harding
975,606,992,1921,Harding
976,606,992,1921,Harding
977,607,992,1921,Harding
978,607,992,1921,Harding
979,607,992,1921,Harding
980,607,992,1921,Harding
981,608,992,1921,Harding
982,609,992,1921,Harding
983,610,992,1921,Harding
984,611,992,1921,Harding
985,612,992,1921,Harding
986,612,992,1921,Harding
987,613,992,1921,Harding
988,613,992,1921,Harding
989,614,992,1921,Harding
990,614,992,1921,Harding
991,614,992,1921,Harding
992,615,992,1921,Harding
993,616,992,1921,Harding
994,616,992,1921,Harding
995,617,992,1921,Harding
996,618,992,1921,Harding
997,618,992,1921,Harding
998,619,992,1921,Harding
999,619,992,1921,Harding
1000,620,992,1921,Harding
1001,621,992,1921,Harding
1002,622,992,1921,Harding
1003,623,992,1921,Harding
1004,623,992,1921,Harding
1005,624,992,1921,Harding
1006,624,992,1921,Harding
1007,624,992,1921,Harding
1008,624,992,1921,Harding
1009,625,992,1921,Harding
1010,625,992,1921,Harding
1011,626,992,1921,Harding
1012,626,992,1921,Harding
1013,627,992,1921,Harding
1014,627,992,1921,Harding
1015,627,992,1921,Harding
1016,627,992,1921,Harding
1017,628,992,1921,Harding
1018,628,992,1921,Harding
1019,629,992,1921,Harding
1020,630,992,1921,Harding
1021,631,992,1921,Harding
1022,632,992,1921,Harding
1023,632,992,1921,Harding
1024,632,992,1921,Harding
1025,633,992,1921,Harding
1026,633,992,1921,Harding
1027,634,992,1921,Harding
1028,635,992,1921,Harding
1029,635,992,1921,Harding
1030,636,992,1921,Harding
1031,637,992,1921,Harding
1032,638,992,1921,Harding
1033,639,992,1921,Harding
1034,639,992,1921,Harding
1035,640,992,1921,Harding
1036,640,992,1921,Harding
1037,640,992,1921,Harding
1038,641,992,1921,Harding
1039,641,992,1921,Harding
1040,642,992,1921,Harding
1041,643,992,1921,Harding
1042,643,992,1921,Harding
1043,644,992,1921,Harding
1044,644,992,1921,Harding
1045,645,992,1921,Harding
1046,645,992,1921,Harding
1047,645,992,1921,Harding
1048,646,992,1921,Harding
1049,647,992,1921,Harding
1050,647,992,1921,Harding
1051,648,992,1921,Harding
1052,649,992,1921,Harding
1053,650,992,1921,Harding
1054,651,992,1921,Harding
1055,652,992,1921,Harding
1056,652,992,1921,Harding
1057,653,992,1921,Harding
1058,653,992,1921,Harding
1059,654,992,1921,Harding
1060,655,992,1921,Harding
1061,656,992,1921,Harding
1062,656,992,1921,Harding
1063,656,992,1921,Harding
1064,657,992,1921,Harding
1065,658,992,1921,Harding
1066,659,992,1921,Harding
1067,660,992,1921,Harding
1068,661,992,1921,Harding
1069,662,992,1921,Harding
1070,663,992,1921,Harding
1071,664,992,1921,Harding
1072,665,992,1921,Harding
1073,665,992,1921,Harding
1074,665,992,1921,Harding
1075,665,992,1921,Harding
1076,665,992,1921,Harding
1077,666,992,1921,Harding
1078,667,992,1921,Harding
1079,667,992,1921,Harding
1080,667,992,1921,Harding
1081,667,992,1921,Harding
1082,667,992,1921,Harding
1083,667,992,1921,Harding
1084,667,992,1921,Harding
1085,667,992,1921,Harding
1086,668,992,1921,Harding
1087,669,992,1921,Harding
1088,670,992,1921,Harding
1089,670,992,1921,Harding
1090,670,992,1921,Harding
1091,670,992,1921,Harding
1092,670,992,1921,Harding
1093,670,992,1921,Harding
1094,670,992,1921,Harding
1095,670,992,1921,Harding
1096,671,992,1921,Harding
1097,672,992,1921,Harding
1098,672,992,1921,Harding
1099,673,992,1921,Harding
1100,674,992,1921,Harding
1101,675,992,1921,Harding
1102,676,992,1921,Harding
1103,676,992,1921,Harding
1104,677,992,1921,Harding
1105,677,992,1921,Harding
1106,677,992,1921,Harding
1107,677,992,1921,Harding
1108,677,992,1921,Harding
1109,678,992,1921,Harding
1110,679,992,1921,Harding
1111,680,992,1921,Harding
1112,681,992,1921,Harding
1113,682,992,1921,Harding
1114,683,992,1921,Harding
1115,684,992,1921,Harding
1116,685,992,1921,Harding
1117,685,992,1921,Harding
1118,685,992,1921,Harding
1119,685,992,1921,Harding
1120,685,992,1921,Harding
1121,686,992,1921,Harding
1122,687,992,1921,Harding
1123,688,992,1921,Harding
1124,688,992,1921,Harding
1125,688,992,1921,Harding
1126,688,992,1921,Harding
1127,688,992,1921,Harding
1128,689,992,1921,Harding
1129,689,992,1921,Harding
1130,690,992,1921,Harding
1131,691,992,1921,Harding
1132,691,992,1921,Harding
1133,692,992,1921,Harding
1134,693,992,1921,Harding
1135,693,992,1921,Harding
1136,694,992,1921,Harding
1137,695,992,1921,Harding
1138,695,992,1921,Harding
1139,695,992,1921,Harding
1140,695,992,1921,Harding
1141,695,992,1921,Harding
1142,695,992,1921,Harding
1143,696,992,1921,Harding
1144,696,992,1921,Harding
1145,697,992,1921,Harding
1146,698,992,1921,Harding
1147,698,992,1921,Harding
1148,699,992,1921,Harding
1149,699,992,1921,Harding
1150,699,992,1921,Harding
1151,699,992,1921,Harding
1152,699,992,1921,Harding
1153,700,992,1921,Harding
1154,700,992,1921,Harding
1155,700,992,1921,Harding
1156,701,992,1921,Harding
1157,702,992,1921,Harding
1158,703,992,1921,Harding
1159,703,992,1921,Harding
1160,703,992,1921,Harding
1161,704,992,1921,Harding
1162,704,992,1921,Harding
1163,704,992,1921,Harding
1164,704,992,1921,Harding
1165,705,992,1921,Harding
1166,706,992,1921,Harding
1167,707,992,1921,Harding
1168,707,992,1921,Harding
1169,707,992,1921,Harding
1170,707,992,1921,Harding
1171,708,992,1921,Harding
1172,709,992,1921,Harding
1173,709,992,1921,Harding
1174,710,992,1921,Harding
1175,711,992,1921,Harding
1176,711,992,1921,Harding
1177,712,992,1921,Harding
1178,712,992,1921,Harding
1179,713,992,1921,Harding
1180,713,992,1921,Harding
1181,714,992,1921,Harding
1182,715,992,1921,Harding
1183,715,992,1921,Harding
1184,715,992,1921,Harding
1185,715,992,1921,Harding
1186,716,992,1921,Harding
1187,716,992,1921,Harding
1188,716,992,1921,Harding
1189,716,992,1921,Harding
1190,716,992,1921,Harding
1191,716,992,1921,Harding
1192,717,992,1921,Harding
1193,717,992,1921,Harding
1194,718,992,1921,Harding
1195,718,992,1921,Harding
1196,718,992,1921,Harding
1197,719,992,1921,Harding
1198,719,992,1921,Harding
1199,720,992,1921,Harding
1200,720,992,1921,Harding
1201,721,992,1921,Harding
1202,721,992,1921,Harding
1203,721,992,1921,Harding
1204,722,992,1921,Harding
1205,722,992,1921,Harding
1206,722,992,1921,Harding
1207,723,992,1921,Harding
1208,723,992,1921,Harding
1209,723,992,1921,Harding
1210,723,992,1921,Harding
1211,724,992,1921,Harding
1212,725,992,1921,Harding
1213,726,992,1921,Harding
1214,727,992,1921,Harding
1215,727,992,1921,Harding
1216,727,992,1921,Harding
1217,727,992,1921,Harding
1218,728,992,1921,Harding
1219,729,992,1921,Harding
1220,729,992,1921,Harding
1221,729,992,1921,Harding
1222,730,992,1921,Harding
1223,730,992,1921,Harding
1224,731,992,1921,Harding
1225,732,992,1921,Harding
1226,733,992,1921,Harding
1227,734,992,1921,Harding
1228,735,992,1921,Harding
1229,735,992,1921,Harding
1230,735,992,1921,Harding
1231,736,992,1921,Harding
1232,736,992,1921,Harding
1233,736,992,1921,Harding
1234,736,992,1921,Harding
1235,736,992,1921,Harding
1236,736,992,1921,Harding
1237,736,992,1921,Harding
1238,736,992,1921,Harding
1239,737,992,1921,Harding
1240,737,992,1921,Harding
1241,738,992,1921,Harding
1242,739,992,1921,Harding
1243,739,992,1921,Harding
1244,740,992,1921,Harding
1245,740,992,1921,Harding
1246,740,992,1921,Harding
1247,740,992,1921,Harding
1248,740,992,1921,Harding
1249,740,992,1921,Harding
1250,741,992,1921,Harding
1251,741,992,1921,Harding
1252,742,992,1921,Harding
1253,742,992,1921,Harding
1254,742,992,1921,Harding
1255,742,992,1921,Harding
1256,742,992,1921,Harding
1257,743,992,1921,Harding
1258,744,992,1921,Harding
1259,744,992,1921,Harding
1260,744,992,1921,Harding
1261,744,992,1921,Harding
1262,745,992,1921,Harding
1263,745,992,1921,Harding
1264,746,992,1921,Harding
1265,747,992,1921,Harding
1266,748,992,1921,Harding
1267,749,992,1921,Harding
1268,750,992,1921,Harding
1269,750,992,1921,Harding
1270,750,992,1921,Harding
1271,750,992,1921,Harding
1272,750,992,1921,Harding
1273,750,992,1921,Harding
1274,750,992,1921,Harding
1275,750,992,1921,Harding
1276,751,992,1921,Harding
1277,752,992,1921,Harding
1278,752,992,1921,Harding
1279,752,992,1921,Harding
1280,753,992,1921,Harding
1281,754,992,1921,Harding
1282,754,992,1921,Harding
1283,754,992,1921,Harding
1284,754,992,1921,Harding
1285,754,992,1921,Harding
1286,754,992,1921,Harding
1287,754,992,1921,Harding
1288,755,992,1921,Harding
1289,755,992,1921,Harding
1290,756,992,1921,Harding
1291,756,992,1921,Harding
1292,757,992,1921,Harding
1293,758,992,1921,Harding
1294,758,992,1921,Harding
1295,758,992,1921,Harding
1296,759,992,1921,Harding
1297,759,992,1921,Harding
1298,760,992,1921,Harding
1299,761,992,1921,Harding
1300,762,992,1921,Harding
1301,763,992,1921,Harding
1302,763,992,1921,Harding
1303,763,992,1921,Harding
1304,764,992,1921,Harding
1305,764,992,1921,Harding
1306,764,992,1921,Harding
1307,764,992,1921,Harding
1308,764,992,1921,Harding
1309,764,992,1921,Harding
1310,765,992,1921,Harding
1311,765,992,1921,Harding
1312,766,992,1921,Harding
1313,766,992,1921,Harding
1314,766,992,1921,Harding
1315,766,992,1921,Harding
1316,766,992,1921,Harding
1317,766,992,1921,Harding
1318,767,992,1921,Harding
1319,768,992,1921,Harding
1320,768,992,1921,Harding
1321,768,992,1921,Harding
1322,768,992,1921,Harding
1323,769,992,1921,Harding
1324,770,992,1921,Harding
1325,771,992,1921,Harding
1326,771,992,1921,Harding
1327,771,992,1921,Harding
1328,771,992,1921,Harding
1329,772,992,1921,Harding
1330,773,992,1921,Harding
1331,773,992,1921,Harding
1332,773,992,1921,Harding
1333,774,992,1921,Harding
1334,774,992,1921,Harding
1335,775,992,1921,Harding
1336,776,992,1921,Harding
1337,776,992,1921,Harding
1338,776,992,1921,Harding
1339,776,992,1921,Harding
1340,776,992,1921,Harding
1341,777,992,1921,Harding
1342,778,992,1921,Harding
1343,779,992,1921,Harding
1344,780,992,1921,Harding
1345,780,992,1921,Harding
1346,781,992,1921,Harding
1347,781,992,1921,Harding
1348,781,992,1921,Harding
1349,782,992,1921,Harding
1350,783,992,1921,Harding
1351,784,992,1921,Harding
1352,784,992,1921,Harding
1353,785,992,1921,Harding
1354,785,992,1921,Harding
1355,785,992,1921,Harding
1356,786,992,1921,Harding
1357,787,992,1921,Harding
1358,787,992,1921,Harding
1359,787,992,1921,Harding
1360,788,992,1921,Harding
1361,788,992,1921,Harding
1362,789,992,1921,Harding
1363,789,992,1921,Harding
1364,789,992,1921,Harding
1365,789,992,1921,Harding
1366,789,992,1921,Harding
1367,789,992,1921,Harding
1368,790,992,1921,Harding
1369,790,992,1921,Harding
1370,790,992,1921,Harding
1371,790,992,1921,Harding
1372,790,992,1921,Harding
1373,790,992,1921,Harding
1374,790,992,1921,Harding
1375,790,992,1921,Harding
1376,790,992,1921,Harding
1377,790,992,1921,Harding
1378,791,992,1921,Harding
1379,791,992,1921,Harding
1380,791,992,1921,Harding
1381,791,992,1921,Harding
1382,791,992,1921,Harding
1383,792,992,1921,Harding
1384,793,992,1921,Harding
1385,793,992,1921,Harding
1386,793,992,1921,Harding
1387,793,992,1921,Harding
1388,794,992,1921,Harding
1389,794,992,1921,Harding
1390,794,992,1921,Harding
1391,795,992,1921,Harding
1392,795,992,1921,Harding
1393,795,992,1921,Harding
1394,795,992,1921,Harding
1395,795,992,1921,Harding
1396,796,992,1921,Harding
1397,797,992,1921,Harding
1398,798,992,1921,Harding
1399,798,992,1921,Harding
1400,799,992,1921,Harding
1401,800,992,1921,Harding
1402,801,992,1921,Harding
1403,801,992,1921,Harding
1404,801,992,1921,Harding
1405,801,992,1921,Harding
1406,802,992,1921,Harding
1407,802,992,1921,Harding
1408,802,992,1921,Harding
1409,803,992,1921,Harding
1410,804,992,1921,Harding
1411,804,992,1921,Harding
1412,805,992,1921,Harding
1413,806,992,1921,Harding
1414,806,992,1921,Harding
1415,806,992,1921,Harding
1416,806,992,1921,Harding
1417,807,992,1921,Harding
1418,807,992,1921,Harding
1419,807,992,1921,Harding
1420,808,992,1921,Harding
1421,808,992,1921,Harding
1422,809,992,1921,Harding
1423,810,992,1921,Harding
1424,811,992,1921,Harding
1425,811,992,1921,Harding
1426,812,992,1921,Harding
1427,813,992,1921,Harding
1428,813,992,1921,Harding
1429,813,992,1921,Harding
1430,814,992,1921,Harding
1431,815,992,1921,Harding
1432,815,992,1921,Harding
1433,815,992,1921,Harding
1434,816,992,1921,Harding
1435,817,992,1921,Harding
1436,817,992,1921,Harding
1437,817,992,1921,Harding
1438,817,992,1921,Harding
1439,818,992,1921,Harding
1440,818,992,1921,Harding
1441,818,992,1921,Harding
1442,818,992,1921,Harding
1443,818,992,1921,Harding
1444,818,992,1921,Harding
1445,819,992,1921,Harding
1446,820,992,1921,Harding
1447,820,992,1921,Harding
1448,820,992,1921,Harding
1449,821,992,1921,Harding
1450,822,992,1921,Harding
1451,823,992,1921,Harding
1452,824,992,1921,Harding
1453,825,992,1921,Harding
1454,825,992,1921,Harding
1455,826,992,1921,Harding
1456,826,992,1921,Harding
1457,827,992,1921,Harding
1458,828,992,1921,Harding
1459,828,992,1921,Harding
1460,828,992,1921,Harding
1461,828,992,1921,Harding
1462,829,992,1921,Harding
1463,830,992,1921,Harding
1464,831,992,1921,Harding
1465,831,992,1921,Harding
1466,832,992,1921,Harding
1467,833,992,1921,Harding
1468,834,992,1921,Harding
1469,835,992,1921,Harding
1470,836,992,1921,Harding
1471,836,992,1921,Harding
1472,836,992,1921,Harding
1473,836,992,1921,Harding
1474,836,992,1921,Harding
1475,837,992,1921,Harding
1476,838,992,1921,Harding
1477,838,992,1921,Harding
1478,839,992,1921,Harding
1479,840,992,1921,Harding
1480,841,992,1921,Harding
1481,842,992,1921,Harding
1482,842,992,1921,Harding
1483,842,992,1921,Harding
1484,842,992,1921,Harding
1485,842,992,1921,Harding
1486,842,992,1921,Harding
1487,842,992,1921,Harding
1488,843,992,1921,Harding
1489,843,992,1921,Harding
1490,844,992,1921,Harding
1491,844,992,1921,Harding
1492,844,992,1921,Harding
1493,844,992,1921,Harding
1494,844,992,1921,Harding
1495,844,992,1921,Harding
1496,844,992,1921,Harding
1497,844,992,1921,Harding
1498,845,992,1921,Harding
1499,846,992,1921,Harding
1500,846,992,1921,Harding
1501,846,992,1921,Harding
1502,847,992,1921,Harding
1503,847,992,1921,Harding
1504,847,992,1921,Harding
1505,847,992,1921,Harding
1506,847,992,1921,Harding
1507,847,992,1921,Harding
1508,847,992,1921,Harding
1509,847,992,1921,Harding
1510,847,992,1921,Harding
1511,848,992,1921,Harding
1512,849,992,1921,Harding
1513,849,992,1921,Harding
1514,849,992,1921,Harding
1515,850,992,1921,Harding
1516,851,992,1921,Harding
1517,851,992,1921,Harding
1518,852,992,1921,Harding
1519,853,992,1921,Harding
1520,853,992,1921,Harding
1521,853,992,1921,Harding
1522,853,992,1921,Harding
1523,853,992,1921,Harding
1524,854,992,1921,Harding
1525,854,992,1921,Harding
1526,854,992,1921,Harding
1527,854,992,1921,Harding
1528,855,992,1921,Harding
1529,855,992,1921,Harding
1530,856,992,1921,Harding
1531,856,992,1921,Harding
1532,857,992,1921,Harding
1533,857,992,1921,Harding
1534,857,992,1921,Harding
1535,857,992,1921,Harding
1536,858,992,1921,Harding
1537,859,992,1921,Harding
1538,859,992,1921,Harding
1539,860,992,1921,Harding
1540,861,992,1921,Harding
1541,861,992,1921,Harding
1542,861,992,1921,Harding
1543,861,992,1921,Harding
1544,862,992,1921,Harding
1545,862,992,1921,Harding
1546,863,992,1921,Harding
1547,864,992,1921,Harding
1548,864,992,1921,Harding
1549,864,992,1921,Harding
1550,864,992,1921,Harding
1551,864,992,1921,Harding
1552,864,992,1921,Harding
1553,864,992,1921,Harding
1554,864,992,1921,Harding
1555,864,992,1921,Harding
1556,864,992,1921,Harding
1557,865,992,1921,Harding
1558,866,992,1921,Harding
1559,866,992,1921,Harding
1560,867,992,1921,Harding
1561,868,992,1921,Harding
1562,869,992,1921,Harding
1563,870,992,1921,Harding
1564,870,992,1921,Harding
1565,870,992,1921,Harding
1566,871,992,1921,Harding
1567,871,992,1921,Harding
1568,871,992,1921,Harding
1569,871,992,1921,Harding
1570,871,992,1921,Harding
1571,872,992,1921,Harding
1572,872,992,1921,Harding
1573,873,992,1921,Harding
1574,873,992,1921,Harding
1575,874,992,1921,Harding
1576,874,992,1921,Harding
1577,874,992,1921,Harding
1578,875,992,1921,Harding
1579,876,992,1921,Harding
1580,876,992,1921,Harding
1581,876,992,1921,Harding
1582,877,992,1921,Harding
1583,878,992,1921,Harding
1584,878,992,1921,Harding
1585,879,992,1921,Harding
1586,880,992,1921,Harding
1587,881,992,1921,Harding
1588,881,992,1921,Harding
1589,882,992,1921,Harding
1590,883,992,1921,Harding
1591,883,992,1921,Harding
1592,883,992,1921,Harding
1593,883,992,1921,Harding
1594,883,992,1921,Harding
1595,883,992,1921,Harding
1596,884,992,1921,Harding
1597,885,992,1921,Harding
1598,885,992,1921,Harding
1599,885,992,1921,Harding
1600,886,992,1921,Harding
1601,887,992,1921,Harding
1602,888,992,1921,Harding
1603,889,992,1921,Harding
1604,890,992,1921,Harding
1605,890,992,1921,Harding
1606,890,992,1921,Harding
1607,890,992,1921,Harding
1608,890,992,1921,Harding
1609,891,992,1921,Harding
1610,891,992,1921,Harding
1611,892,992,1921,Harding
1612,893,992,1921,Harding
1613,894,992,1921,Harding
1614,894,992,1921,Harding
1615,894,992,1921,Harding
1616,894,992,1921,Harding
1617,894,992,1921,Harding
1618,895,992,1921,Harding
1619,896,992,1921,Harding
1620,896,992,1921,Harding
1621,897,992,1921,Harding
1622,897,992,1921,Harding
1623,897,992,1921,Harding
1624,897,992,1921,Harding
1625,897,992,1921,Harding
1626,898,992,1921,Harding
1627,898,992,1921,Harding
1628,899,992,1921,Harding
1629,900,992,1921,Harding
1630,901,992,1921,Harding
1631,901,992,1921,Harding
1632,901,992,1921,Harding
1633,901,992,1921,Harding
1634,902,992,1921,Harding
1635,903,992,1921,Harding
1636,904,992,1921,Harding
1637,904,992,1921,Harding
1638,905,992,1921,Harding
1639,906,992,1921,Harding
1640,907,992,1921,Harding
1641,907,992,1921,Harding
1642,907,992,1921,Harding
1643,907,992,1921,Harding
1644,907,992,1921,Harding
1645,908,992,1921,Harding
1646,908,992,1921,Harding
1647,909,992,1921,Harding
1648,910,992,1921,Harding
1649,910,992,1921,Harding
1650,911,992,1921,Harding
1651,911,992,1921,Harding
1652,912,992,1921,Harding
1653,912,992,1921,Harding
1654,913,992,1921,Harding
1655,913,992,1921,Harding
1656,913,992,1921,Harding
1657,914,992,1921,Harding
1658,915,992,1921,Harding
1659,915,992,1921,Harding
1660,915,992,1921,Harding
1661,915,992,1921,Harding
1662,916,992,1921,Harding
1663,916,992,1921,Harding
1664,916,992,1921,Harding
1665,917,992,1921,Harding
1666,918,992,1921,Harding
1667,919,992,1921,Harding
1668,919,992,1921,Harding
1669,919,992,1921,Harding
1670,919,992,1921,Harding
1671,919,992,1921,Harding
1672,920,992,1921,Harding
1673,921,992,1921,Harding
1674,921,992,1921,Harding
1675,921,992,1921,Harding
1676,922,992,1921,Harding
1677,922,992,1921,Harding
1678,922,992,1921,Harding
1679,922,992,1921,Harding
1680,923,992,1921,Harding
1681,924,992,1921,Harding
1682,925,992,1921,Harding
1683,925,992,1921,Harding
1684,926,992,1921,Harding
1685,927,992,1921,Harding
1686,927,992,1921,Harding
1687,927,992,1921,Harding
1688,927,992,1921,Harding
1689,927,992,1921,Harding
1690,927,992,1921,Harding
1691,927,992,1921,Harding
1692,927,992,1921,Harding
1693,928,992,1921,Harding
1694,929,992,1921,Harding
1695,930,992,1921,Harding
1696,930,992,1921,Harding
1697,931,992,1921,Harding
1698,931,992,1921,Harding
1699,931,992,1921,Harding
1700,932,992,1921,Harding
1701,933,992,1921,Harding
1702,934,992,1921,Harding
1703,935,992,1921,Harding
1704,936,992,1921,Harding
1705,937,992,1921,Harding
1706,937,992,1921,Harding
1707,937,992,1921,Harding
1708,937,992,1921,Harding
1709,938,992,1921,Harding
1710,938,992,1921,Harding
1711,938,992,1921,Harding
1712,938,992,1921,Harding
1713,938,992,1921,Harding
1714,939,992,1921,Harding
1715,939,992,1921,Harding
1716,939,992,1921,Harding
1717,939,992,1921,Harding
1718,939,992,1921,Harding
1719,939,992,1921,Harding
1720,939,992,1921,Harding
1721,939,992,1921,Harding
1722,939,992,1921,Harding
1723,940,992,1921,Harding
1724,940,992,1921,Harding
1725,940,992,1921,Harding
1726,941,992,1921,Harding
1727,942,992,1921,Harding
1728,943,992,1921,Harding
1729,944,992,1921,Harding
1730,944,992,1921,Harding
1731,944,992,1921,Harding
1732,945,992,1921,Harding
1733,945,992,1921,Harding
1734,946,992,1921,Harding
1735,946,992,1921,Harding
1736,946,992,1921,Harding
1737,946,992,1921,Harding
1738,947,992,1921,Harding
1739,947,992,1921,Harding
1740,947,992,1921,Harding
1741,947,992,1921,Harding
1742,947,992,1921,Harding
1743,948,992,1921,Harding
1744,948,992,1921,Harding
1745,948,992,1921,Harding
1746,948,992,1921,Harding
1747,948,992,1921,Harding
1748,948,992,1921,Harding
1749,948,992,1921,Harding
1750,949,992,1921,Harding
1751,950,992,1921,Harding
1752,950,992,1921,Harding
1753,950,992,1921,Harding
1754,950,992,1921,Harding
1755,950,992,1921,Harding
1756,950,992,1921,Harding
1757,951,992,1921,Harding
1758,951,992,1921,Harding
1759,951,992,1921,Harding
1760,951,992,1921,Harding
1761,951,992,1921,Harding
1762,952,992,1921,Harding
1763,952,992,1921,Harding
1764,953,992,1921,Harding
1765,954,992,1921,Harding
1766,954,992,1921,Harding
1767,954,992,1921,Harding
1768,955,992,1921,Harding
1769,955,992,1921,Harding
1770,955,992,1921,Harding
1771,955,992,1921,Harding
1772,955,992,1921,Harding
1773,956,992,1921,Harding
1774,957,992,1921,Harding
1775,957,992,1921,Harding
1776,958,992,1921,Harding
1777,958,992,1921,Harding
1778,958,992,1921,Harding
1779,958,992,1921,Harding
1780,959,992,1921,Harding
1781,959,992,1921,Harding
1782,959,992,1921,Harding
1783,960,992,1921,Harding
1784,961,992,1921,Harding
1785,961,992,1921,Harding
1786,961,992,1921,Harding
1787,962,992,1921,Harding
1788,962,992,1921,Harding
1789,963,992,1921,Harding
1790,963,992,1921,Harding
1791,963,992,1921,Harding
1792,963,992,1921,Harding
1793,963,992,1921,Harding
1794,964,992,1921,Harding
1795,964,992,1921,Harding
1796,964,992,1921,Harding
1797,964,992,1921,Harding
1798,965,992,1921,Harding
1799,966,992,1921,Harding
1800,966,992,1921,Harding
1801,966,992,1921,Harding
1802,966,992,1921,Harding
1803,967,992,1921,Harding
1804,968,992,1921,Harding
1805,968,992,1921,Harding
1806,969,992,1921,Harding
1807,969,992,1921,Harding
1808,970,992,1921,Harding
1809,970,992,1921,Harding
1810,971,992,1921,Harding
1811,971,992,1921,Harding
1812,972,992,1921,Harding
1813,973,992,1921,Harding
1814,973,992,1921,Harding
1815,973,992,1921,Harding
1816,974,992,1921,Harding
1817,974,992,1921,Harding
1818,974,992,1921,Harding
1819,974,992,1921,Harding
1820,974,992,1921,Harding
1821,975,992,1921,Harding
1822,976,992,1921,Harding
1823,977,992,1921,Harding
1824,978,992,1921,Harding
1825,979,992,1921,Harding
1826,980,992,1921,Harding
1827,981,992,1921,Harding
1828,981,992,1921,Harding
1829,982,992,1921,Harding
1830,983,992,1921,Harding
1831,984,992,1921,Harding
1832,985,992,1921,Harding
1833,985,992,1921,Harding
1834,986,992,1921,Harding
1835,986,992,1921,Harding
1836,987,992,1921,Harding
1837,988,992,1921,Harding
1838,989,992,1921,Harding
1839,990,992,1921,Harding
1840,991,992,1921,Harding
1841,991,992,1921,Harding
1842,991,992,1921,Harding
1843,991,992,1921,Harding
1844,992,992,1921,Harding
1845,992,992,1921,Harding
1846,992,992,1921,Harding
