0,1,884,1929,Hoover
1,2,884,1929,Hoover
2,3,884,1929,Hoover
3,4,884,1929,Hoover
4,5,884,1929,Hoover
5,6,884,1929,Hoover
6,7,884,1929,Hoover
7,8,884,1929,Hoover
8,9,884,1929,Hoover
9,10,884,1929,Hoover
10,11,884,1929,Hoover
11,12,884,1929,Hoover
12,13,884,1929,Hoover
13,14,884,1929,Hoover
14,15,884,1929,Hoover
15,16,884,1929,Hoover
16,17,884,1929,Hoover
17,18,884,1929,Hoover
18,19,884,1929,Hoover
19,20,884,1929,Hoover
20,21,884,1929,Hoover
21,22,884,1929,Hoover
22,23,884,1929,Hoover
23,24,884,1929,Hoover
24,25,884,1929,Hoover
25,26,884,1929,Hoover
26,27,884,1929,Hoover
27,27,884,1929,Hoover
28,28,884,1929,Hoover
29,29,884,1929,Hoover
30,30,884,1929,Hoover
31,31,884,1929,Hoover
32,32,884,1929,Hoover
33,32,884,1929,Hoover
34,33,884,1929,Hoover
35,34,884,1929,Hoover
36,35,884,1929,Hoover
37,36,884,1929,Hoover
38,36,884,1929,Hoover
39,37,884,1929,Hoover
40,38,884,1929,Hoover
41,39,884,1929,Hoover
42,40,884,1929,Hoover
43,40,884,1929,Hoover
44,41,884,1929,Hoover
45,42,884,1929,Hoover
46,43,884,1929,Hoover
47,44,884,1929,Hoover
48,45,884,1929,Hoover
49,46,884,1929,Hoover
50,47,884,1929,Hoover
51,48,884,1929,Hoover
52,49,884,1929,Hoover
53,50,884,1929,Hoover
54,51,884,1929,Hoover
55,52,884,1929,Hoover
56,53,884,1929,Hoover
57,54,884,1929,Hoover
58,55,884,1929,Hoover
59,56,884,1929,Hoover
60,56,884,1929,Hoover
61,57,884,1929,Hoover
62,58,884,1929,Hoover
63,59,884,1929,Hoover
64,60,884,1929,Hoover
65,61,884,1929,Hoover
66,62,884,1929,Hoover
67,63,884,1929,Hoover
68,64,884,1929,Hoover
69,65,884,1929,Hoover
70,66,884,1929,Hoover
71,67,884,1929,Hoover
72,68,884,1929,Hoover
73,69,884,1929,Hoover
74,69,884,1929,Hoover
75,70,884,1929,Hoover
76,71,884,1929,Hoover
77,71,884,1929,Hoover
78,72,884,1929,Hoover
79,73,884,1929,Hoover
80,74,884,1929,Hoover
81,75,884,1929,Hoover
82,76,884,1929,Hoover
83,77,884,1929,Hoover
84,77,884,1929,Hoover
85,78,884,1929,Hoover
86,79,884,1929,Hoover
87,80,884,1929,Hoover
88,80,884,1929,Hoover
89,81,884,1929,Hoover
90,82,884,1929,Hoover
91,83,884,1929,Hoover
92,84,884,1929,Hoover
93,85,884,1929,Hoover
94,86,884,1929,Hoover
95,87,884,1929,Hoover
96,88,884,1929,Hoover
97,88,884,1929,Hoover
98,89,884,1929,Hoover
99,89,884,1929,Hoover
100,89,884,1929,Hoover
101,90,884,1929,Hoover
102,91,884,1929,Hoover
103,92,884,1929,Hoover
104,93,884,1929,Hoover
105,93,884,1929,Hoover
106,93,884,1929,Hoover
107,93,884,1929,Hoover
108,94,884,1929,Hoover
109,95,884,1929,Hoover
110,95,884,1929,Hoover
111,96,884,1929,Hoover
112,97,884,1929,Hoover
113,97,884,1929,Hoover
114,98,884,1929,Hoover
115,99,884,1929,Hoover
116,100,884,1929,Hoover
117,100,884,1929,Hoover
118,101,884,1929,Hoover
119,102,884,1929,Hoover
120,103,884,1929,Hoover
121,104,884,1929,Hoover
122,104,884,1929,Hoover
123,105,884,1929,Hoover
124,105,884,1929,Hoover
125,106,884,1929,Hoover
126,106,884,1929,Hoover
127,107,884,1929,Hoover
128,108,884,1929,Hoover
129,109,884,1929,Hoover
130,109,884,1929,Hoover
131,110,884,1929,Hoover
132,111,884,1929,Hoover
133,111,884,1929,Hoover
134,111,884,1929,Hoover
135,111,884,1929,Hoover
136,112,884,1929,Hoover
137,113,884,1929,Hoover
138,113,884,1929,Hoover
139,113,884,1929,Hoover
140,114,884,1929,Hoover
141,115,884,1929,Hoover
142,116,884,1929,Hoover
143,117,884,1929,Hoover
144,118,884,1929,Hoover
145,119,884,1929,Hoover
146,120,884,1929,Hoover
147,121,884,1929,Hoover
148,122,884,1929,Hoover
149,123,884,1929,Hoover
150,124,884,1929,Hoover
151,125,884,1929,Hoover
152,125,884,1929,Hoover
153,125,884,1929,Hoover
154,126,884,1929,Hoover
155,126,884,1929,Hoover
156,126,884,1929,Hoover
157,127,884,1929,Hoover
158,128,884,1929,Hoover
159,129,884,1929,Hoover
160,130,884,1929,Hoover
161,131,884,1929,Hoover
162,132,884,1929,Hoover
163,133,884,1929,Hoover
164,134,884,1929,Hoover
165,135,884,1929,Hoover
166,136,884,1929,Hoover
167,137,884,1929,Hoover
168,137,884,1929,Hoover
169,138,884,1929,Hoover
170,139,884,1929,Hoover
171,139,884,1929,Hoover
172,140,884,1929,Hoover
173,141,884,1929,Hoover
174,141,884,1929,Hoover
175,142,884,1929,Hoover
176,143,884,1929,Hoover
177,144,884,1929,Hoover
178,145,884,1929,Hoover
179,146,884,1929,Hoover
180,146,884,1929,Hoover
181,147,884,1929,Hoover
182,148,884,1929,Hoover
183,148,884,1929,Hoover
184,149,884,1929,Hoover
185,149,884,1929,Hoover
186,150,884,1929,Hoover
187,150,884,1929,Hoover
188,150,884,1929,Hoover
189,151,884,1929,Hoover
190,151,884,1929,Hoover
191,152,884,1929,Hoover
192,153,884,1929,Hoover
193,154,884,1929,Hoover
194,155,884,1929,Hoover
195,156,884,1929,Hoover
196,156,884,1929,Hoover
197,156,884,1929,Hoover
198,157,884,1929,Hoover
199,158,884,1929,Hoover
200,158,884,1929,Hoover
201,159,884,1929,Hoover
202,159,884,1929,Hoover
203,160,884,1929,Hoover
204,161,884,1929,Hoover
205,162,884,1929,Hoover
206,163,884,1929,Hoover
207,164,884,1929,Hoover
208,165,884,1929,Hoover
209,165,884,1929,Hoover
210,165,884,1929,Hoover
211,165,884,1929,Hoover
212,165,884,1929,Hoover
213,165,884,1929,Hoover
214,165,884,1929,Hoover
215,166,884,1929,Hoover
216,167,884,1929,Hoover
217,167,884,1929,Hoover
218,168,884,1929,Hoover
219,168,884,1929,Hoover
220,168,884,1929,Hoover
221,169,884,1929,Hoover
222,170,884,1929,Hoover
223,171,884,1929,Hoover
224,171,884,1929,Hoover
225,172,884,1929,Hoover
226,172,884,1929,Hoover
227,173,884,1929,Hoover
228,173,884,1929,Hoover
229,174,884,1929,Hoover
230,175,884,1929,Hoover
231,175,884,1929,Hoover
232,176,884,1929,Hoover
233,177,884,1929,Hoover
234,178,884,1929,Hoover
235,178,884,1929,Hoover
236,178,884,1929,Hoover
237,179,884,1929,Hoover
238,180,884,1929,Hoover
239,181,884,1929,Hoover
240,181,884,1929,Hoover
241,182,884,1929,Hoover
242,183,884,1929,Hoover
243,184,884,1929,Hoover
244,185,884,1929,Hoover
245,185,884,1929,Hoover
246,185,884,1929,Hoover
247,186,884,1929,Hoover
248,187,884,1929,Hoover
249,188,884,1929,Hoover
250,189,884,1929,Hoover
251,189,884,1929,Hoover
252,189,884,1929,Hoover
253,189,884,1929,Hoover
254,190,884,1929,Hoover
255,191,884,1929,Hoover
256,192,884,1929,Hoover
257,192,884,1929,Hoover
258,193,884,1929,Hoover
259,193,884,1929,Hoover
260,194,884,1929,Hoover
261,195,884,1929,Hoover
262,196,884,1929,Hoover
263,197,884,1929,Hoover
264,198,884,1929,Hoover
265,198,884,1929,Hoover
266,199,884,1929,Hoover
267,200,884,1929,Hoover
268,201,884,1929,Hoover
269,202,884,1929,Hoover
270,203,884,1929,Hoover
271,204,884,1929,Hoover
272,204,884,1929,Hoover
273,205,884,1929,Hoover
274,206,884,1929,Hoover
275,207,884,1929,Hoover
276,207,884,1929,Hoover
277,208,884,1929,Hoover
278,209,884,1929,Hoover
279,209,884,1929,Hoover
280,210,884,1929,Hoover
281,211,884,1929,Hoover
282,212,884,1929,Hoover
283,212,884,1929,Hoover
284,212,884,1929,Hoover
285,213,884,1929,Hoover
286,213,884,1929,Hoover
287,214,884,1929,Hoover
288,214,884,1929,Hoover
289,215,884,1929,Hoover
290,216,884,1929,Hoover
291,217,884,1929,Hoover
292,217,884,1929,Hoover
293,218,884,1929,Hoover
294,219,884,1929,Hoover
295,219,884,1929,Hoover
296,219,884,1929,Hoover
297,220,884,1929,Hoover
298,221,884,1929,Hoover
299,221,884,1929,Hoover
300,221,884,1929,Hoover
301,222,884,1929,Hoover
302,223,884,1929,Hoover
303,223,884,1929,Hoover
304,224,884,1929,Hoover
305,225,884,1929,Hoover
306,226,884,1929,Hoover
307,226,884,1929,Hoover
308,227,884,1929,Hoover
309,228,884,1929,Hoover
310,228,884,1929,Hoover
311,228,884,1929,Hoover
312,229,884,1929,Hoover
313,230,884,1929,Hoover
314,230,884,1929,Hoover
315,231,884,1929,Hoover
316,231,884,1929,Hoover
317,232,884,1929,Hoover
318,233,884,1929,Hoover
319,234,884,1929,Hoover
320,234,884,1929,Hoover
321,235,884,1929,Hoover
322,236,884,1929,Hoover
323,236,884,1929,Hoover
324,237,884,1929,Hoover
325,238,884,1929,Hoover
326,239,884,1929,Hoover
327,239,884,1929,Hoover
328,240,884,1929,Hoover
329,241,884,1929,Hoover
330,242,884,1929,Hoover
331,243,884,1929,Hoover
332,243,884,1929,Hoover
333,244,884,1929,Hoover
334,245,884,1929,Hoover
335,245,884,1929,Hoover
336,246,884,1929,Hoover
337,247,884,1929,Hoover
338,248,884,1929,Hoover
339,249,884,1929,Hoover
340,250,884,1929,Hoover
341,250,884,1929,Hoover
342,250,884,1929,Hoover
343,251,884,1929,Hoover
344,252,884,1929,Hoover
345,253,884,1929,Hoover
346,254,884,1929,Hoover
347,255,884,1929,Hoover
348,256,884,1929,Hoover
349,256,884,1929,Hoover
350,256,884,1929,Hoover
351,256,884,1929,Hoover
352,256,884,1929,Hoover
353,257,884,1929,Hoover
354,257,884,1929,Hoover
355,258,884,1929,Hoover
356,259,884,1929,Hoover
357,260,884,1929,Hoover
358,261,884,1929,Hoover
359,261,884,1929,Hoover
360,262,884,1929,Hoover
361,263,884,1929,Hoover
362,264,884,1929,Hoover
363,265,884,1929,Hoover
364,266,884,1929,Hoover
365,266,884,1929,Hoover
366,267,884,1929,Hoover
367,268,884,1929,Hoover
368,268,884,1929,Hoover
369,269,884,1929,Hoover
370,269,884,1929,Hoover
371,269,884,1929,Hoover
372,270,884,1929,Hoover
373,270,884,1929,Hoover
374,271,884,1929,Hoover
375,272,884,1929,Hoover
376,273,884,1929,Hoover
377,274,884,1929,Hoover
378,275,884,1929,Hoover
379,275,884,1929,Hoover
380,275,884,1929,Hoover
381,275,884,1929,Hoover
382,276,884,1929,Hoover
383,277,884,1929,Hoover
384,278,884,1929,Hoover
385,279,884,1929,Hoover
386,279,884,1929,Hoover
387,280,884,1929,Hoover
388,280,884,1929,Hoover
389,281,884,1929,Hoover
390,281,884,1929,Hoover
391,282,884,1929,Hoover
392,282,884,1929,Hoover
393,282,884,1929,Hoover
394,282,884,1929,Hoover
395,283,884,1929,Hoover
396,283,884,1929,Hoover
397,283,884,1929,Hoover
398,284,884,1929,Hoover
399,285,884,1929,Hoover
400,286,884,1929,Hoover
401,287,884,1929,Hoover
402,287,884,1929,Hoover
403,287,884,1929,Hoover
404,288,884,1929,Hoover
405,288,884,1929,Hoover
406,289,884,1929,Hoover
407,290,884,1929,Hoover
408,291,884,1929,Hoover
409,291,884,1929,Hoover
410,291,884,1929,Hoover
411,291,884,1929,Hoover
412,291,884,1929,Hoover
413,291,884,1929,Hoover
414,291,884,1929,Hoover
415,291,884,1929,Hoover
416,292,884,1929,Hoover
417,293,884,1929,Hoover
418,294,884,1929,Hoover
419,294,884,1929,Hoover
420,294,884,1929,Hoover
421,294,884,1929,Hoover
422,294,884,1929,Hoover
423,294,884,1929,Hoover
424,294,884,1929,Hoover
425,295,884,1929,Hoover
426,295,884,1929,Hoover
427,295,884,1929,Hoover
428,295,884,1929,Hoover
429,295,884,1929,Hoover
430,296,884,1929,Hoover
431,297,884,1929,Hoover
432,298,884,1929,Hoover
433,299,884,1929,Hoover
434,299,884,1929,Hoover
435,299,884,1929,Hoover
436,299,884,1929,Hoover
437,299,884,1929,Hoover
438,299,884,1929,Hoover
439,300,884,1929,Hoover
440,300,884,1929,Hoover
441,301,884,1929,Hoover
442,301,884,1929,Hoover
443,301,884,1929,Hoover
444,302,884,1929,Hoover
445,302,884,1929,Hoover
446,302,884,1929,Hoover
447,303,884,1929,Hoover
448,303,884,1929,Hoover
449,303,884,1929,Hoover
450,303,884,1929,Hoover
451,303,884,1929,Hoover
452,304,884,1929,Hoover
453,305,884,1929,Hoover
454,305,884,1929,Hoover
455,306,884,1929,Hoover
456,307,884,1929,Hoover
457,308,884,1929,Hoover
458,309,884,1929,Hoover
459,310,884,1929,Hoover
460,311,884,1929,Hoover
461,312,884,1929,Hoover
462,312,884,1929,Hoover
463,312,884,1929,Hoover
464,312,884,1929,Hoover
465,313,884,1929,Hoover
466,313,884,1929,Hoover
467,313,884,1929,Hoover
468,313,884,1929,Hoover
469,313,884,1929,Hoover
470,314,884,1929,Hoover
471,314,884,1929,Hoover
472,315,884,1929,Hoover
473,315,884,1929,Hoover
474,315,884,1929,Hoover
475,315,884,1929,Hoover
476,316,884,1929,Hoover
477,316,884,1929,Hoover
478,316,884,1929,Hoover
479,317,884,1929,Hoover
480,318,884,1929,Hoover
481,319,884,1929,Hoover
482,319,884,1929,Hoover
483,320,884,1929,Hoover
484,320,884,1929,Hoover
485,321,884,1929,Hoover
486,321,884,1929,Hoover
487,322,884,1929,Hoover
488,323,884,1929,Hoover
489,324,884,1929,Hoover
490,324,884,1929,Hoover
491,324,884,1929,Hoover
492,325,884,1929,Hoover
493,326,884,1929,Hoover
494,326,884,1929,Hoover
495,326,884,1929,Hoover
496,327,884,1929,Hoover
497,327,884,1929,Hoover
498,328,884,1929,Hoover
499,329,884,1929,Hoover
500,329,884,1929,Hoover
501,330,884,1929,Hoover
502,331,884,1929,Hoover
503,331,884,1929,Hoover
504,332,884,1929,Hoover
505,333,884,1929,Hoover
506,334,884,1929,Hoover
507,334,884,1929,Hoover
508,334,884,1929,Hoover
509,335,884,1929,Hoover
510,335,884,1929,Hoover
511,336,884,1929,Hoover
512,336,884,1929,Hoover
513,337,884,1929,Hoover
514,337,884,1929,Hoover
515,337,884,1929,Hoover
516,337,884,1929,Hoover
517,338,884,1929,Hoover
518,339,884,1929,Hoover
519,339,884,1929,Hoover
520,339,884,1929,Hoover
521,339,884,1929,Hoover
522,339,884,1929,Hoover
523,340,884,1929,Hoover
524,341,884,1929,Hoover
525,342,884,1929,Hoover
526,342,884,1929,Hoover
527,342,884,1929,Hoover
528,342,884,1929,Hoover
529,343,884,1929,Hoover
530,344,884,1929,Hoover
531,345,884,1929,Hoover
532,345,884,1929,Hoover
533,346,884,1929,Hoover
534,347,884,1929,Hoover
535,347,884,1929,Hoover
536,348,884,1929,Hoover
537,349,884,1929,Hoover
538,350,884,1929,Hoover
539,351,884,1929,Hoover
540,351,884,1929,Hoover
541,352,884,1929,Hoover
542,353,884,1929,Hoover
543,354,884,1929,Hoover
544,355,884,1929,Hoover
545,356,884,1929,Hoover
546,356,884,1929,Hoover
547,356,884,1929,Hoover
548,356,884,1929,Hoover
549,356,884,1929,Hoover
550,356,884,1929,Hoover
551,356,884,1929,Hoover
552,356,884,1929,Hoover
553,357,884,1929,Hoover
554,357,884,1929,Hoover
555,357,884,1929,Hoover
556,358,884,1929,Hoover
557,358,884,1929,Hoover
558,358,884,1929,Hoover
559,358,884,1929,Hoover
560,358,884,1929,Hoover
561,358,884,1929,Hoover
562,358,884,1929,Hoover
563,358,884,1929,Hoover
564,359,884,1929,Hoover
565,359,884,1929,Hoover
566,359,884,1929,Hoover
567,359,884,1929,Hoover
568,360,884,1929,Hoover
569,360,884,1929,Hoover
570,360,884,1929,Hoover
571,360,884,1929,Hoover
572,360,884,1929,Hoover
573,361,884,1929,Hoover
574,362,884,1929,Hoover
575,363,884,1929,Hoover
576,363,884,1929,Hoover
577,364,884,1929,Hoover
578,365,884,1929,Hoover
579,366,884,1929,Hoover
580,366,884,1929,Hoover
581,367,884,1929,Hoover
582,367,884,1929,Hoover
583,367,884,1929,Hoover
584,368,884,1929,Hoover
585,369,884,1929,Hoover
586,370,884,1929,Hoover
587,370,884,1929,Hoover
588,370,884,1929,Hoover
589,370,884,1929,Hoover
590,371,884,1929,Hoover
591,371,884,1929,Hoover
592,371,884,1929,Hoover
593,372,884,1929,Hoover
594,372,884,1929,Hoover
595,372,884,1929,Hoover
596,373,884,1929,Hoover
597,373,884,1929,Hoover
598,374,884,1929,Hoover
599,375,884,1929,Hoover
600,376,884,1929,Hoover
601,377,884,1929,Hoover
602,377,884,1929,Hoover
603,377,884,1929,Hoover
604,378,884,1929,Hoover
605,379,884,1929,Hoover
606,380,884,1929,Hoover
607,380,884,1929,Hoover
608,380,884,1929,Hoover
609,381,884,1929,Hoover
610,382,884,1929,Hoover
611,383,884,1929,Hoover
612,383,884,1929,Hoover
613,384,884,1929,Hoover
614,385,884,1929,Hoover
615,385,884,1929,Hoover
616,386,884,1929,Hoover
617,387,884,1929,Hoover
618,387,884,1929,Hoover
619,387,884,1929,Hoover
620,387,884,1929,Hoover
621,387,884,1929,Hoover
622,388,884,1929,Hoover
623,388,884,1929,Hoover
624,389,884,1929,Hoover
625,390,884,1929,Hoover
626,390,884,1929,Hoover
627,390,884,1929,Hoover
628,390,884,1929,Hoover
629,390,884,1929,Hoover
630,390,884,1929,Hoover
631,391,884,1929,Hoover
632,392,884,1929,Hoover
633,393,884,1929,Hoover
634,393,884,1929,Hoover
635,393,884,1929,Hoover
636,393,884,1929,Hoover
637,393,884,1929,Hoover
638,393,884,1929,Hoover
639,393,884,1929,Hoover
640,393,884,1929,Hoover
641,394,884,1929,Hoover
642,395,884,1929,Hoover
643,395,884,1929,Hoover
644,395,884,1929,Hoover
645,395,884,1929,Hoover
646,395,884,1929,Hoover
647,396,884,1929,Hoover
648,396,884,1929,Hoover
649,396,884,1929,Hoover
650,396,884,1929,Hoover
651,397,884,1929,Hoover
652,397,884,1929,Hoover
653,398,884,1929,Hoover
654,399,884,1929,Hoover
655,399,884,1929,Hoover
656,399,884,1929,Hoover
657,399,884,1929,Hoover
658,399,884,1929,Hoover
659,400,884,1929,Hoover
660,401,884,1929,Hoover
661,402,884,1929,Hoover
662,402,884,1929,Hoover
663,402,884,1929,Hoover
664,403,884,1929,Hoover
665,403,884,1929,Hoover
666,403,884,1929,Hoover
667,403,884,1929,Hoover
668,404,884,1929,Hoover
669,404,884,1929,Hoover
670,404,884,1929,Hoover
671,404,884,1929,Hoover
672,405,884,1929,Hoover
673,406,884,1929,Hoover
674,407,884,1929,Hoover
675,407,884,1929,Hoover
676,407,884,1929,Hoover
677,407,884,1929,Hoover
678,408,884,1929,Hoover
679,408,884,1929,Hoover
680,409,884,1929,Hoover
681,410,884,1929,Hoover
682,411,884,1929,Hoover
683,412,884,1929,Hoover
684,413,884,1929,Hoover
685,413,884,1929,Hoover
686,413,884,1929,Hoover
687,414,884,1929,Hoover
688,415,884,1929,Hoover
689,416,884,1929,Hoover
690,416,884,1929,Hoover
691,417,884,1929,Hoover
692,417,884,1929,Hoover
693,417,884,1929,Hoover
694,417,884,1929,Hoover
695,418,884,1929,Hoover
696,418,884,1929,Hoover
697,419,884,1929,Hoover
698,419,884,1929,Hoover
699,419,884,1929,Hoover
700,420,884,1929,Hoover
701,420,884,1929,Hoover
702,420,884,1929,Hoover
703,421,884,1929,Hoover
704,421,884,1929,Hoover
705,421,884,1929,Hoover
706,422,884,1929,Hoover
707,423,884,1929,Hoover
708,423,884,1929,Hoover
709,423,884,1929,Hoover
710,423,884,1929,Hoover
711,423,884,1929,Hoover
712,424,884,1929,Hoover
713,424,884,1929,Hoover
714,424,884,1929,Hoover
715,424,884,1929,Hoover
716,424,884,1929,Hoover
717,425,884,1929,Hoover
718,426,884,1929,Hoover
719,427,884,1929,Hoover
720,427,884,1929,Hoover
721,427,884,1929,Hoover
722,427,884,1929,Hoover
723,428,884,1929,Hoover
724,428,884,1929,Hoover
725,429,884,1929,Hoover
726,430,884,1929,Hoover
727,431,884,1929,Hoover
728,431,884,1929,Hoover
729,431,884,1929,Hoover
730,431,884,1929,Hoover
731,432,884,1929,Hoover
732,433,884,1929,Hoover
733,434,884,1929,Hoover
734,434,884,1929,Hoover
735,435,884,1929,Hoover
736,436,884,1929,Hoover
737,436,884,1929,Hoover
738,436,884,1929,Hoover
739,437,884,1929,Hoover
740,437,884,1929,Hoover
741,437,884,1929,Hoover
742,438,884,1929,Hoover
743,438,884,1929,Hoover
744,438,884,1929,Hoover
745,439,884,1929,Hoover
746,439,884,1929,Hoover
747,440,884,1929,Hoover
748,440,884,1929,Hoover
749,441,884,1929,Hoover
750,441,884,1929,Hoover
751,442,884,1929,Hoover
752,443,884,1929,Hoover
753,443,884,1929,Hoover
754,443,884,1929,Hoover
755,444,884,1929,Hoover
756,444,884,1929,Hoover
757,444,884,1929,Hoover
758,444,884,1929,Hoover
759,445,884,1929,Hoover
760,446,884,1929,Hoover
761,447,884,1929,Hoover
762,447,884,1929,Hoover
763,447,884,1929,Hoover
764,447,884,1929,Hoover
765,448,884,1929,Hoover
766,448,884,1929,Hoover
767,448,884,1929,Hoover
768,449,884,1929,Hoover
769,450,884,1929,Hoover
770,451,884,1929,Hoover
771,452,884,1929,Hoover
772,453,884,1929,Hoover
773,453,884,1929,Hoover
774,454,884,1929,Hoover
775,454,884,1929,Hoover
776,455,884,1929,Hoover
777,456,884,1929,Hoover
778,457,884,1929,Hoover
779,457,884,1929,Hoover
780,457,884,1929,Hoover
781,458,884,1929,Hoover
782,459,884,1929,Hoover
783,460,884,1929,Hoover
784,460,884,1929,Hoover
785,460,884,1929,Hoover
786,461,884,1929,Hoover
787,461,884,1929,Hoover
788,461,884,1929,Hoover
789,462,884,1929,Hoover
790,462,884,1929,Hoover
791,463,884,1929,Hoover
792,463,884,1929,Hoover
793,463,884,1929,Hoover
794,463,884,1929,Hoover
795,463,884,1929,Hoover
796,463,884,1929,Hoover
797,463,884,1929,Hoover
798,463,884,1929,Hoover
799,463,884,1929,Hoover
800,464,884,1929,Hoover
801,465,884,1929,Hoover
802,465,884,1929,Hoover
803,466,884,1929,Hoover
804,466,884,1929,Hoover
805,466,884,1929,Hoover
806,467,884,1929,Hoover
807,468,884,1929,Hoover
808,468,884,1929,Hoover
809,468,884,1929,Hoover
810,469,884,1929,Hoover
811,470,884,1929,Hoover
812,471,884,1929,Hoover
813,471,884,1929,Hoover
814,472,884,1929,Hoover
815,472,884,1929,Hoover
816,473,884,1929,Hoover
817,474,884,1929,Hoover
818,474,884,1929,Hoover
819,474,884,1929,Hoover
820,475,884,1929,Hoover
821,476,884,1929,Hoover
822,477,884,1929,Hoover
823,477,884,1929,Hoover
824,478,884,1929,Hoover
825,478,884,1929,Hoover
826,478,884,1929,Hoover
827,478,884,1929,Hoover
828,478,884,1929,Hoover
829,478,884,1929,Hoover
830,479,884,1929,Hoover
831,480,884,1929,Hoover
832,481,884,1929,Hoover
833,481,884,1929,Hoover
834,482,884,1929,Hoover
835,482,884,1929,Hoover
836,483,884,1929,Hoover
837,484,884,1929,Hoover
838,485,884,1929,Hoover
839,485,884,1929,Hoover
840,486,884,1929,Hoover
841,487,884,1929,Hoover
842,488,884,1929,Hoover
843,489,884,1929,Hoover
844,489,884,1929,Hoover
845,489,884,1929,Hoover
846,489,884,1929,Hoover
847,489,884,1929,Hoover
848,490,884,1929,Hoover
849,490,884,1929,Hoover
850,490,884,1929,Hoover
851,490,884,1929,Hoover
852,491,884,1929,Hoover
853,492,884,1929,Hoover
854,493,884,1929,Hoover
855,494,884,1929,Hoover
856,494,884,1929,Hoover
857,494,884,1929,Hoover
858,495,884,1929,Hoover
859,495,884,1929,Hoover
860,496,884,1929,Hoover
861,497,884,1929,Hoover
862,497,884,1929,Hoover
863,498,884,1929,Hoover
864,499,884,1929,Hoover
865,500,884,1929,Hoover
866,500,884,1929,Hoover
867,501,884,1929,Hoover
868,502,884,1929,Hoover
869,503,884,1929,Hoover
870,503,884,1929,Hoover
871,503,884,1929,Hoover
872,504,884,1929,Hoover
873,505,884,1929,Hoover
874,505,884,1929,Hoover
875,505,884,1929,Hoover
876,505,884,1929,Hoover
877,506,884,1929,Hoover
878,507,884,1929,Hoover
879,507,884,1929,Hoover
880,508,884,1929,Hoover
881,508,884,1929,Hoover
882,508,884,1929,Hoover
883,508,884,1929,Hoover
884,508,884,1929,Hoover
885,509,884,1929,Hoover
886,510,884,1929,Hoover
887,510,884,1929,Hoover
888,511,884,1929,Hoover
889,511,884,1929,Hoover
890,511,884,1929,Hoover
891,512,884,1929,Hoover
892,513,884,1929,Hoover
893,514,884,1929,Hoover
894,515,884,1929,Hoover
895,515,884,1929,Hoover
896,515,884,1929,Hoover
897,515,884,1929,Hoover
898,515,884,1929,Hoover
899,516,884,1929,Hoover
900,516,884,1929,Hoover
901,516,884,1929,Hoover
902,516,884,1929,Hoover
903,516,884,1929,Hoover
904,516,884,1929,Hoover
905,516,884,1929,Hoover
906,517,884,1929,Hoover
907,517,884,1929,Hoover
908,518,884,1929,Hoover
909,518,884,1929,Hoover
910,519,884,1929,Hoover
911,519,884,1929,Hoover
912,520,884,1929,Hoover
913,520,884,1929,Hoover
914,520,884,1929,Hoover
915,520,884,1929,Hoover
916,520,884,1929,Hoover
917,521,884,1929,Hoover
918,521,884,1929,Hoover
919,522,884,1929,Hoover
920,523,884,1929,Hoover
921,523,884,1929,Hoover
922,523,884,1929,Hoover
923,524,884,1929,Hoover
924,525,884,1929,Hoover
925,525,884,1929,Hoover
926,525,884,1929,Hoover
927,525,884,1929,Hoover
928,526,884,1929,Hoover
929,526,884,1929,Hoover
930,527,884,1929,Hoover
931,528,884,1929,Hoover
932,528,884,1929,Hoover
933,528,884,1929,Hoover
934,528,884,1929,Hoover
935,528,884,1929,Hoover
936,528,884,1929,Hoover
937,529,884,1929,Hoover
938,530,884,1929,Hoover
939,531,884,1929,Hoover
940,531,884,1929,Hoover
941,532,884,1929,Hoover
942,533,884,1929,Hoover
943,534,884,1929,Hoover
944,535,884,1929,Hoover
945,536,884,1929,Hoover
946,536,884,1929,Hoover
947,537,884,1929,Hoover
948,537,884,1929,Hoover
949,538,884,1929,Hoover
950,538,884,1929,Hoover
951,539,884,1929,Hoover
952,539,884,1929,Hoover
953,539,884,1929,Hoover
954,540,884,1929,Hoover
955,540,884,1929,Hoover
956,541,884,1929,Hoover
957,541,884,1929,Hoover
958,542,884,1929,Hoover
959,542,884,1929,Hoover
960,543,884,1929,Hoover
961,543,884,1929,Hoover
962,543,884,1929,Hoover
963,543,884,1929,Hoover
964,544,884,1929,Hoover
965,544,884,1929,Hoover
966,544,884,1929,Hoover
967,544,884,1929,Hoover
968,544,884,1929,Hoover
969,544,884,1929,Hoover
970,544,884,1929,Hoover
971,545,884,1929,Hoover
972,545,884,1929,Hoover
973,545,884,1929,Hoover
974,546,884,1929,Hoover
975,547,884,1929,Hoover
976,548,884,1929,Hoover
977,548,884,1929,Hoover
978,549,884,1929,Hoover
979,549,884,1929,Hoover
980,549,884,1929,Hoover
981,549,884,1929,Hoover
982,549,884,1929,Hoover
983,549,884,1929,Hoover
984,550,884,1929,Hoover
985,550,884,1929,Hoover
986,550,884,1929,Hoover
987,551,884,1929,Hoover
988,552,884,1929,Hoover
989,553,884,1929,Hoover
990,553,884,1929,Hoover
991,553,884,1929,Hoover
992,554,884,1929,Hoover
993,555,884,1929,Hoover
994,555,884,1929,Hoover
995,555,884,1929,Hoover
996,556,884,1929,Hoover
997,556,884,1929,Hoover
998,556,884,1929,Hoover
999,556,884,1929,Hoover
1000,557,884,1929,Hoover
1001,557,884,1929,Hoover
1002,557,884,1929,Hoover
1003,557,884,1929,Hoover
1004,557,884,1929,Hoover
1005,558,884,1929,Hoover
1006,558,884,1929,Hoover
1007,558,884,1929,Hoover
1008,558,884,1929,Hoover
1009,558,884,1929,Hoover
1010,559,884,1929,Hoover
1011,560,884,1929,Hoover
1012,561,884,1929,Hoover
1013,562,884,1929,Hoover
1014,563,884,1929,Hoover
1015,563,884,1929,Hoover
1016,564,884,1929,Hoover
1017,565,884,1929,Hoover
1018,566,884,1929,Hoover
1019,566,884,1929,Hoover
1020,567,884,1929,Hoover
1021,568,884,1929,Hoover
1022,568,884,1929,Hoover
1023,569,884,1929,Hoover
1024,570,884,1929,Hoover
1025,571,884,1929,Hoover
1026,572,884,1929,Hoover
1027,573,884,1929,Hoover
1028,574,884,1929,Hoover
1029,574,884,1929,Hoover
1030,575,884,1929,Hoover
1031,575,884,1929,Hoover
1032,575,884,1929,Hoover
1033,576,884,1929,Hoover
1034,576,884,1929,Hoover
1035,576,884,1929,Hoover
1036,576,884,1929,Hoover
1037,576,884,1929,Hoover
1038,576,884,1929,Hoover
1039,577,884,1929,Hoover
1040,577,884,1929,Hoover
1041,577,884,1929,Hoover
1042,577,884,1929,Hoover
1043,577,884,1929,Hoover
1044,578,884,1929,Hoover
1045,579,884,1929,Hoover
1046,579,884,1929,Hoover
1047,579,884,1929,Hoover
1048,579,884,1929,Hoover
1049,580,884,1929,Hoover
1050,580,884,1929,Hoover
1051,580,884,1929,Hoover
1052,580,884,1929,Hoover
1053,581,884,1929,Hoover
1054,581,884,1929,Hoover
1055,581,884,1929,Hoover
1056,582,884,1929,Hoover
1057,583,884,1929,Hoover
1058,583,884,1929,Hoover
1059,584,884,1929,Hoover
1060,584,884,1929,Hoover
1061,585,884,1929,Hoover
1062,585,884,1929,Hoover
1063,586,884,1929,Hoover
1064,587,884,1929,Hoover
1065,588,884,1929,Hoover
1066,588,884,1929,Hoover
1067,589,884,1929,Hoover
1068,590,884,1929,Hoover
1069,590,884,1929,Hoover
1070,591,884,1929,Hoover
1071,591,884,1929,Hoover
1072,592,884,1929,Hoover
1073,592,884,1929,Hoover
1074,593,884,1929,Hoover
1075,594,884,1929,Hoover
1076,595,884,1929,Hoover
1077,595,884,1929,Hoover
1078,596,884,1929,Hoover
1079,596,884,1929,Hoover
1080,596,884,1929,Hoover
1081,596,884,1929,Hoover
1082,596,884,1929,Hoover
1083,597,884,1929,Hoover
1084,598,884,1929,Hoover
1085,599,884,1929,Hoover
1086,599,884,1929,Hoover
1087,599,884,1929,Hoover
1088,599,884,1929,Hoover
1089,599,884,1929,Hoover
1090,600,884,1929,Hoover
1091,600,884,1929,Hoover
1092,601,884,1929,Hoover
1093,602,884,1929,Hoover
1094,603,884,1929,Hoover
1095,604,884,1929,Hoover
1096,605,884,1929,Hoover
1097,605,884,1929,Hoover
1098,605,884,1929,Hoover
1099,605,884,1929,Hoover
1100,605,884,1929,Hoover
1101,605,884,1929,Hoover
1102,605,884,1929,Hoover
1103,605,884,1929,Hoover
1104,605,884,1929,Hoover
1105,606,884,1929,Hoover
1106,607,884,1929,Hoover
1107,608,884,1929,Hoover
1108,608,884,1929,Hoover
1109,609,884,1929,Hoover
1110,610,884,1929,Hoover
1111,611,884,1929,Hoover
1112,612,884,1929,Hoover
1113,612,884,1929,Hoover
1114,612,884,1929,Hoover
1115,612,884,1929,Hoover
1116,612,884,1929,Hoover
1117,612,884,1929,Hoover
1118,612,884,1929,Hoover
1119,613,884,1929,Hoover
1120,613,884,1929,Hoover
1121,613,884,1929,Hoover
1122,613,884,1929,Hoover
1123,614,884,1929,Hoover
1124,614,884,1929,Hoover
1125,615,884,1929,Hoover
1126,615,884,1929,Hoover
1127,616,884,1929,Hoover
1128,616,884,1929,Hoover
1129,617,884,1929,Hoover
1130,617,884,1929,Hoover
1131,617,884,1929,Hoover
1132,617,884,1929,Hoover
1133,618,884,1929,Hoover
1134,619,884,1929,Hoover
1135,619,884,1929,Hoover
1136,620,884,1929,Hoover
1137,620,884,1929,Hoover
1138,621,884,1929,Hoover
1139,622,884,1929,Hoover
1140,622,884,1929,Hoover
1141,622,884,1929,Hoover
1142,622,884,1929,Hoover
1143,622,884,1929,Hoover
1144,622,884,1929,Hoover
1145,622,884,1929,Hoover
1146,623,884,1929,Hoover
1147,624,884,1929,Hoover
1148,625,884,1929,Hoover
1149,625,884,1929,Hoover
1150,625,884,1929,Hoover
1151,626,884,1929,Hoover
1152,627,884,1929,Hoover
1153,628,884,1929,Hoover
1154,628,884,1929,Hoover
1155,628,884,1929,Hoover
1156,628,884,1929,Hoover
1157,628,884,1929,Hoover
1158,629,884,1929,Hoover
1159,630,884,1929,Hoover
1160,631,884,1929,Hoover
1161,631,884,1929,Hoover
1162,631,884,1929,Hoover
1163,632,884,1929,Hoover
1164,633,884,1929,Hoover
1165,634,884,1929,Hoover
1166,635,884,1929,Hoover
1167,636,884,1929,Hoover
1168,636,884,1929,Hoover
1169,636,884,1929,Hoover
1170,637,884,1929,Hoover
1171,637,884,1929,Hoover
1172,637,884,1929,Hoover
1173,637,884,1929,Hoover
1174,637,884,1929,Hoover
1175,638,884,1929,Hoover
1176,638,884,1929,Hoover
1177,639,884,1929,Hoover
1178,640,884,1929,Hoover
1179,640,884,1929,Hoover
1180,640,884,1929,Hoover
1181,640,884,1929,Hoover
1182,640,884,1929,Hoover
1183,640,884,1929,Hoover
1184,640,884,1929,Hoover
1185,640,884,1929,Hoover
1186,640,884,1929,Hoover
1187,641,884,1929,Hoover
1188,641,884,1929,Hoover
1189,641,884,1929,Hoover
1190,642,884,1929,Hoover
1191,642,884,1929,Hoover
1192,642,884,1929,Hoover
1193,642,884,1929,Hoover
1194,643,884,1929,Hoover
1195,644,884,1929,Hoover
1196,644,884,1929,Hoover
1197,644,884,1929,Hoover
1198,644,884,1929,Hoover
1199,644,884,1929,Hoover
1200,644,884,1929,Hoover
1201,645,884,1929,Hoover
1202,645,884,1929,Hoover
1203,646,884,1929,Hoover
1204,647,884,1929,Hoover
1205,648,884,1929,Hoover
1206,648,884,1929,Hoover
1207,648,884,1929,Hoover
1208,648,884,1929,Hoover
1209,649,884,1929,Hoover
1210,649,884,1929,Hoover
1211,650,884,1929,Hoover
1212,650,884,1929,Hoover
1213,650,884,1929,Hoover
1214,650,884,1929,Hoover
1215,651,884,1929,Hoover
1216,652,884,1929,Hoover
1217,652,884,1929,Hoover
1218,652,884,1929,Hoover
1219,653,884,1929,Hoover
1220,654,884,1929,Hoover
1221,654,884,1929,Hoover
1222,655,884,1929,Hoover
1223,656,884,1929,Hoover
1224,656,884,1929,Hoover
1225,656,884,1929,Hoover
1226,656,884,1929,Hoover
1227,657,884,1929,Hoover
1228,657,884,1929,Hoover
1229,657,884,1929,Hoover
1230,658,884,1929,Hoover
1231,659,884,1929,Hoover
1232,660,884,1929,Hoover
1233,660,884,1929,Hoover
1234,661,884,1929,Hoover
1235,661,884,1929,Hoover
1236,661,884,1929,Hoover
1237,662,884,1929,Hoover
1238,662,884,1929,Hoover
1239,662,884,1929,Hoover
1240,662,884,1929,Hoover
1241,662,884,1929,Hoover
1242,662,884,1929,Hoover
1243,662,884,1929,Hoover
1244,662,884,1929,Hoover
1245,662,884,1929,Hoover
1246,662,884,1929,Hoover
1247,663,884,1929,Hoover
1248,664,884,1929,Hoover
1249,665,884,1929,Hoover
1250,665,884,1929,Hoover
1251,666,884,1929,Hoover
1252,666,884,1929,Hoover
1253,666,884,1929,Hoover
1254,666,884,1929,Hoover
1255,666,884,1929,Hoover
1256,667,884,1929,Hoover
1257,667,884,1929,Hoover
1258,667,884,1929,Hoover
1259,668,884,1929,Hoover
1260,669,884,1929,Hoover
1261,670,884,1929,Hoover
1262,670,884,1929,Hoover
1263,670,884,1929,Hoover
1264,671,884,1929,Hoover
1265,671,884,1929,Hoover
1266,671,884,1929,Hoover
1267,671,884,1929,Hoover
1268,671,884,1929,Hoover
1269,671,884,1929,Hoover
1270,671,884,1929,Hoover
1271,671,884,1929,Hoover
1272,671,884,1929,Hoover
1273,671,884,1929,Hoover
1274,672,884,1929,Hoover
1275,672,884,1929,Hoover
1276,672,884,1929,Hoover
1277,672,884,1929,Hoover
1278,672,884,1929,Hoover
1279,672,884,1929,Hoover
1280,672,884,1929,Hoover
1281,673,884,1929,Hoover
1282,673,884,1929,Hoover
1283,673,884,1929,Hoover
1284,673,884,1929,Hoover
1285,673,884,1929,Hoover
1286,673,884,1929,Hoover
1287,674,884,1929,Hoover
1288,675,884,1929,Hoover
1289,676,884,1929,Hoover
1290,676,884,1929,Hoover
1291,677,884,1929,Hoover
1292,677,884,1929,Hoover
1293,678,884,1929,Hoover
1294,679,884,1929,Hoover
1295,679,884,1929,Hoover
1296,680,884,1929,Hoover
1297,681,884,1929,Hoover
1298,682,884,1929,Hoover
1299,683,884,1929,Hoover
1300,683,884,1929,Hoover
1301,684,884,1929,Hoover
1302,684,884,1929,Hoover
1303,684,884,1929,Hoover
1304,685,884,1929,Hoover
1305,685,884,1929,Hoover
1306,686,884,1929,Hoover
1307,686,884,1929,Hoover
1308,687,884,1929,Hoover
1309,688,884,1929,Hoover
1310,688,884,1929,Hoover
1311,688,884,1929,Hoover
1312,689,884,1929,Hoover
1313,689,884,1929,Hoover
1314,690,884,1929,Hoover
1315,691,884,1929,Hoover
1316,692,884,1929,Hoover
1317,692,884,1929,Hoover
1318,692,884,1929,Hoover
1319,692,884,1929,Hoover
1320,692,884,1929,Hoover
1321,693,884,1929,Hoover
1322,693,884,1929,Hoover
1323,693,884,1929,Hoover
1324,693,884,1929,Hoover
1325,693,884,1929,Hoover
1326,693,884,1929,Hoover
1327,693,884,1929,Hoover
1328,693,884,1929,Hoover
1329,693,884,1929,Hoover
1330,693,884,1929,Hoover
1331,693,884,1929,Hoover
1332,694,884,1929,Hoover
1333,695,884,1929,Hoover
1334,696,884,1929,Hoover
1335,696,884,1929,Hoover
1336,696,884,1929,Hoover
1337,696,884,1929,Hoover
1338,696,884,1929,Hoover
1339,696,884,1929,Hoover
1340,696,884,1929,Hoover
1341,697,884,1929,Hoover
1342,698,884,1929,Hoover
1343,698,884,1929,Hoover
1344,699,884,1929,Hoover
1345,700,884,1929,Hoover
1346,701,884,1929,Hoover
1347,701,884,1929,Hoover
1348,701,884,1929,Hoover
1349,702,884,1929,Hoover
1350,702,884,1929,Hoover
1351,703,884,1929,Hoover
1352,703,884,1929,Hoover
1353,704,884,1929,Hoover
1354,704,884,1929,Hoover
1355,705,884,1929,Hoover
1356,705,884,1929,Hoover
1357,706,884,1929,Hoover
1358,706,884,1929,Hoover
1359,706,884,1929,Hoover
1360,706,884,1929,Hoover
1361,706,884,1929,Hoover
1362,707,884,1929,Hoover
1363,707,884,1929,Hoover
1364,708,884,1929,Hoover
1365,708,884,1929,Hoover
1366,709,884,1929,Hoover
1367,710,884,1929,Hoover
1368,710,884,1929,Hoover
1369,710,884,1929,Hoover
1370,711,884,1929,Hoover
1371,712,884,1929,Hoover
1372,713,884,1929,Hoover
1373,714,884,1929,Hoover
1374,715,884,1929,Hoover
1375,715,884,1929,Hoover
1376,715,884,1929,Hoover
1377,716,884,1929,Hoover
1378,717,884,1929,Hoover
1379,717,884,1929,Hoover
1380,717,884,1929,Hoover
1381,718,884,1929,Hoover
1382,718,884,1929,Hoover
1383,719,884,1929,Hoover
1384,720,884,1929,Hoover
1385,720,884,1929,Hoover
1386,721,884,1929,Hoover
1387,722,884,1929,Hoover
1388,722,884,1929,Hoover
1389,722,884,1929,Hoover
1390,722,884,1929,Hoover
1391,722,884,1929,Hoover
1392,722,884,1929,Hoover
1393,723,884,1929,Hoover
1394,724,884,1929,Hoover
1395,724,884,1929,Hoover
1396,725,884,1929,Hoover
1397,726,884,1929,Hoover
1398,727,884,1929,Hoover
1399,728,884,1929,Hoover
1400,728,884,1929,Hoover
1401,728,884,1929,Hoover
1402,729,884,1929,Hoover
1403,730,884,1929,Hoover
1404,730,884,1929,Hoover
1405,730,884,1929,Hoover
1406,730,884,1929,Hoover
1407,730,884,1929,Hoover
1408,730,884,1929,Hoover
1409,730,884,1929,Hoover
1410,730,884,1929,Hoover
1411,730,884,1929,Hoover
1412,731,884,1929,Hoover
1413,732,884,1929,Hoover
1414,732,884,1929,Hoover
1415,732,884,1929,Hoover
1416,733,884,1929,Hoover
1417,733,884,1929,Hoover
1418,733,884,1929,Hoover
1419,733,884,1929,Hoover
1420,733,884,1929,Hoover
1421,733,884,1929,Hoover
1422,733,884,1929,Hoover
1423,733,884,1929,Hoover
1424,733,884,1929,Hoover
1425,733,884,1929,Hoover
1426,733,884,1929,Hoover
1427,734,884,1929,Hoover
1428,734,884,1929,Hoover
1429,735,884,1929,Hoover
1430,735,884,1929,Hoover
1431,736,884,1929,Hoover
1432,736,884,1929,Hoover
1433,736,884,1929,Hoover
1434,737,884,1929,Hoover
1435,737,884,1929,Hoover
1436,737,884,1929,Hoover
1437,737,884,1929,Hoover
1438,737,884,1929,Hoover
1439,738,884,1929,Hoover
1440,738,884,1929,Hoover
1441,738,884,1929,Hoover
1442,739,884,1929,Hoover
1443,740,884,1929,Hoover
1444,740,884,1929,Hoover
1445,741,884,1929,Hoover
1446,741,884,1929,Hoover
1447,742,884,1929,Hoover
1448,742,884,1929,Hoover
1449,742,884,1929,Hoover
1450,742,884,1929,Hoover
1451,742,884,1929,Hoover
1452,742,884,1929,Hoover
1453,742,884,1929,Hoover
1454,743,884,1929,Hoover
1455,743,884,1929,Hoover
1456,743,884,1929,Hoover
1457,743,884,1929,Hoover
1458,744,884,1929,Hoover
1459,744,884,1929,Hoover
1460,745,884,1929,Hoover
1461,746,884,1929,Hoover
1462,746,884,1929,Hoover
1463,746,884,1929,Hoover
1464,746,884,1929,Hoover
1465,746,884,1929,Hoover
1466,747,884,1929,Hoover
1467,747,884,1929,Hoover
1468,747,884,1929,Hoover
1469,748,884,1929,Hoover
1470,749,884,1929,Hoover
1471,750,884,1929,Hoover
1472,750,884,1929,Hoover
1473,750,884,1929,Hoover
1474,750,884,1929,Hoover
1475,750,884,1929,Hoover
1476,750,884,1929,Hoover
1477,750,884,1929,Hoover
1478,751,884,1929,Hoover
1479,752,884,1929,Hoover
1480,753,884,1929,Hoover
1481,754,884,1929,Hoover
1482,754,884,1929,Hoover
1483,754,884,1929,Hoover
1484,754,884,1929,Hoover
1485,755,884,1929,Hoover
1486,755,884,1929,Hoover
1487,756,884,1929,Hoover
1488,757,884,1929,Hoover
1489,758,884,1929,Hoover
1490,758,884,1929,Hoover
1491,759,884,1929,Hoover
1492,759,884,1929,Hoover
1493,759,884,1929,Hoover
1494,760,884,1929,Hoover
1495,760,884,1929,Hoover
1496,760,884,1929,Hoover
1497,761,884,1929,Hoover
1498,761,884,1929,Hoover
1499,761,884,1929,Hoover
1500,761,884,1929,Hoover
1501,761,884,1929,Hoover
1502,761,884,1929,Hoover
1503,761,884,1929,Hoover
1504,761,884,1929,Hoover
1505,761,884,1929,Hoover
1506,761,884,1929,Hoover
1507,761,884,1929,Hoover
1508,762,884,1929,Hoover
1509,763,884,1929,Hoover
1510,763,884,1929,Hoover
1511,764,884,1929,Hoover
1512,765,884,1929,Hoover
1513,765,884,1929,Hoover
1514,765,884,1929,Hoover
1515,765,884,1929,Hoover
1516,765,884,1929,Hoover
1517,765,884,1929,Hoover
1518,765,884,1929,Hoover
1519,765,884,1929,Hoover
1520,766,884,1929,Hoover
1521,766,884,1929,Hoover
1522,767,884,1929,Hoover
1523,767,884,1929,Hoover
1524,767,884,1929,Hoover
1525,768,884,1929,Hoover
1526,769,884,1929,Hoover
1527,769,884,1929,Hoover
1528,770,884,1929,Hoover
1529,770,884,1929,Hoover
1530,771,884,1929,Hoover
1531,771,884,1929,Hoover
1532,771,884,1929,Hoover
1533,771,884,1929,Hoover
1534,772,884,1929,Hoover
1535,773,884,1929,Hoover
1536,774,884,1929,Hoover
1537,775,884,1929,Hoover
1538,776,884,1929,Hoover
1539,777,884,1929,Hoover
1540,778,884,1929,Hoover
1541,778,884,1929,Hoover
1542,779,884,1929,Hoover
1543,780,884,1929,Hoover
1544,781,884,1929,Hoover
1545,782,884,1929,Hoover
1546,782,884,1929,Hoover
1547,782,884,1929,Hoover
1548,783,884,1929,Hoover
1549,784,884,1929,Hoover
1550,784,884,1929,Hoover
1551,784,884,1929,Hoover
1552,784,884,1929,Hoover
1553,785,884,1929,Hoover
1554,786,884,1929,Hoover
1555,787,884,1929,Hoover
1556,787,884,1929,Hoover
1557,787,884,1929,Hoover
1558,788,884,1929,Hoover
1559,788,884,1929,Hoover
1560,789,884,1929,Hoover
1561,789,884,1929,Hoover
1562,790,884,1929,Hoover
1563,790,884,1929,Hoover
1564,790,884,1929,Hoover
1565,790,884,1929,Hoover
1566,790,884,1929,Hoover
1567,790,884,1929,Hoover
1568,791,884,1929,Hoover
1569,791,884,1929,Hoover
1570,791,884,1929,Hoover
1571,791,884,1929,Hoover
1572,791,884,1929,Hoover
1573,791,884,1929,Hoover
1574,791,884,1929,Hoover
1575,792,884,1929,Hoover
1576,792,884,1929,Hoover
1577,792,884,1929,Hoover
1578,792,884,1929,Hoover
1579,793,884,1929,Hoover
1580,794,884,1929,Hoover
1581,794,884,1929,Hoover
1582,794,884,1929,Hoover
1583,795,884,1929,Hoover
1584,796,884,1929,Hoover
1585,796,884,1929,Hoover
1586,796,884,1929,Hoover
1587,796,884,1929,Hoover
1588,796,884,1929,Hoover
1589,797,884,1929,Hoover
1590,798,884,1929,Hoover
1591,799,884,1929,Hoover
1592,799,884,1929,Hoover
1593,799,884,1929,Hoover
1594,800,884,1929,Hoover
1595,800,884,1929,Hoover
1596,801,884,1929,Hoover
1597,801,884,1929,Hoover
1598,801,884,1929,Hoover
1599,802,884,1929,Hoover
1600,802,884,1929,Hoover
1601,802,884,1929,Hoover
1602,803,884,1929,Hoover
1603,803,884,1929,Hoover
1604,803,884,1929,Hoover
1605,803,884,1929,Hoover
1606,803,884,1929,Hoover
1607,803,884,1929,Hoover
1608,803,884,1929,Hoover
1609,803,884,1929,Hoover
1610,803,884,1929,Hoover
1611,803,884,1929,Hoover
1612,803,884,1929,Hoover
1613,803,884,1929,Hoover
1614,803,884,1929,Hoover
1615,804,884,1929,Hoover
1616,804,884,1929,Hoover
1617,804,884,1929,Hoover
1618,805,884,1929,Hoover
1619,806,884,1929,Hoover
1620,807,884,1929,Hoover
1621,807,884,1929,Hoover
1622,807,884,1929,Hoover
1623,807,884,1929,Hoover
1624,807,884,1929,Hoover
1625,807,884,1929,Hoover
1626,807,884,1929,Hoover
1627,808,884,1929,Hoover
1628,808,884,1929,Hoover
1629,809,884,1929,Hoover
1630,809,884,1929,Hoover
1631,809,884,1929,Hoover
1632,809,884,1929,Hoover
1633,809,884,1929,Hoover
1634,809,884,1929,Hoover
1635,809,884,1929,Hoover
1636,810,884,1929,Hoover
1637,810,884,1929,Hoover
1638,810,884,1929,Hoover
1639,810,884,1929,Hoover
1640,810,884,1929,Hoover
1641,810,884,1929,Hoover
1642,811,884,1929,Hoover
1643,811,884,1929,Hoover
1644,811,884,1929,Hoover
1645,812,884,1929,Hoover
1646,813,884,1929,Hoover
1647,813,884,1929,Hoover
1648,813,884,1929,Hoover
1649,813,884,1929,Hoover
1650,814,884,1929,Hoover
1651,814,884,1929,Hoover
1652,814,884,1929,Hoover
1653,814,884,1929,Hoover
1654,815,884,1929,Hoover
1655,815,884,1929,Hoover
1656,815,884,1929,Hoover
1657,815,884,1929,Hoover
1658,816,884,1929,Hoover
1659,816,884,1929,Hoover
1660,816,884,1929,Hoover
1661,816,884,1929,Hoover
1662,817,884,1929,Hoover
1663,818,884,1929,Hoover
1664,818,884,1929,Hoover
1665,819,884,1929,Hoover
1666,820,884,1929,Hoover
1667,821,884,1929,Hoover
1668,822,884,1929,Hoover
1669,822,884,1929,Hoover
1670,822,884,1929,Hoover
1671,822,884,1929,Hoover
1672,822,884,1929,Hoover
1673,822,884,1929,Hoover
1674,823,884,1929,Hoover
1675,823,884,1929,Hoover
1676,823,884,1929,Hoover
1677,823,884,1929,Hoover
1678,824,884,1929,Hoover
1679,824,884,1929,Hoover
1680,824,884,1929,Hoover
1681,824,884,1929,Hoover
1682,824,884,1929,Hoover
1683,825,884,1929,Hoover
1684,825,884,1929,Hoover
1685,825,884,1929,Hoover
1686,825,884,1929,Hoover
1687,825,884,1929,Hoover
1688,825,884,1929,Hoover
1689,825,884,1929,Hoover
1690,825,884,1929,Hoover
1691,825,884,1929,Hoover
1692,825,884,1929,Hoover
1693,825,884,1929,Hoover
1694,825,884,1929,Hoover
1695,825,884,1929,Hoover
1696,826,884,1929,Hoover
1697,826,884,1929,Hoover
1698,827,884,1929,Hoover
1699,828,884,1929,Hoover
1700,829,884,1929,Hoover
1701,830,884,1929,Hoover
1702,830,884,1929,Hoover
1703,830,884,1929,Hoover
1704,831,884,1929,Hoover
1705,832,884,1929,Hoover
1706,832,884,1929,Hoover
1707,833,884,1929,Hoover
1708,833,884,1929,Hoover
1709,834,884,1929,Hoover
1710,834,884,1929,Hoover
1711,834,884,1929,Hoover
1712,834,884,1929,Hoover
1713,834,884,1929,Hoover
1714,835,884,1929,Hoover
1715,835,884,1929,Hoover
1716,835,884,1929,Hoover
1717,835,884,1929,Hoover
1718,835,884,1929,Hoover
1719,836,884,1929,Hoover
1720,836,884,1929,Hoover
1721,836,884,1929,Hoover
1722,836,884,1929,Hoover
1723,836,884,1929,Hoover
1724,837,884,1929,Hoover
1725,837,884,1929,Hoover
1726,838,884,1929,Hoover
1727,838,884,1929,Hoover
1728,838,884,1929,Hoover
1729,838,884,1929,Hoover
1730,838,884,1929,Hoover
1731,838,884,1929,Hoover
1732,838,884,1929,Hoover
1733,839,884,1929,Hoover
1734,840,884,1929,Hoover
1735,840,884,1929,Hoover
1736,840,884,1929,Hoover
1737,841,884,1929,Hoover
1738,842,884,1929,Hoover
1739,842,884,1929,Hoover
1740,842,884,1929,Hoover
1741,842,884,1929,Hoover
1742,842,884,1929,Hoover
1743,842,884,1929,Hoover
1744,842,884,1929,Hoover
1745,842,884,1929,Hoover
1746,843,884,1929,Hoover
1747,843,884,1929,Hoover
1748,844,884,1929,Hoover
1749,844,884,1929,Hoover
1750,845,884,1929,Hoover
1751,845,884,1929,Hoover
1752,846,884,1929,Hoover
1753,846,884,1929,Hoover
1754,846,884,1929,Hoover
1755,846,884,1929,Hoover
1756,846,884,1929,Hoover
1757,847,884,1929,Hoover
1758,848,884,1929,Hoover
1759,849,884,1929,Hoover
1760,849,884,1929,Hoover
1761,849,884,1929,Hoover
1762,850,884,1929,Hoover
1763,851,884,1929,Hoover
1764,852,884,1929,Hoover
1765,853,884,1929,Hoover
1766,854,884,1929,Hoover
1767,854,884,1929,Hoover
1768,854,884,1929,Hoover
1769,854,884,1929,Hoover
1770,855,884,1929,Hoover
1771,856,884,1929,Hoover
1772,856,884,1929,Hoover
1773,856,884,1929,Hoover
1774,856,884,1929,Hoover
1775,856,884,1929,Hoover
1776,856,884,1929,Hoover
1777,856,884,1929,Hoover
1778,856,884,1929,Hoover
1779,856,884,1929,Hoover
1780,857,884,1929,Hoover
1781,857,884,1929,Hoover
1782,858,884,1929,Hoover
1783,858,884,1929,Hoover
1784,859,884,1929,Hoover
1785,860,884,1929,Hoover
1786,861,884,1929,Hoover
1787,862,884,1929,Hoover
1788,862,884,1929,Hoover
1789,862,884,1929,Hoover
1790,862,884,1929,Hoover
1791,863,884,1929,Hoover
1792,863,884,1929,Hoover
1793,863,884,1929,Hoover
1794,863,884,1929,Hoover
1795,863,884,1929,Hoover
1796,863,884,1929,Hoover
1797,863,884,1929,Hoover
1798,863,884,1929,Hoover
1799,863,884,1929,Hoover
1800,863,884,1929,Hoover
1801,863,884,1929,Hoover
1802,863,884,1929,Hoover
1803,864,884,1929,Hoover
1804,865,884,1929,Hoover
1805,865,884,1929,Hoover
1806,866,884,1929,Hoover
1807,867,884,1929,Hoover
1808,868,884,1929,Hoover
1809,868,884,1929,Hoover
1810,869,884,1929,Hoover
1811,869,884,1929,Hoover
1812,870,884,1929,Hoover
1813,870,884,1929,Hoover
1814,870,884,1929,Hoover
1815,870,884,1929,Hoover
1816,870,884,1929,Hoover
1817,870,884,1929,Hoover
1818,870,884,1929,Hoover
1819,870,884,1929,Hoover
1820,870,884,1929,Hoover
1821,870,884,1929,Hoover
1822,871,884,1929,Hoover
1823,871,884,1929,Hoover
1824,871,884,1929,Hoover
1825,871,884,1929,Hoover
1826,871,884,1929,Hoover
1827,871,884,1929,Hoover
1828,872,884,1929,Hoover
1829,872,884,1929,Hoover
1830,872,884,1929,Hoover
1831,872,884,1929,Hoover
1832,873,884,1929,Hoover
1833,873,884,1929,Hoover
1834,873,884,1929,Hoover
1835,873,884,1929,Hoover
1836,873,884,1929,Hoover
1837,873,884,1929,Hoover
1838,873,884,1929,Hoover
1839,873,884,1929,Hoover
1840,873,884,1929,Hoover
1841,873,884,1929,Hoover
1842,873,884,1929,Hoover
1843,874,884,1929,Hoover
1844,874,884,1929,Hoover
1845,874,884,1929,Hoover
1846,875,884,1929,Hoover
1847,875,884,1929,Hoover
1848,875,884,1929,Hoover
1849,876,884,1929,Hoover
1850,876,884,1929,Hoover
1851,877,884,1929,Hoover
1852,878,884,1929,Hoover
1853,878,884,1929,Hoover
1854,879,884,1929,Hoover
1855,880,884,1929,Hoover
1856,880,884,1929,Hoover
1857,880,884,1929,Hoover
1858,881,884,1929,Hoover
1859,881,884,1929,Hoover
1860,882,884,1929,Hoover
1861,882,884,1929,Hoover
1862,883,884,1929,Hoover
1863,883,884,1929,Hoover
1864,883,884,1929,Hoover
1865,884,884,1929,Hoover
1866,884,884,1929,Hoover
1867,884,884,1929,Hoover
1868,884,884,1929,Hoover
1869,884,884,1929,Hoover
1870,884,884,1929,Hoover
1871,884,884,1929,Hoover
