0,1,630,1989,Bush
1,2,630,1989,Bush
2,3,630,1989,Bush
3,3,630,1989,Bush
4,4,630,1989,Bush
5,5,630,1989,Bush
6,5,630,1989,Bush
7,6,630,1989,Bush
8,7,630,1989,Bush
9,8,630,1989,Bush
10,9,630,1989,Bush
11,10,630,1989,Bush
12,10,630,1989,Bush
13,11,630,1989,Bush
14,12,630,1989,Bush
15,13,630,1989,Bush
16,14,630,1989,Bush
17,15,630,1989,Bush
18,16,630,1989,Bush
19,17,630,1989,Bush
20,18,630,1989,Bush
21,19,630,1989,Bush
22,20,630,1989,Bush
23,21,630,1989,Bush
24,22,630,1989,Bush
25,23,630,1989,Bush
26,24,630,1989,Bush
27,24,630,1989,Bush
28,25,630,1989,Bush
29,26,630,1989,Bush
30,27,630,1989,Bush
31,28,630,1989,Bush
32,29,630,1989,Bush
33,30,630,1989,Bush
34,31,630,1989,Bush
35,32,630,1989,Bush
36,33,630,1989,Bush
37,33,630,1989,Bush
38,34,630,1989,Bush
39,35,630,1989,Bush
40,35,630,1989,Bush
41,36,630,1989,Bush
42,37,630,1989,Bush
43,38,630,1989,Bush
44,39,630,1989,Bush
45,40,630,1989,Bush
46,41,630,1989,Bush
47,42,630,1989,Bush
48,42,630,1989,Bush
49,43,630,1989,Bush
50,44,630,1989,Bush
51,44,630,1989,Bush
52,44,630,1989,Bush
53,45,630,1989,Bush
54,46,630,1989,Bush
55,47,630,1989,Bush
56,47,630,1989,Bush
57,48,630,1989,Bush
58,49,630,1989,Bush
59,50,630,1989,Bush
60,51,630,1989,Bush
61,51,630,1989,Bush
62,52,630,1989,Bush
63,53,630,1989,Bush
64,54,630,1989,Bush
65,55,630,1989,Bush
66,56,630,1989,Bush
67,56,630,1989,Bush
68,57,630,1989,Bush
69,58,630,1989,Bush
70,59,630,1989,Bush
71,59,630,1989,Bush
72,60,630,1989,Bush
73,61,630,1989,Bush
74,62,630,1989,Bush
75,63,630,1989,Bush
76,64,630,1989,Bush
77,64,630,1989,Bush
78,65,630,1989,Bush
79,66,630,1989,Bush
80,67,630,1989,Bush
81,68,630,1989,Bush
82,69,630,1989,Bush
83,70,630,1989,Bush
84,71,630,1989,Bush
85,72,630,1989,Bush
86,73,630,1989,Bush
87,73,630,1989,Bush
88,74,630,1989,Bush
89,74,630,1989,Bush
90,74,630,1989,Bush
91,75,630,1989,Bush
92,75,630,1989,Bush
93,75,630,1989,Bush
94,76,630,1989,Bush
95,77,630,1989,Bush
96,78,630,1989,Bush
97,79,630,1989,Bush
98,80,630,1989,Bush
99,80,630,1989,Bush
100,81,630,1989,Bush
101,82,630,1989,Bush
102,82,630,1989,Bush
103,83,630,1989,Bush
104,83,630,1989,Bush
105,84,630,1989,Bush
106,85,630,1989,Bush
107,86,630,1989,Bush
108,87,630,1989,Bush
109,87,630,1989,Bush
110,87,630,1989,Bush
111,87,630,1989,Bush
112,87,630,1989,Bush
113,88,630,1989,Bush
114,89,630,1989,Bush
115,90,630,1989,Bush
116,91,630,1989,Bush
117,92,630,1989,Bush
118,93,630,1989,Bush
119,94,630,1989,Bush
120,94,630,1989,Bush
121,95,630,1989,Bush
122,96,630,1989,Bush
123,97,630,1989,Bush
124,98,630,1989,Bush
125,99,630,1989,Bush
126,99,630,1989,Bush
127,99,630,1989,Bush
128,100,630,1989,Bush
129,100,630,1989,Bush
130,101,630,1989,Bush
131,102,630,1989,Bush
132,103,630,1989,Bush
133,104,630,1989,Bush
134,104,630,1989,Bush
135,105,630,1989,Bush
136,105,630,1989,Bush
137,105,630,1989,Bush
138,106,630,1989,Bush
139,107,630,1989,Bush
140,108,630,1989,Bush
141,109,630,1989,Bush
142,109,630,1989,Bush
143,110,630,1989,Bush
144,110,630,1989,Bush
145,111,630,1989,Bush
146,112,630,1989,Bush
147,112,630,1989,Bush
148,113,630,1989,Bush
149,114,630,1989,Bush
150,115,630,1989,Bush
151,116,630,1989,Bush
152,116,630,1989,Bush
153,117,630,1989,Bush
154,117,630,1989,Bush
155,117,630,1989,Bush
156,118,630,1989,Bush
157,118,630,1989,Bush
158,118,630,1989,Bush
159,118,630,1989,Bush
160,119,630,1989,Bush
161,120,630,1989,Bush
162,121,630,1989,Bush
163,121,630,1989,Bush
164,122,630,1989,Bush
165,123,630,1989,Bush
166,124,630,1989,Bush
167,124,630,1989,Bush
168,125,630,1989,Bush
169,126,630,1989,Bush
170,126,630,1989,Bush
171,127,630,1989,Bush
172,128,630,1989,Bush
173,129,630,1989,Bush
174,130,630,1989,Bush
175,130,630,1989,Bush
176,131,630,1989,Bush
177,131,630,1989,Bush
178,132,630,1989,Bush
179,133,630,1989,Bush
180,134,630,1989,Bush
181,134,630,1989,Bush
182,135,630,1989,Bush
183,136,630,1989,Bush
184,137,630,1989,Bush
185,138,630,1989,Bush
186,138,630,1989,Bush
187,138,630,1989,Bush
188,138,630,1989,Bush
189,138,630,1989,Bush
190,139,630,1989,Bush
191,140,630,1989,Bush
192,141,630,1989,Bush
193,142,630,1989,Bush
194,143,630,1989,Bush
195,144,630,1989,Bush
196,145,630,1989,Bush
197,146,630,1989,Bush
198,147,630,1989,Bush
199,148,630,1989,Bush
200,149,630,1989,Bush
201,150,630,1989,Bush
202,151,630,1989,Bush
203,152,630,1989,Bush
204,153,630,1989,Bush
205,153,630,1989,Bush
206,153,630,1989,Bush
207,153,630,1989,Bush
208,153,630,1989,Bush
209,153,630,1989,Bush
210,153,630,1989,Bush
211,154,630,1989,Bush
212,155,630,1989,Bush
213,156,630,1989,Bush
214,156,630,1989,Bush
215,156,630,1989,Bush
216,157,630,1989,Bush
217,158,630,1989,Bush
218,158,630,1989,Bush
219,159,630,1989,Bush
220,159,630,1989,Bush
221,159,630,1989,Bush
222,159,630,1989,Bush
223,160,630,1989,Bush
224,160,630,1989,Bush
225,161,630,1989,Bush
226,162,630,1989,Bush
227,163,630,1989,Bush
228,164,630,1989,Bush
229,165,630,1989,Bush
230,166,630,1989,Bush
231,167,630,1989,Bush
232,168,630,1989,Bush
233,168,630,1989,Bush
234,169,630,1989,Bush
235,170,630,1989,Bush
236,170,630,1989,Bush
237,170,630,1989,Bush
238,170,630,1989,Bush
239,171,630,1989,Bush
240,172,630,1989,Bush
241,172,630,1989,Bush
242,173,630,1989,Bush
243,174,630,1989,Bush
244,175,630,1989,Bush
245,175,630,1989,Bush
246,175,630,1989,Bush
247,175,630,1989,Bush
248,176,630,1989,Bush
249,177,630,1989,Bush
250,177,630,1989,Bush
251,177,630,1989,Bush
252,177,630,1989,Bush
253,178,630,1989,Bush
254,179,630,1989,Bush
255,179,630,1989,Bush
256,180,630,1989,Bush
257,180,630,1989,Bush
258,181,630,1989,Bush
259,182,630,1989,Bush
260,182,630,1989,Bush
261,183,630,1989,Bush
262,183,630,1989,Bush
263,183,630,1989,Bush
264,183,630,1989,Bush
265,184,630,1989,Bush
266,184,630,1989,Bush
267,184,630,1989,Bush
268,184,630,1989,Bush
269,185,630,1989,Bush
270,185,630,1989,Bush
271,186,630,1989,Bush
272,187,630,1989,Bush
273,188,630,1989,Bush
274,189,630,1989,Bush
275,190,630,1989,Bush
276,190,630,1989,Bush
277,191,630,1989,Bush
278,191,630,1989,Bush
279,191,630,1989,Bush
280,191,630,1989,Bush
281,191,630,1989,Bush
282,191,630,1989,Bush
283,191,630,1989,Bush
284,191,630,1989,Bush
285,191,630,1989,Bush
286,191,630,1989,Bush
287,191,630,1989,Bush
288,192,630,1989,Bush
289,192,630,1989,Bush
290,193,630,1989,Bush
291,193,630,1989,Bush
292,194,630,1989,Bush
293,194,630,1989,Bush
294,194,630,1989,Bush
295,194,630,1989,Bush
296,195,630,1989,Bush
297,195,630,1989,Bush
298,196,630,1989,Bush
299,197,630,1989,Bush
300,197,630,1989,Bush
301,198,630,1989,Bush
302,199,630,1989,Bush
303,199,630,1989,Bush
304,199,630,1989,Bush
305,199,630,1989,Bush
306,200,630,1989,Bush
307,200,630,1989,Bush
308,200,630,1989,Bush
309,201,630,1989,Bush
310,201,630,1989,Bush
311,201,630,1989,Bush
312,202,630,1989,Bush
313,203,630,1989,Bush
314,203,630,1989,Bush
315,203,630,1989,Bush
316,203,630,1989,Bush
317,204,630,1989,Bush
318,205,630,1989,Bush
319,206,630,1989,Bush
320,206,630,1989,Bush
321,206,630,1989,Bush
322,206,630,1989,Bush
323,207,630,1989,Bush
324,207,630,1989,Bush
325,208,630,1989,Bush
326,208,630,1989,Bush
327,209,630,1989,Bush
328,210,630,1989,Bush
329,210,630,1989,Bush
330,211,630,1989,Bush
331,211,630,1989,Bush
332,211,630,1989,Bush
333,211,630,1989,Bush
334,212,630,1989,Bush
335,213,630,1989,Bush
336,214,630,1989,Bush
337,215,630,1989,Bush
338,216,630,1989,Bush
339,217,630,1989,Bush
340,217,630,1989,Bush
341,218,630,1989,Bush
342,219,630,1989,Bush
343,219,630,1989,Bush
344,220,630,1989,Bush
345,220,630,1989,Bush
346,221,630,1989,Bush
347,221,630,1989,Bush
348,221,630,1989,Bush
349,222,630,1989,Bush
350,222,630,1989,Bush
351,222,630,1989,Bush
352,223,630,1989,Bush
353,224,630,1989,Bush
354,224,630,1989,Bush
355,225,630,1989,Bush
356,225,630,1989,Bush
357,225,630,1989,Bush
358,225,630,1989,Bush
359,225,630,1989,Bush
360,225,630,1989,Bush
361,226,630,1989,Bush
362,227,630,1989,Bush
363,228,630,1989,Bush
364,228,630,1989,Bush
365,228,630,1989,Bush
366,229,630,1989,Bush
367,230,630,1989,Bush
368,231,630,1989,Bush
369,232,630,1989,Bush
370,233,630,1989,Bush
371,233,630,1989,Bush
372,233,630,1989,Bush
373,234,630,1989,Bush
374,234,630,1989,Bush
375,235,630,1989,Bush
376,235,630,1989,Bush
377,236,630,1989,Bush
378,237,630,1989,Bush
379,238,630,1989,Bush
380,238,630,1989,Bush
381,239,630,1989,Bush
382,240,630,1989,Bush
383,241,630,1989,Bush
384,241,630,1989,Bush
385,242,630,1989,Bush
386,243,630,1989,Bush
387,243,630,1989,Bush
388,244,630,1989,Bush
389,245,630,1989,Bush
390,246,630,1989,Bush
391,247,630,1989,Bush
392,247,630,1989,Bush
393,247,630,1989,Bush
394,247,630,1989,Bush
395,247,630,1989,Bush
396,248,630,1989,Bush
397,248,630,1989,Bush
398,248,630,1989,Bush
399,248,630,1989,Bush
400,249,630,1989,Bush
401,250,630,1989,Bush
402,251,630,1989,Bush
403,252,630,1989,Bush
404,252,630,1989,Bush
405,253,630,1989,Bush
406,254,630,1989,Bush
407,254,630,1989,Bush
408,254,630,1989,Bush
409,254,630,1989,Bush
410,255,630,1989,Bush
411,256,630,1989,Bush
412,257,630,1989,Bush
413,258,630,1989,Bush
414,258,630,1989,Bush
415,259,630,1989,Bush
416,260,630,1989,Bush
417,260,630,1989,Bush
418,260,630,1989,Bush
419,261,630,1989,Bush
420,262,630,1989,Bush
421,263,630,1989,Bush
422,263,630,1989,Bush
423,264,630,1989,Bush
424,265,630,1989,Bush
425,266,630,1989,Bush
426,266,630,1989,Bush
427,266,630,1989,Bush
428,266,630,1989,Bush
429,266,630,1989,Bush
430,267,630,1989,Bush
431,268,630,1989,Bush
432,269,630,1989,Bush
433,270,630,1989,Bush
434,271,630,1989,Bush
435,272,630,1989,Bush
436,273,630,1989,Bush
437,273,630,1989,Bush
438,274,630,1989,Bush
439,275,630,1989,Bush
440,275,630,1989,Bush
441,276,630,1989,Bush
442,276,630,1989,Bush
443,277,630,1989,Bush
444,277,630,1989,Bush
445,278,630,1989,Bush
446,278,630,1989,Bush
447,279,630,1989,Bush
448,279,630,1989,Bush
449,280,630,1989,Bush
450,281,630,1989,Bush
451,281,630,1989,Bush
452,281,630,1989,Bush
453,282,630,1989,Bush
454,282,630,1989,Bush
455,282,630,1989,Bush
456,283,630,1989,Bush
457,283,630,1989,Bush
458,283,630,1989,Bush
459,284,630,1989,Bush
460,285,630,1989,Bush
461,285,630,1989,Bush
462,285,630,1989,Bush
463,285,630,1989,Bush
464,285,630,1989,Bush
465,286,630,1989,Bush
466,287,630,1989,Bush
467,288,630,1989,Bush
468,289,630,1989,Bush
469,289,630,1989,Bush
470,290,630,1989,Bush
471,291,630,1989,Bush
472,291,630,1989,Bush
473,291,630,1989,Bush
474,292,630,1989,Bush
475,293,630,1989,Bush
476,293,630,1989,Bush
477,293,630,1989,Bush
478,293,630,1989,Bush
479,294,630,1989,Bush
480,295,630,1989,Bush
481,296,630,1989,Bush
482,297,630,1989,Bush
483,298,630,1989,Bush
484,298,630,1989,Bush
485,299,630,1989,Bush
486,299,630,1989,Bush
487,299,630,1989,Bush
488,299,630,1989,Bush
489,299,630,1989,Bush
490,299,630,1989,Bush
491,299,630,1989,Bush
492,300,630,1989,Bush
493,301,630,1989,Bush
494,301,630,1989,Bush
495,302,630,1989,Bush
496,302,630,1989,Bush
497,302,630,1989,Bush
498,302,630,1989,Bush
499,302,630,1989,Bush
500,302,630,1989,Bush
501,302,630,1989,Bush
502,303,630,1989,Bush
503,304,630,1989,Bush
504,305,630,1989,Bush
505,305,630,1989,Bush
506,305,630,1989,Bush
507,306,630,1989,Bush
508,306,630,1989,Bush
509,307,630,1989,Bush
510,307,630,1989,Bush
511,307,630,1989,Bush
512,307,630,1989,Bush
513,308,630,1989,Bush
514,309,630,1989,Bush
515,310,630,1989,Bush
516,311,630,1989,Bush
517,312,630,1989,Bush
518,313,630,1989,Bush
519,314,630,1989,Bush
520,315,630,1989,Bush
521,315,630,1989,Bush
522,316,630,1989,Bush
523,317,630,1989,Bush
524,318,630,1989,Bush
525,318,630,1989,Bush
526,319,630,1989,Bush
527,319,630,1989,Bush
528,320,630,1989,Bush
529,320,630,1989,Bush
530,321,630,1989,Bush
531,322,630,1989,Bush
532,323,630,1989,Bush
533,323,630,1989,Bush
534,324,630,1989,Bush
535,325,630,1989,Bush
536,325,630,1989,Bush
537,325,630,1989,Bush
538,326,630,1989,Bush
539,326,630,1989,Bush
540,327,630,1989,Bush
541,328,630,1989,Bush
542,329,630,1989,Bush
543,330,630,1989,Bush
544,331,630,1989,Bush
545,331,630,1989,Bush
546,331,630,1989,Bush
547,331,630,1989,Bush
548,332,630,1989,Bush
549,332,630,1989,Bush
550,333,630,1989,Bush
551,333,630,1989,Bush
552,334,630,1989,Bush
553,335,630,1989,Bush
554,336,630,1989,Bush
555,337,630,1989,Bush
556,338,630,1989,Bush
557,339,630,1989,Bush
558,339,630,1989,Bush
559,340,630,1989,Bush
560,340,630,1989,Bush
561,341,630,1989,Bush
562,342,630,1989,Bush
563,343,630,1989,Bush
564,343,630,1989,Bush
565,344,630,1989,Bush
566,345,630,1989,Bush
567,345,630,1989,Bush
568,346,630,1989,Bush
569,346,630,1989,Bush
570,346,630,1989,Bush
571,346,630,1989,Bush
572,347,630,1989,Bush
573,348,630,1989,Bush
574,349,630,1989,Bush
575,349,630,1989,Bush
576,350,630,1989,Bush
577,351,630,1989,Bush
578,352,630,1989,Bush
579,353,630,1989,Bush
580,354,630,1989,Bush
581,355,630,1989,Bush
582,355,630,1989,Bush
583,356,630,1989,Bush
584,357,630,1989,Bush
585,357,630,1989,Bush
586,358,630,1989,Bush
587,358,630,1989,Bush
588,358,630,1989,Bush
589,359,630,1989,Bush
590,360,630,1989,Bush
591,360,630,1989,Bush
592,360,630,1989,Bush
593,361,630,1989,Bush
594,362,630,1989,Bush
595,363,630,1989,Bush
596,364,630,1989,Bush
597,365,630,1989,Bush
598,365,630,1989,Bush
599,365,630,1989,Bush
600,366,630,1989,Bush
601,366,630,1989,Bush
602,367,630,1989,Bush
603,367,630,1989,Bush
604,368,630,1989,Bush
605,368,630,1989,Bush
606,369,630,1989,Bush
607,369,630,1989,Bush
608,370,630,1989,Bush
609,371,630,1989,Bush
610,372,630,1989,Bush
611,372,630,1989,Bush
612,372,630,1989,Bush
613,372,630,1989,Bush
614,372,630,1989,Bush
615,373,630,1989,Bush
616,374,630,1989,Bush
617,375,630,1989,Bush
618,376,630,1989,Bush
619,377,630,1989,Bush
620,378,630,1989,Bush
621,379,630,1989,Bush
622,379,630,1989,Bush
623,379,630,1989,Bush
624,380,630,1989,Bush
625,381,630,1989,Bush
626,381,630,1989,Bush
627,381,630,1989,Bush
628,382,630,1989,Bush
629,382,630,1989,Bush
630,382,630,1989,Bush
631,383,630,1989,Bush
632,384,630,1989,Bush
633,384,630,1989,Bush
634,385,630,1989,Bush
635,385,630,1989,Bush
636,386,630,1989,Bush
637,386,630,1989,Bush
638,387,630,1989,Bush
639,388,630,1989,Bush
640,389,630,1989,Bush
641,390,630,1989,Bush
642,391,630,1989,Bush
643,392,630,1989,Bush
644,393,630,1989,Bush
645,393,630,1989,Bush
646,394,630,1989,Bush
647,395,630,1989,Bush
648,395,630,1989,Bush
649,395,630,1989,Bush
650,395,630,1989,Bush
651,395,630,1989,Bush
652,395,630,1989,Bush
653,395,630,1989,Bush
654,396,630,1989,Bush
655,397,630,1989,Bush
656,398,630,1989,Bush
657,398,630,1989,Bush
658,399,630,1989,Bush
659,400,630,1989,Bush
660,400,630,1989,Bush
661,400,630,1989,Bush
662,401,630,1989,Bush
663,402,630,1989,Bush
664,403,630,1989,Bush
665,404,630,1989,Bush
666,404,630,1989,Bush
667,405,630,1989,Bush
668,405,630,1989,Bush
669,406,630,1989,Bush
670,407,630,1989,Bush
671,407,630,1989,Bush
672,407,630,1989,Bush
673,407,630,1989,Bush
674,407,630,1989,Bush
675,408,630,1989,Bush
676,409,630,1989,Bush
677,409,630,1989,Bush
678,409,630,1989,Bush
679,409,630,1989,Bush
680,409,630,1989,Bush
681,409,630,1989,Bush
682,409,630,1989,Bush
683,409,630,1989,Bush
684,409,630,1989,Bush
685,410,630,1989,Bush
686,411,630,1989,Bush
687,411,630,1989,Bush
688,412,630,1989,Bush
689,413,630,1989,Bush
690,414,630,1989,Bush
691,414,630,1989,Bush
692,415,630,1989,Bush
693,416,630,1989,Bush
694,417,630,1989,Bush
695,417,630,1989,Bush
696,417,630,1989,Bush
697,417,630,1989,Bush
698,417,630,1989,Bush
699,418,630,1989,Bush
700,419,630,1989,Bush
701,419,630,1989,Bush
702,420,630,1989,Bush
703,420,630,1989,Bush
704,421,630,1989,Bush
705,421,630,1989,Bush
706,422,630,1989,Bush
707,422,630,1989,Bush
708,422,630,1989,Bush
709,422,630,1989,Bush
710,423,630,1989,Bush
711,424,630,1989,Bush
712,425,630,1989,Bush
713,425,630,1989,Bush
714,425,630,1989,Bush
715,426,630,1989,Bush
716,426,630,1989,Bush
717,426,630,1989,Bush
718,426,630,1989,Bush
719,427,630,1989,Bush
720,427,630,1989,Bush
721,427,630,1989,Bush
722,428,630,1989,Bush
723,429,630,1989,Bush
724,429,630,1989,Bush
725,430,630,1989,Bush
726,430,630,1989,Bush
727,431,630,1989,Bush
728,432,630,1989,Bush
729,432,630,1989,Bush
730,432,630,1989,Bush
731,433,630,1989,Bush
732,434,630,1989,Bush
733,434,630,1989,Bush
734,434,630,1989,Bush
735,435,630,1989,Bush
736,436,630,1989,Bush
737,437,630,1989,Bush
738,438,630,1989,Bush
739,438,630,1989,Bush
740,438,630,1989,Bush
741,438,630,1989,Bush
742,438,630,1989,Bush
743,438,630,1989,Bush
744,439,630,1989,Bush
745,440,630,1989,Bush
746,441,630,1989,Bush
747,441,630,1989,Bush
748,442,630,1989,Bush
749,442,630,1989,Bush
750,443,630,1989,Bush
751,444,630,1989,Bush
752,445,630,1989,Bush
753,445,630,1989,Bush
754,446,630,1989,Bush
755,447,630,1989,Bush
756,447,630,1989,Bush
757,447,630,1989,Bush
758,448,630,1989,Bush
759,449,630,1989,Bush
760,450,630,1989,Bush
761,451,630,1989,Bush
762,452,630,1989,Bush
763,452,630,1989,Bush
764,452,630,1989,Bush
765,452,630,1989,Bush
766,453,630,1989,Bush
767,453,630,1989,Bush
768,453,630,1989,Bush
769,454,630,1989,Bush
770,454,630,1989,Bush
771,455,630,1989,Bush
772,455,630,1989,Bush
773,455,630,1989,Bush
774,455,630,1989,Bush
775,455,630,1989,Bush
776,456,630,1989,Bush
777,457,630,1989,Bush
778,457,630,1989,Bush
779,457,630,1989,Bush
780,458,630,1989,Bush
781,459,630,1989,Bush
782,460,630,1989,Bush
783,461,630,1989,Bush
784,462,630,1989,Bush
785,462,630,1989,Bush
786,462,630,1989,Bush
787,463,630,1989,Bush
788,464,630,1989,Bush
789,464,630,1989,Bush
790,464,630,1989,Bush
791,464,630,1989,Bush
792,465,630,1989,Bush
793,466,630,1989,Bush
794,467,630,1989,Bush
795,467,630,1989,Bush
796,467,630,1989,Bush
797,467,630,1989,Bush
798,467,630,1989,Bush
799,467,630,1989,Bush
800,467,630,1989,Bush
801,468,630,1989,Bush
802,468,630,1989,Bush
803,468,630,1989,Bush
804,468,630,1989,Bush
805,469,630,1989,Bush
806,469,630,1989,Bush
807,470,630,1989,Bush
808,470,630,1989,Bush
809,470,630,1989,Bush
810,470,630,1989,Bush
811,470,630,1989,Bush
812,471,630,1989,Bush
813,471,630,1989,Bush
814,471,630,1989,Bush
815,471,630,1989,Bush
816,471,630,1989,Bush
817,471,630,1989,Bush
818,472,630,1989,Bush
819,472,630,1989,Bush
820,472,630,1989,Bush
821,473,630,1989,Bush
822,473,630,1989,Bush
823,473,630,1989,Bush
824,473,630,1989,Bush
825,473,630,1989,Bush
826,473,630,1989,Bush
827,473,630,1989,Bush
828,473,630,1989,Bush
829,474,630,1989,Bush
830,475,630,1989,Bush
831,475,630,1989,Bush
832,475,630,1989,Bush
833,475,630,1989,Bush
834,475,630,1989,Bush
835,476,630,1989,Bush
836,476,630,1989,Bush
837,476,630,1989,Bush
838,476,630,1989,Bush
839,477,630,1989,Bush
840,478,630,1989,Bush
841,478,630,1989,Bush
842,478,630,1989,Bush
843,478,630,1989,Bush
844,478,630,1989,Bush
845,478,630,1989,Bush
846,478,630,1989,Bush
847,478,630,1989,Bush
848,478,630,1989,Bush
849,479,630,1989,Bush
850,480,630,1989,Bush
851,481,630,1989,Bush
852,481,630,1989,Bush
853,482,630,1989,Bush
854,482,630,1989,Bush
855,482,630,1989,Bush
856,482,630,1989,Bush
857,482,630,1989,Bush
858,482,630,1989,Bush
859,482,630,1989,Bush
860,482,630,1989,Bush
861,482,630,1989,Bush
862,482,630,1989,Bush
863,482,630,1989,Bush
864,483,630,1989,Bush
865,484,630,1989,Bush
866,485,630,1989,Bush
867,486,630,1989,Bush
868,486,630,1989,Bush
869,486,630,1989,Bush
870,486,630,1989,Bush
871,486,630,1989,Bush
872,487,630,1989,Bush
873,487,630,1989,Bush
874,488,630,1989,Bush
875,489,630,1989,Bush
876,489,630,1989,Bush
877,489,630,1989,Bush
878,489,630,1989,Bush
879,489,630,1989,Bush
880,489,630,1989,Bush
881,489,630,1989,Bush
882,489,630,1989,Bush
883,489,630,1989,Bush
884,489,630,1989,Bush
885,490,630,1989,Bush
886,490,630,1989,Bush
887,490,630,1989,Bush
888,491,630,1989,Bush
889,491,630,1989,Bush
890,492,630,1989,Bush
891,492,630,1989,Bush
892,492,630,1989,Bush
893,492,630,1989,Bush
894,493,630,1989,Bush
895,494,630,1989,Bush
896,495,630,1989,Bush
897,495,630,1989,Bush
898,495,630,1989,Bush
899,495,630,1989,Bush
900,495,630,1989,Bush
901,495,630,1989,Bush
902,495,630,1989,Bush
903,495,630,1989,Bush
904,495,630,1989,Bush
905,496,630,1989,Bush
906,496,630,1989,Bush
907,496,630,1989,Bush
908,497,630,1989,Bush
909,498,630,1989,Bush
910,498,630,1989,Bush
911,499,630,1989,Bush
912,499,630,1989,Bush
913,500,630,1989,Bush
914,500,630,1989,Bush
915,500,630,1989,Bush
916,500,630,1989,Bush
917,500,630,1989,Bush
918,501,630,1989,Bush
919,502,630,1989,Bush
920,502,630,1989,Bush
921,502,630,1989,Bush
922,503,630,1989,Bush
923,503,630,1989,Bush
924,504,630,1989,Bush
925,504,630,1989,Bush
926,504,630,1989,Bush
927,504,630,1989,Bush
928,505,630,1989,Bush
929,506,630,1989,Bush
930,507,630,1989,Bush
931,507,630,1989,Bush
932,508,630,1989,Bush
933,509,630,1989,Bush
934,510,630,1989,Bush
935,510,630,1989,Bush
936,511,630,1989,Bush
937,511,630,1989,Bush
938,512,630,1989,Bush
939,512,630,1989,Bush
940,512,630,1989,Bush
941,512,630,1989,Bush
942,513,630,1989,Bush
943,514,630,1989,Bush
944,514,630,1989,Bush
945,514,630,1989,Bush
946,514,630,1989,Bush
947,514,630,1989,Bush
948,514,630,1989,Bush
949,514,630,1989,Bush
950,514,630,1989,Bush
951,515,630,1989,Bush
952,515,630,1989,Bush
953,516,630,1989,Bush
954,516,630,1989,Bush
955,516,630,1989,Bush
956,517,630,1989,Bush
957,517,630,1989,Bush
958,517,630,1989,Bush
959,518,630,1989,Bush
960,519,630,1989,Bush
961,520,630,1989,Bush
962,520,630,1989,Bush
963,520,630,1989,Bush
964,521,630,1989,Bush
965,522,630,1989,Bush
966,522,630,1989,Bush
967,522,630,1989,Bush
968,523,630,1989,Bush
969,524,630,1989,Bush
970,525,630,1989,Bush
971,526,630,1989,Bush
972,527,630,1989,Bush
973,528,630,1989,Bush
974,528,630,1989,Bush
975,528,630,1989,Bush
976,529,630,1989,Bush
977,530,630,1989,Bush
978,531,630,1989,Bush
979,531,630,1989,Bush
980,531,630,1989,Bush
981,531,630,1989,Bush
982,531,630,1989,Bush
983,532,630,1989,Bush
984,532,630,1989,Bush
985,533,630,1989,Bush
986,533,630,1989,Bush
987,534,630,1989,Bush
988,535,630,1989,Bush
989,536,630,1989,Bush
990,537,630,1989,Bush
991,538,630,1989,Bush
992,539,630,1989,Bush
993,539,630,1989,Bush
994,539,630,1989,Bush
995,539,630,1989,Bush
996,539,630,1989,Bush
997,540,630,1989,Bush
998,540,630,1989,Bush
999,541,630,1989,Bush
1000,542,630,1989,Bush
1001,542,630,1989,Bush
1002,542,630,1989,Bush
1003,543,630,1989,Bush
1004,543,630,1989,Bush
1005,543,630,1989,Bush
1006,543,630,1989,Bush
1007,543,630,1989,Bush
1008,544,630,1989,Bush
1009,545,630,1989,Bush
1010,545,630,1989,Bush
1011,546,630,1989,Bush
1012,546,630,1989,Bush
1013,546,630,1989,Bush
1014,547,630,1989,Bush
1015,548,630,1989,Bush
1016,548,630,1989,Bush
1017,548,630,1989,Bush
1018,548,630,1989,Bush
1019,548,630,1989,Bush
1020,548,630,1989,Bush
1021,548,630,1989,Bush
1022,549,630,1989,Bush
1023,549,630,1989,Bush
1024,549,630,1989,Bush
1025,550,630,1989,Bush
1026,551,630,1989,Bush
1027,551,630,1989,Bush
1028,551,630,1989,Bush
1029,552,630,1989,Bush
1030,552,630,1989,Bush
1031,553,630,1989,Bush
1032,553,630,1989,Bush
1033,554,630,1989,Bush
1034,555,630,1989,Bush
1035,556,630,1989,Bush
1036,556,630,1989,Bush
1037,556,630,1989,Bush
1038,557,630,1989,Bush
1039,558,630,1989,Bush
1040,558,630,1989,Bush
1041,559,630,1989,Bush
1042,560,630,1989,Bush
1043,560,630,1989,Bush
1044,560,630,1989,Bush
1045,561,630,1989,Bush
1046,561,630,1989,Bush
1047,561,630,1989,Bush
1048,561,630,1989,Bush
1049,561,630,1989,Bush
1050,561,630,1989,Bush
1051,561,630,1989,Bush
1052,562,630,1989,Bush
1053,563,630,1989,Bush
1054,564,630,1989,Bush
1055,565,630,1989,Bush
1056,566,630,1989,Bush
1057,567,630,1989,Bush
1058,567,630,1989,Bush
1059,567,630,1989,Bush
1060,568,630,1989,Bush
1061,568,630,1989,Bush
1062,568,630,1989,Bush
1063,568,630,1989,Bush
1064,568,630,1989,Bush
1065,568,630,1989,Bush
1066,568,630,1989,Bush
1067,568,630,1989,Bush
1068,568,630,1989,Bush
1069,568,630,1989,Bush
1070,569,630,1989,Bush
1071,569,630,1989,Bush
1072,569,630,1989,Bush
1073,569,630,1989,Bush
1074,570,630,1989,Bush
1075,570,630,1989,Bush
1076,570,630,1989,Bush
1077,570,630,1989,Bush
1078,571,630,1989,Bush
1079,572,630,1989,Bush
1080,572,630,1989,Bush
1081,573,630,1989,Bush
1082,573,630,1989,Bush
1083,573,630,1989,Bush
1084,573,630,1989,Bush
1085,573,630,1989,Bush
1086,573,630,1989,Bush
1087,573,630,1989,Bush
1088,573,630,1989,Bush
1089,574,630,1989,Bush
1090,574,630,1989,Bush
1091,574,630,1989,Bush
1092,574,630,1989,Bush
1093,574,630,1989,Bush
1094,574,630,1989,Bush
1095,574,630,1989,Bush
1096,574,630,1989,Bush
1097,574,630,1989,Bush
1098,575,630,1989,Bush
1099,576,630,1989,Bush
1100,577,630,1989,Bush
1101,577,630,1989,Bush
1102,578,630,1989,Bush
1103,579,630,1989,Bush
1104,579,630,1989,Bush
1105,579,630,1989,Bush
1106,579,630,1989,Bush
1107,579,630,1989,Bush
1108,579,630,1989,Bush
1109,580,630,1989,Bush
1110,581,630,1989,Bush
1111,582,630,1989,Bush
1112,583,630,1989,Bush
1113,584,630,1989,Bush
1114,585,630,1989,Bush
1115,585,630,1989,Bush
1116,585,630,1989,Bush
1117,585,630,1989,Bush
1118,586,630,1989,Bush
1119,587,630,1989,Bush
1120,588,630,1989,Bush
1121,588,630,1989,Bush
1122,588,630,1989,Bush
1123,588,630,1989,Bush
1124,589,630,1989,Bush
1125,590,630,1989,Bush
1126,590,630,1989,Bush
1127,591,630,1989,Bush
1128,591,630,1989,Bush
1129,591,630,1989,Bush
1130,591,630,1989,Bush
1131,592,630,1989,Bush
1132,593,630,1989,Bush
1133,594,630,1989,Bush
1134,594,630,1989,Bush
1135,595,630,1989,Bush
1136,596,630,1989,Bush
1137,597,630,1989,Bush
1138,598,630,1989,Bush
1139,599,630,1989,Bush
1140,600,630,1989,Bush
1141,600,630,1989,Bush
1142,600,630,1989,Bush
1143,600,630,1989,Bush
1144,600,630,1989,Bush
1145,600,630,1989,Bush
1146,601,630,1989,Bush
1147,601,630,1989,Bush
1148,601,630,1989,Bush
1149,601,630,1989,Bush
1150,602,630,1989,Bush
1151,603,630,1989,Bush
1152,603,630,1989,Bush
1153,603,630,1989,Bush
1154,603,630,1989,Bush
1155,603,630,1989,Bush
1156,604,630,1989,Bush
1157,604,630,1989,Bush
1158,605,630,1989,Bush
1159,605,630,1989,Bush
1160,605,630,1989,Bush
1161,606,630,1989,Bush
1162,607,630,1989,Bush
1163,607,630,1989,Bush
1164,607,630,1989,Bush
1165,608,630,1989,Bush
1166,608,630,1989,Bush
1167,609,630,1989,Bush
1168,609,630,1989,Bush
1169,609,630,1989,Bush
1170,609,630,1989,Bush
1171,609,630,1989,Bush
1172,609,630,1989,Bush
1173,610,630,1989,Bush
1174,611,630,1989,Bush
1175,612,630,1989,Bush
1176,612,630,1989,Bush
1177,613,630,1989,Bush
1178,614,630,1989,Bush
1179,615,630,1989,Bush
1180,615,630,1989,Bush
1181,615,630,1989,Bush
1182,615,630,1989,Bush
1183,616,630,1989,Bush
1184,616,630,1989,Bush
1185,617,630,1989,Bush
1186,618,630,1989,Bush
1187,618,630,1989,Bush
1188,618,630,1989,Bush
1189,618,630,1989,Bush
1190,618,630,1989,Bush
1191,618,630,1989,Bush
1192,619,630,1989,Bush
1193,620,630,1989,Bush
1194,621,630,1989,Bush
1195,621,630,1989,Bush
1196,622,630,1989,Bush
1197,622,630,1989,Bush
1198,622,630,1989,Bush
1199,623,630,1989,Bush
1200,623,630,1989,Bush
1201,623,630,1989,Bush
1202,623,630,1989,Bush
1203,623,630,1989,Bush
1204,624,630,1989,Bush
1205,624,630,1989,Bush
1206,624,630,1989,Bush
1207,625,630,1989,Bush
1208,626,630,1989,Bush
1209,626,630,1989,Bush
1210,626,630,1989,Bush
1211,627,630,1989,Bush
1212,627,630,1989,Bush
1213,628,630,1989,Bush
1214,629,630,1989,Bush
1215,629,630,1989,Bush
1216,629,630,1989,Bush
1217,629,630,1989,Bush
1218,629,630,1989,Bush
1219,629,630,1989,Bush
1220,630,630,1989,Bush
1221,630,630,1989,Bush
1222,630,630,1989,Bush
1223,630,630,1989,Bush
1224,630,630,1989,Bush
1225,630,630,1989,Bush
1226,630,630,1989,Bush
1227,630,630,1989,Bush
1228,630,630,1989,Bush
1229,630,630,1989,Bush
