0,1,627,1997,Clinton
1,2,627,1997,Clinton
2,3,627,1997,Clinton
3,4,627,1997,Clinton
4,5,627,1997,Clinton
5,6,627,1997,Clinton
6,7,627,1997,Clinton
7,8,627,1997,Clinton
8,9,627,1997,Clinton
9,10,627,1997,Clinton
10,11,627,1997,Clinton
11,12,627,1997,Clinton
12,13,627,1997,Clinton
13,14,627,1997,Clinton
14,15,627,1997,Clinton
15,15,627,1997,Clinton
16,16,627,1997,Clinton
17,16,627,1997,Clinton
18,17,627,1997,Clinton
19,18,627,1997,Clinton
20,19,627,1997,Clinton
21,20,627,1997,Clinton
22,21,627,1997,Clinton
23,22,627,1997,Clinton
24,23,627,1997,Clinton
25,23,627,1997,Clinton
26,24,627,1997,Clinton
27,25,627,1997,Clinton
28,25,627,1997,Clinton
29,25,627,1997,Clinton
30,26,627,1997,Clinton
31,26,627,1997,Clinton
32,27,627,1997,Clinton
33,27,627,1997,Clinton
34,28,627,1997,Clinton
35,29,627,1997,Clinton
36,30,627,1997,Clinton
37,31,627,1997,Clinton
38,32,627,1997,Clinton
39,33,627,1997,Clinton
40,34,627,1997,Clinton
41,35,627,1997,Clinton
42,36,627,1997,Clinton
43,37,627,1997,Clinton
44,38,627,1997,Clinton
45,39,627,1997,Clinton
46,40,627,1997,Clinton
47,41,627,1997,Clinton
48,42,627,1997,Clinton
49,43,627,1997,Clinton
50,44,627,1997,Clinton
51,45,627,1997,Clinton
52,46,627,1997,Clinton
53,47,627,1997,Clinton
54,48,627,1997,Clinton
55,48,627,1997,Clinton
56,48,627,1997,Clinton
57,49,627,1997,Clinton
58,50,627,1997,Clinton
59,51,627,1997,Clinton
60,51,627,1997,Clinton
61,51,627,1997,Clinton
62,52,627,1997,Clinton
63,53,627,1997,Clinton
64,53,627,1997,Clinton
65,54,627,1997,Clinton
66,55,627,1997,Clinton
67,55,627,1997,Clinton
68,56,627,1997,Clinton
69,57,627,1997,Clinton
70,58,627,1997,Clinton
71,59,627,1997,Clinton
72,59,627,1997,Clinton
73,60,627,1997,Clinton
74,61,627,1997,Clinton
75,61,627,1997,Clinton
76,62,627,1997,Clinton
77,63,627,1997,Clinton
78,64,627,1997,Clinton
79,65,627,1997,Clinton
80,66,627,1997,Clinton
81,67,627,1997,Clinton
82,68,627,1997,Clinton
83,69,627,1997,Clinton
84,70,627,1997,Clinton
85,71,627,1997,Clinton
86,72,627,1997,Clinton
87,73,627,1997,Clinton
88,74,627,1997,Clinton
89,74,627,1997,Clinton
90,75,627,1997,Clinton
91,76,627,1997,Clinton
92,77,627,1997,Clinton
93,78,627,1997,Clinton
94,79,627,1997,Clinton
95,80,627,1997,Clinton
96,80,627,1997,Clinton
97,81,627,1997,Clinton
98,81,627,1997,Clinton
99,81,627,1997,Clinton
100,82,627,1997,Clinton
101,82,627,1997,Clinton
102,83,627,1997,Clinton
103,84,627,1997,Clinton
104,85,627,1997,Clinton
105,85,627,1997,Clinton
106,85,627,1997,Clinton
107,86,627,1997,Clinton
108,87,627,1997,Clinton
109,87,627,1997,Clinton
110,88,627,1997,Clinton
111,89,627,1997,Clinton
112,90,627,1997,Clinton
113,90,627,1997,Clinton
114,90,627,1997,Clinton
115,91,627,1997,Clinton
116,91,627,1997,Clinton
117,92,627,1997,Clinton
118,93,627,1997,Clinton
119,94,627,1997,Clinton
120,94,627,1997,Clinton
121,95,627,1997,Clinton
122,96,627,1997,Clinton
123,97,627,1997,Clinton
124,98,627,1997,Clinton
125,99,627,1997,Clinton
126,99,627,1997,Clinton
127,100,627,1997,Clinton
128,100,627,1997,Clinton
129,101,627,1997,Clinton
130,102,627,1997,Clinton
131,103,627,1997,Clinton
132,103,627,1997,Clinton
133,104,627,1997,Clinton
134,105,627,1997,Clinton
135,106,627,1997,Clinton
136,107,627,1997,Clinton
137,108,627,1997,Clinton
138,109,627,1997,Clinton
139,110,627,1997,Clinton
140,111,627,1997,Clinton
141,112,627,1997,Clinton
142,113,627,1997,Clinton
143,114,627,1997,Clinton
144,115,627,1997,Clinton
145,116,627,1997,Clinton
146,117,627,1997,Clinton
147,118,627,1997,Clinton
148,119,627,1997,Clinton
149,120,627,1997,Clinton
150,121,627,1997,Clinton
151,122,627,1997,Clinton
152,123,627,1997,Clinton
153,124,627,1997,Clinton
154,125,627,1997,Clinton
155,126,627,1997,Clinton
156,126,627,1997,Clinton
157,127,627,1997,Clinton
158,128,627,1997,Clinton
159,129,627,1997,Clinton
160,130,627,1997,Clinton
161,131,627,1997,Clinton
162,132,627,1997,Clinton
163,133,627,1997,Clinton
164,134,627,1997,Clinton
165,135,627,1997,Clinton
166,135,627,1997,Clinton
167,135,627,1997,Clinton
168,135,627,1997,Clinton
169,135,627,1997,Clinton
170,135,627,1997,Clinton
171,136,627,1997,Clinton
172,136,627,1997,Clinton
173,137,627,1997,Clinton
174,137,627,1997,Clinton
175,138,627,1997,Clinton
176,138,627,1997,Clinton
177,139,627,1997,Clinton
178,139,627,1997,Clinton
179,139,627,1997,Clinton
180,140,627,1997,Clinton
181,140,627,1997,Clinton
182,140,627,1997,Clinton
183,140,627,1997,Clinton
184,140,627,1997,Clinton
185,140,627,1997,Clinton
186,141,627,1997,Clinton
187,141,627,1997,Clinton
188,141,627,1997,Clinton
189,142,627,1997,Clinton
190,143,627,1997,Clinton
191,144,627,1997,Clinton
192,145,627,1997,Clinton
193,145,627,1997,Clinton
194,146,627,1997,Clinton
195,147,627,1997,Clinton
196,147,627,1997,Clinton
197,148,627,1997,Clinton
198,149,627,1997,Clinton
199,149,627,1997,Clinton
200,150,627,1997,Clinton
201,150,627,1997,Clinton
202,150,627,1997,Clinton
203,151,627,1997,Clinton
204,151,627,1997,Clinton
205,151,627,1997,Clinton
206,152,627,1997,Clinton
207,153,627,1997,Clinton
208,154,627,1997,Clinton
209,154,627,1997,Clinton
210,155,627,1997,Clinton
211,156,627,1997,Clinton
212,157,627,1997,Clinton
213,158,627,1997,Clinton
214,159,627,1997,Clinton
215,159,627,1997,Clinton
216,160,627,1997,Clinton
217,161,627,1997,Clinton
218,162,627,1997,Clinton
219,162,627,1997,Clinton
220,163,627,1997,Clinton
221,163,627,1997,Clinton
222,164,627,1997,Clinton
223,165,627,1997,Clinton
224,165,627,1997,Clinton
225,166,627,1997,Clinton
226,167,627,1997,Clinton
227,168,627,1997,Clinton
228,169,627,1997,Clinton
229,170,627,1997,Clinton
230,170,627,1997,Clinton
231,171,627,1997,Clinton
232,171,627,1997,Clinton
233,172,627,1997,Clinton
234,172,627,1997,Clinton
235,173,627,1997,Clinton
236,173,627,1997,Clinton
237,174,627,1997,Clinton
238,175,627,1997,Clinton
239,176,627,1997,Clinton
240,177,627,1997,Clinton
241,178,627,1997,Clinton
242,179,627,1997,Clinton
243,179,627,1997,Clinton
244,180,627,1997,Clinton
245,181,627,1997,Clinton
246,181,627,1997,Clinton
247,182,627,1997,Clinton
248,183,627,1997,Clinton
249,183,627,1997,Clinton
250,184,627,1997,Clinton
251,184,627,1997,Clinton
252,185,627,1997,Clinton
253,186,627,1997,Clinton
254,187,627,1997,Clinton
255,188,627,1997,Clinton
256,188,627,1997,Clinton
257,189,627,1997,Clinton
258,190,627,1997,Clinton
259,191,627,1997,Clinton
260,192,627,1997,Clinton
261,193,627,1997,Clinton
262,194,627,1997,Clinton
263,195,627,1997,Clinton
264,195,627,1997,Clinton
265,196,627,1997,Clinton
266,197,627,1997,Clinton
267,198,627,1997,Clinton
268,198,627,1997,Clinton
269,199,627,1997,Clinton
270,200,627,1997,Clinton
271,201,627,1997,Clinton
272,202,627,1997,Clinton
273,203,627,1997,Clinton
274,204,627,1997,Clinton
275,205,627,1997,Clinton
276,206,627,1997,Clinton
277,206,627,1997,Clinton
278,206,627,1997,Clinton
279,207,627,1997,Clinton
280,208,627,1997,Clinton
281,209,627,1997,Clinton
282,209,627,1997,Clinton
283,210,627,1997,Clinton
284,210,627,1997,Clinton
285,210,627,1997,Clinton
286,211,627,1997,Clinton
287,212,627,1997,Clinton
288,213,627,1997,Clinton
289,213,627,1997,Clinton
290,214,627,1997,Clinton
291,214,627,1997,Clinton
292,214,627,1997,Clinton
293,214,627,1997,Clinton
294,215,627,1997,Clinton
295,215,627,1997,Clinton
296,215,627,1997,Clinton
297,215,627,1997,Clinton
298,215,627,1997,Clinton
299,216,627,1997,Clinton
300,217,627,1997,Clinton
301,218,627,1997,Clinton
302,219,627,1997,Clinton
303,220,627,1997,Clinton
304,220,627,1997,Clinton
305,220,627,1997,Clinton
306,221,627,1997,Clinton
307,222,627,1997,Clinton
308,223,627,1997,Clinton
309,223,627,1997,Clinton
310,224,627,1997,Clinton
311,224,627,1997,Clinton
312,225,627,1997,Clinton
313,226,627,1997,Clinton
314,226,627,1997,Clinton
315,227,627,1997,Clinton
316,227,627,1997,Clinton
317,228,627,1997,Clinton
318,228,627,1997,Clinton
319,229,627,1997,Clinton
320,230,627,1997,Clinton
321,230,627,1997,Clinton
322,231,627,1997,Clinton
323,231,627,1997,Clinton
324,231,627,1997,Clinton
325,231,627,1997,Clinton
326,231,627,1997,Clinton
327,232,627,1997,Clinton
328,232,627,1997,Clinton
329,232,627,1997,Clinton
330,232,627,1997,Clinton
331,232,627,1997,Clinton
332,233,627,1997,Clinton
333,233,627,1997,Clinton
334,234,627,1997,Clinton
335,235,627,1997,Clinton
336,235,627,1997,Clinton
337,235,627,1997,Clinton
338,235,627,1997,Clinton
339,235,627,1997,Clinton
340,236,627,1997,Clinton
341,236,627,1997,Clinton
342,237,627,1997,Clinton
343,237,627,1997,Clinton
344,237,627,1997,Clinton
345,237,627,1997,Clinton
346,238,627,1997,Clinton
347,239,627,1997,Clinton
348,240,627,1997,Clinton
349,241,627,1997,Clinton
350,241,627,1997,Clinton
351,242,627,1997,Clinton
352,242,627,1997,Clinton
353,242,627,1997,Clinton
354,243,627,1997,Clinton
355,243,627,1997,Clinton
356,243,627,1997,Clinton
357,243,627,1997,Clinton
358,243,627,1997,Clinton
359,243,627,1997,Clinton
360,244,627,1997,Clinton
361,244,627,1997,Clinton
362,245,627,1997,Clinton
363,245,627,1997,Clinton
364,245,627,1997,Clinton
365,245,627,1997,Clinton
366,245,627,1997,Clinton
367,246,627,1997,Clinton
368,247,627,1997,Clinton
369,247,627,1997,Clinton
370,247,627,1997,Clinton
371,247,627,1997,Clinton
372,247,627,1997,Clinton
373,247,627,1997,Clinton
374,248,627,1997,Clinton
375,248,627,1997,Clinton
376,248,627,1997,Clinton
377,249,627,1997,Clinton
378,249,627,1997,Clinton
379,249,627,1997,Clinton
380,250,627,1997,Clinton
381,250,627,1997,Clinton
382,250,627,1997,Clinton
383,250,627,1997,Clinton
384,250,627,1997,Clinton
385,250,627,1997,Clinton
386,250,627,1997,Clinton
387,251,627,1997,Clinton
388,251,627,1997,Clinton
389,252,627,1997,Clinton
390,252,627,1997,Clinton
391,252,627,1997,Clinton
392,253,627,1997,Clinton
393,253,627,1997,Clinton
394,254,627,1997,Clinton
395,254,627,1997,Clinton
396,254,627,1997,Clinton
397,254,627,1997,Clinton
398,254,627,1997,Clinton
399,255,627,1997,Clinton
400,256,627,1997,Clinton
401,256,627,1997,Clinton
402,256,627,1997,Clinton
403,257,627,1997,Clinton
404,257,627,1997,Clinton
405,257,627,1997,Clinton
406,257,627,1997,Clinton
407,257,627,1997,Clinton
408,258,627,1997,Clinton
409,259,627,1997,Clinton
410,260,627,1997,Clinton
411,261,627,1997,Clinton
412,262,627,1997,Clinton
413,262,627,1997,Clinton
414,262,627,1997,Clinton
415,263,627,1997,Clinton
416,264,627,1997,Clinton
417,265,627,1997,Clinton
418,266,627,1997,Clinton
419,267,627,1997,Clinton
420,268,627,1997,Clinton
421,269,627,1997,Clinton
422,270,627,1997,Clinton
423,271,627,1997,Clinton
424,271,627,1997,Clinton
425,272,627,1997,Clinton
426,273,627,1997,Clinton
427,274,627,1997,Clinton
428,275,627,1997,Clinton
429,275,627,1997,Clinton
430,275,627,1997,Clinton
431,276,627,1997,Clinton
432,277,627,1997,Clinton
433,278,627,1997,Clinton
434,279,627,1997,Clinton
435,280,627,1997,Clinton
436,280,627,1997,Clinton
437,280,627,1997,Clinton
438,280,627,1997,Clinton
439,281,627,1997,Clinton
440,282,627,1997,Clinton
441,282,627,1997,Clinton
442,282,627,1997,Clinton
443,283,627,1997,Clinton
444,283,627,1997,Clinton
445,283,627,1997,Clinton
446,284,627,1997,Clinton
447,284,627,1997,Clinton
448,285,627,1997,Clinton
449,285,627,1997,Clinton
450,286,627,1997,Clinton
451,286,627,1997,Clinton
452,286,627,1997,Clinton
453,286,627,1997,Clinton
454,287,627,1997,Clinton
455,287,627,1997,Clinton
456,287,627,1997,Clinton
457,288,627,1997,Clinton
458,288,627,1997,Clinton
459,288,627,1997,Clinton
460,288,627,1997,Clinton
461,288,627,1997,Clinton
462,288,627,1997,Clinton
463,288,627,1997,Clinton
464,289,627,1997,Clinton
465,290,627,1997,Clinton
466,290,627,1997,Clinton
467,290,627,1997,Clinton
468,290,627,1997,Clinton
469,290,627,1997,Clinton
470,290,627,1997,Clinton
471,290,627,1997,Clinton
472,290,627,1997,Clinton
473,290,627,1997,Clinton
474,291,627,1997,Clinton
475,292,627,1997,Clinton
476,292,627,1997,Clinton
477,293,627,1997,Clinton
478,293,627,1997,Clinton
479,294,627,1997,Clinton
480,294,627,1997,Clinton
481,295,627,1997,Clinton
482,296,627,1997,Clinton
483,296,627,1997,Clinton
484,297,627,1997,Clinton
485,298,627,1997,Clinton
486,298,627,1997,Clinton
487,298,627,1997,Clinton
488,299,627,1997,Clinton
489,300,627,1997,Clinton
490,300,627,1997,Clinton
491,300,627,1997,Clinton
492,301,627,1997,Clinton
493,301,627,1997,Clinton
494,302,627,1997,Clinton
495,302,627,1997,Clinton
496,303,627,1997,Clinton
497,304,627,1997,Clinton
498,305,627,1997,Clinton
499,306,627,1997,Clinton
500,307,627,1997,Clinton
501,307,627,1997,Clinton
502,308,627,1997,Clinton
503,309,627,1997,Clinton
504,309,627,1997,Clinton
505,310,627,1997,Clinton
506,311,627,1997,Clinton
507,311,627,1997,Clinton
508,311,627,1997,Clinton
509,312,627,1997,Clinton
510,313,627,1997,Clinton
511,313,627,1997,Clinton
512,314,627,1997,Clinton
513,314,627,1997,Clinton
514,315,627,1997,Clinton
515,316,627,1997,Clinton
516,317,627,1997,Clinton
517,317,627,1997,Clinton
518,318,627,1997,Clinton
519,318,627,1997,Clinton
520,318,627,1997,Clinton
521,319,627,1997,Clinton
522,319,627,1997,Clinton
523,320,627,1997,Clinton
524,320,627,1997,Clinton
525,320,627,1997,Clinton
526,321,627,1997,Clinton
527,322,627,1997,Clinton
528,323,627,1997,Clinton
529,323,627,1997,Clinton
530,324,627,1997,Clinton
531,325,627,1997,Clinton
532,326,627,1997,Clinton
533,327,627,1997,Clinton
534,327,627,1997,Clinton
535,327,627,1997,Clinton
536,328,627,1997,Clinton
537,329,627,1997,Clinton
538,330,627,1997,Clinton
539,331,627,1997,Clinton
540,332,627,1997,Clinton
541,333,627,1997,Clinton
542,334,627,1997,Clinton
543,335,627,1997,Clinton
544,335,627,1997,Clinton
545,336,627,1997,Clinton
546,337,627,1997,Clinton
547,337,627,1997,Clinton
548,337,627,1997,Clinton
549,338,627,1997,Clinton
550,339,627,1997,Clinton
551,339,627,1997,Clinton
552,339,627,1997,Clinton
553,340,627,1997,Clinton
554,341,627,1997,Clinton
555,341,627,1997,Clinton
556,341,627,1997,Clinton
557,341,627,1997,Clinton
558,342,627,1997,Clinton
559,343,627,1997,Clinton
560,344,627,1997,Clinton
561,344,627,1997,Clinton
562,344,627,1997,Clinton
563,345,627,1997,Clinton
564,346,627,1997,Clinton
565,346,627,1997,Clinton
566,346,627,1997,Clinton
567,347,627,1997,Clinton
568,347,627,1997,Clinton
569,348,627,1997,Clinton
570,348,627,1997,Clinton
571,349,627,1997,Clinton
572,349,627,1997,Clinton
573,349,627,1997,Clinton
574,349,627,1997,Clinton
575,350,627,1997,Clinton
576,350,627,1997,Clinton
577,351,627,1997,Clinton
578,352,627,1997,Clinton
579,352,627,1997,Clinton
580,352,627,1997,Clinton
581,352,627,1997,Clinton
582,353,627,1997,Clinton
583,354,627,1997,Clinton
584,355,627,1997,Clinton
585,356,627,1997,Clinton
586,357,627,1997,Clinton
587,358,627,1997,Clinton
588,359,627,1997,Clinton
589,359,627,1997,Clinton
590,360,627,1997,Clinton
591,361,627,1997,Clinton
592,362,627,1997,Clinton
593,363,627,1997,Clinton
594,364,627,1997,Clinton
595,364,627,1997,Clinton
596,365,627,1997,Clinton
597,366,627,1997,Clinton
598,366,627,1997,Clinton
599,367,627,1997,Clinton
600,368,627,1997,Clinton
601,369,627,1997,Clinton
602,370,627,1997,Clinton
603,370,627,1997,Clinton
604,370,627,1997,Clinton
605,371,627,1997,Clinton
606,372,627,1997,Clinton
607,373,627,1997,Clinton
608,374,627,1997,Clinton
609,375,627,1997,Clinton
610,376,627,1997,Clinton
611,376,627,1997,Clinton
612,376,627,1997,Clinton
613,377,627,1997,Clinton
614,378,627,1997,Clinton
615,378,627,1997,Clinton
616,379,627,1997,Clinton
617,380,627,1997,Clinton
618,381,627,1997,Clinton
619,381,627,1997,Clinton
620,382,627,1997,Clinton
621,382,627,1997,Clinton
622,383,627,1997,Clinton
623,384,627,1997,Clinton
624,385,627,1997,Clinton
625,386,627,1997,Clinton
626,387,627,1997,Clinton
627,387,627,1997,Clinton
628,387,627,1997,Clinton
629,387,627,1997,Clinton
630,387,627,1997,Clinton
631,387,627,1997,Clinton
632,387,627,1997,Clinton
633,387,627,1997,Clinton
634,387,627,1997,Clinton
635,387,627,1997,Clinton
636,388,627,1997,Clinton
637,388,627,1997,Clinton
638,389,627,1997,Clinton
639,389,627,1997,Clinton
640,390,627,1997,Clinton
641,390,627,1997,Clinton
642,390,627,1997,Clinton
643,391,627,1997,Clinton
644,391,627,1997,Clinton
645,391,627,1997,Clinton
646,391,627,1997,Clinton
647,392,627,1997,Clinton
648,393,627,1997,Clinton
649,394,627,1997,Clinton
650,394,627,1997,Clinton
651,395,627,1997,Clinton
652,396,627,1997,Clinton
653,397,627,1997,Clinton
654,398,627,1997,Clinton
655,399,627,1997,Clinton
656,400,627,1997,Clinton
657,400,627,1997,Clinton
658,400,627,1997,Clinton
659,400,627,1997,Clinton
660,401,627,1997,Clinton
661,401,627,1997,Clinton
662,402,627,1997,Clinton
663,403,627,1997,Clinton
664,404,627,1997,Clinton
665,405,627,1997,Clinton
666,406,627,1997,Clinton
667,406,627,1997,Clinton
668,406,627,1997,Clinton
669,406,627,1997,Clinton
670,406,627,1997,Clinton
671,406,627,1997,Clinton
672,406,627,1997,Clinton
673,406,627,1997,Clinton
674,407,627,1997,Clinton
675,408,627,1997,Clinton
676,408,627,1997,Clinton
677,409,627,1997,Clinton
678,410,627,1997,Clinton
679,411,627,1997,Clinton
680,412,627,1997,Clinton
681,412,627,1997,Clinton
682,412,627,1997,Clinton
683,412,627,1997,Clinton
684,412,627,1997,Clinton
685,412,627,1997,Clinton
686,412,627,1997,Clinton
687,412,627,1997,Clinton
688,412,627,1997,Clinton
689,412,627,1997,Clinton
690,413,627,1997,Clinton
691,413,627,1997,Clinton
692,414,627,1997,Clinton
693,414,627,1997,Clinton
694,414,627,1997,Clinton
695,415,627,1997,Clinton
696,415,627,1997,Clinton
697,415,627,1997,Clinton
698,416,627,1997,Clinton
699,416,627,1997,Clinton
700,416,627,1997,Clinton
701,416,627,1997,Clinton
702,416,627,1997,Clinton
703,416,627,1997,Clinton
704,416,627,1997,Clinton
705,417,627,1997,Clinton
706,417,627,1997,Clinton
707,417,627,1997,Clinton
708,418,627,1997,Clinton
709,419,627,1997,Clinton
710,419,627,1997,Clinton
711,419,627,1997,Clinton
712,420,627,1997,Clinton
713,421,627,1997,Clinton
714,421,627,1997,Clinton
715,422,627,1997,Clinton
716,423,627,1997,Clinton
717,424,627,1997,Clinton
718,424,627,1997,Clinton
719,424,627,1997,Clinton
720,425,627,1997,Clinton
721,425,627,1997,Clinton
722,426,627,1997,Clinton
723,426,627,1997,Clinton
724,426,627,1997,Clinton
725,427,627,1997,Clinton
726,427,627,1997,Clinton
727,428,627,1997,Clinton
728,428,627,1997,Clinton
729,429,627,1997,Clinton
730,429,627,1997,Clinton
731,429,627,1997,Clinton
732,429,627,1997,Clinton
733,429,627,1997,Clinton
734,430,627,1997,Clinton
735,430,627,1997,Clinton
736,431,627,1997,Clinton
737,431,627,1997,Clinton
738,432,627,1997,Clinton
739,432,627,1997,Clinton
740,432,627,1997,Clinton
741,433,627,1997,Clinton
742,433,627,1997,Clinton
743,433,627,1997,Clinton
744,433,627,1997,Clinton
745,433,627,1997,Clinton
746,434,627,1997,Clinton
747,434,627,1997,Clinton
748,434,627,1997,Clinton
749,435,627,1997,Clinton
750,435,627,1997,Clinton
751,436,627,1997,Clinton
752,437,627,1997,Clinton
753,437,627,1997,Clinton
754,437,627,1997,Clinton
755,437,627,1997,Clinton
756,438,627,1997,Clinton
757,438,627,1997,Clinton
758,438,627,1997,Clinton
759,439,627,1997,Clinton
760,440,627,1997,Clinton
761,440,627,1997,Clinton
762,440,627,1997,Clinton
763,441,627,1997,Clinton
764,442,627,1997,Clinton
765,442,627,1997,Clinton
766,442,627,1997,Clinton
767,442,627,1997,Clinton
768,443,627,1997,Clinton
769,444,627,1997,Clinton
770,444,627,1997,Clinton
771,445,627,1997,Clinton
772,446,627,1997,Clinton
773,446,627,1997,Clinton
774,446,627,1997,Clinton
775,446,627,1997,Clinton
776,447,627,1997,Clinton
777,447,627,1997,Clinton
778,448,627,1997,Clinton
779,449,627,1997,Clinton
780,449,627,1997,Clinton
781,449,627,1997,Clinton
782,449,627,1997,Clinton
783,449,627,1997,Clinton
784,450,627,1997,Clinton
785,451,627,1997,Clinton
786,451,627,1997,Clinton
787,451,627,1997,Clinton
788,452,627,1997,Clinton
789,453,627,1997,Clinton
790,453,627,1997,Clinton
791,454,627,1997,Clinton
792,454,627,1997,Clinton
793,454,627,1997,Clinton
794,455,627,1997,Clinton
795,455,627,1997,Clinton
796,455,627,1997,Clinton
797,456,627,1997,Clinton
798,457,627,1997,Clinton
799,458,627,1997,Clinton
800,459,627,1997,Clinton
801,459,627,1997,Clinton
802,460,627,1997,Clinton
803,460,627,1997,Clinton
804,461,627,1997,Clinton
805,461,627,1997,Clinton
806,461,627,1997,Clinton
807,462,627,1997,Clinton
808,462,627,1997,Clinton
809,463,627,1997,Clinton
810,464,627,1997,Clinton
811,465,627,1997,Clinton
812,466,627,1997,Clinton
813,467,627,1997,Clinton
814,468,627,1997,Clinton
815,469,627,1997,Clinton
816,470,627,1997,Clinton
817,471,627,1997,Clinton
818,472,627,1997,Clinton
819,473,627,1997,Clinton
820,474,627,1997,Clinton
821,475,627,1997,Clinton
822,475,627,1997,Clinton
823,475,627,1997,Clinton
824,475,627,1997,Clinton
825,475,627,1997,Clinton
826,476,627,1997,Clinton
827,477,627,1997,Clinton
828,477,627,1997,Clinton
829,477,627,1997,Clinton
830,477,627,1997,Clinton
831,477,627,1997,Clinton
832,477,627,1997,Clinton
833,477,627,1997,Clinton
834,477,627,1997,Clinton
835,478,627,1997,Clinton
836,479,627,1997,Clinton
837,479,627,1997,Clinton
838,480,627,1997,Clinton
839,481,627,1997,Clinton
840,482,627,1997,Clinton
841,483,627,1997,Clinton
842,483,627,1997,Clinton
843,483,627,1997,Clinton
844,483,627,1997,Clinton
845,483,627,1997,Clinton
846,484,627,1997,Clinton
847,485,627,1997,Clinton
848,486,627,1997,Clinton
849,487,627,1997,Clinton
850,487,627,1997,Clinton
851,488,627,1997,Clinton
852,489,627,1997,Clinton
853,489,627,1997,Clinton
854,490,627,1997,Clinton
855,491,627,1997,Clinton
856,491,627,1997,Clinton
857,492,627,1997,Clinton
858,492,627,1997,Clinton
859,492,627,1997,Clinton
860,492,627,1997,Clinton
861,493,627,1997,Clinton
862,493,627,1997,Clinton
863,494,627,1997,Clinton
864,494,627,1997,Clinton
865,494,627,1997,Clinton
866,495,627,1997,Clinton
867,495,627,1997,Clinton
868,496,627,1997,Clinton
869,497,627,1997,Clinton
870,498,627,1997,Clinton
871,499,627,1997,Clinton
872,500,627,1997,Clinton
873,500,627,1997,Clinton
874,500,627,1997,Clinton
875,500,627,1997,Clinton
876,500,627,1997,Clinton
877,500,627,1997,Clinton
878,501,627,1997,Clinton
879,502,627,1997,Clinton
880,503,627,1997,Clinton
881,503,627,1997,Clinton
882,504,627,1997,Clinton
883,505,627,1997,Clinton
884,506,627,1997,Clinton
885,507,627,1997,Clinton
886,508,627,1997,Clinton
887,508,627,1997,Clinton
888,509,627,1997,Clinton
889,510,627,1997,Clinton
890,511,627,1997,Clinton
891,512,627,1997,Clinton
892,512,627,1997,Clinton
893,512,627,1997,Clinton
894,512,627,1997,Clinton
895,512,627,1997,Clinton
896,512,627,1997,Clinton
897,512,627,1997,Clinton
898,512,627,1997,Clinton
899,512,627,1997,Clinton
900,513,627,1997,Clinton
901,514,627,1997,Clinton
902,515,627,1997,Clinton
903,515,627,1997,Clinton
904,516,627,1997,Clinton
905,517,627,1997,Clinton
906,517,627,1997,Clinton
907,517,627,1997,Clinton
908,518,627,1997,Clinton
909,518,627,1997,Clinton
910,518,627,1997,Clinton
911,519,627,1997,Clinton
912,519,627,1997,Clinton
913,519,627,1997,Clinton
914,520,627,1997,Clinton
915,520,627,1997,Clinton
916,520,627,1997,Clinton
917,520,627,1997,Clinton
918,521,627,1997,Clinton
919,521,627,1997,Clinton
920,521,627,1997,Clinton
921,522,627,1997,Clinton
922,522,627,1997,Clinton
923,522,627,1997,Clinton
924,522,627,1997,Clinton
925,522,627,1997,Clinton
926,522,627,1997,Clinton
927,522,627,1997,Clinton
928,522,627,1997,Clinton
929,522,627,1997,Clinton
930,523,627,1997,Clinton
931,523,627,1997,Clinton
932,524,627,1997,Clinton
933,525,627,1997,Clinton
934,526,627,1997,Clinton
935,527,627,1997,Clinton
936,528,627,1997,Clinton
937,528,627,1997,Clinton
938,528,627,1997,Clinton
939,528,627,1997,Clinton
940,529,627,1997,Clinton
941,529,627,1997,Clinton
942,529,627,1997,Clinton
943,529,627,1997,Clinton
944,530,627,1997,Clinton
945,531,627,1997,Clinton
946,531,627,1997,Clinton
947,532,627,1997,Clinton
948,532,627,1997,Clinton
949,533,627,1997,Clinton
950,533,627,1997,Clinton
951,533,627,1997,Clinton
952,534,627,1997,Clinton
953,535,627,1997,Clinton
954,535,627,1997,Clinton
955,536,627,1997,Clinton
956,536,627,1997,Clinton
957,536,627,1997,Clinton
958,537,627,1997,Clinton
959,537,627,1997,Clinton
960,538,627,1997,Clinton
961,538,627,1997,Clinton
962,538,627,1997,Clinton
963,538,627,1997,Clinton
964,538,627,1997,Clinton
965,539,627,1997,Clinton
966,540,627,1997,Clinton
967,541,627,1997,Clinton
968,541,627,1997,Clinton
969,541,627,1997,Clinton
970,542,627,1997,Clinton
971,542,627,1997,Clinton
972,543,627,1997,Clinton
973,544,627,1997,Clinton
974,545,627,1997,Clinton
975,545,627,1997,Clinton
976,545,627,1997,Clinton
977,545,627,1997,Clinton
978,546,627,1997,Clinton
979,547,627,1997,Clinton
980,547,627,1997,Clinton
981,548,627,1997,Clinton
982,549,627,1997,Clinton
983,549,627,1997,Clinton
984,550,627,1997,Clinton
985,551,627,1997,Clinton
986,551,627,1997,Clinton
987,551,627,1997,Clinton
988,551,627,1997,Clinton
989,551,627,1997,Clinton
990,552,627,1997,Clinton
991,552,627,1997,Clinton
992,552,627,1997,Clinton
993,552,627,1997,Clinton
994,553,627,1997,Clinton
995,553,627,1997,Clinton
996,553,627,1997,Clinton
997,553,627,1997,Clinton
998,553,627,1997,Clinton
999,553,627,1997,Clinton
1000,554,627,1997,Clinton
1001,555,627,1997,Clinton
1002,555,627,1997,Clinton
1003,555,627,1997,Clinton
1004,555,627,1997,Clinton
1005,556,627,1997,Clinton
1006,556,627,1997,Clinton
1007,556,627,1997,Clinton
1008,557,627,1997,Clinton
1009,558,627,1997,Clinton
1010,559,627,1997,Clinton
1011,559,627,1997,Clinton
1012,559,627,1997,Clinton
1013,559,627,1997,Clinton
1014,559,627,1997,Clinton
1015,560,627,1997,Clinton
1016,560,627,1997,Clinton
1017,561,627,1997,Clinton
1018,561,627,1997,Clinton
1019,562,627,1997,Clinton
1020,562,627,1997,Clinton
1021,562,627,1997,Clinton
1022,563,627,1997,Clinton
1023,563,627,1997,Clinton
1024,563,627,1997,Clinton
1025,564,627,1997,Clinton
1026,565,627,1997,Clinton
1027,566,627,1997,Clinton
1028,567,627,1997,Clinton
1029,568,627,1997,Clinton
1030,569,627,1997,Clinton
1031,570,627,1997,Clinton
1032,571,627,1997,Clinton
1033,571,627,1997,Clinton
1034,571,627,1997,Clinton
1035,572,627,1997,Clinton
1036,573,627,1997,Clinton
1037,574,627,1997,Clinton
1038,574,627,1997,Clinton
1039,574,627,1997,Clinton
1040,574,627,1997,Clinton
1041,575,627,1997,Clinton
1042,576,627,1997,Clinton
1043,577,627,1997,Clinton
1044,578,627,1997,Clinton
1045,578,627,1997,Clinton
1046,579,627,1997,Clinton
1047,579,627,1997,Clinton
1048,579,627,1997,Clinton
1049,580,627,1997,Clinton
1050,581,627,1997,Clinton
1051,581,627,1997,Clinton
1052,581,627,1997,Clinton
1053,582,627,1997,Clinton
1054,583,627,1997,Clinton
1055,584,627,1997,Clinton
1056,585,627,1997,Clinton
1057,586,627,1997,Clinton
1058,587,627,1997,Clinton
1059,587,627,1997,Clinton
1060,587,627,1997,Clinton
1061,588,627,1997,Clinton
1062,589,627,1997,Clinton
1063,589,627,1997,Clinton
1064,590,627,1997,Clinton
1065,591,627,1997,Clinton
1066,592,627,1997,Clinton
1067,593,627,1997,Clinton
1068,593,627,1997,Clinton
1069,594,627,1997,Clinton
1070,595,627,1997,Clinton
1071,595,627,1997,Clinton
1072,595,627,1997,Clinton
1073,595,627,1997,Clinton
1074,595,627,1997,Clinton
1075,595,627,1997,Clinton
1076,595,627,1997,Clinton
1077,595,627,1997,Clinton
1078,595,627,1997,Clinton
1079,595,627,1997,Clinton
1080,595,627,1997,Clinton
1081,595,627,1997,Clinton
1082,595,627,1997,Clinton
1083,595,627,1997,Clinton
1084,595,627,1997,Clinton
1085,595,627,1997,Clinton
1086,595,627,1997,Clinton
1087,595,627,1997,Clinton
1088,595,627,1997,Clinton
1089,595,627,1997,Clinton
1090,595,627,1997,Clinton
1091,595,627,1997,Clinton
1092,595,627,1997,Clinton
1093,595,627,1997,Clinton
1094,595,627,1997,Clinton
1095,596,627,1997,Clinton
1096,597,627,1997,Clinton
1097,597,627,1997,Clinton
1098,597,627,1997,Clinton
1099,597,627,1997,Clinton
1100,597,627,1997,Clinton
1101,597,627,1997,Clinton
1102,597,627,1997,Clinton
1103,597,627,1997,Clinton
1104,597,627,1997,Clinton
1105,598,627,1997,Clinton
1106,599,627,1997,Clinton
1107,600,627,1997,Clinton
1108,601,627,1997,Clinton
1109,602,627,1997,Clinton
1110,602,627,1997,Clinton
1111,602,627,1997,Clinton
1112,602,627,1997,Clinton
1113,602,627,1997,Clinton
1114,602,627,1997,Clinton
1115,602,627,1997,Clinton
1116,603,627,1997,Clinton
1117,604,627,1997,Clinton
1118,604,627,1997,Clinton
1119,604,627,1997,Clinton
1120,604,627,1997,Clinton
1121,604,627,1997,Clinton
1122,604,627,1997,Clinton
1123,605,627,1997,Clinton
1124,605,627,1997,Clinton
1125,605,627,1997,Clinton
1126,606,627,1997,Clinton
1127,606,627,1997,Clinton
1128,606,627,1997,Clinton
1129,606,627,1997,Clinton
1130,606,627,1997,Clinton
1131,606,627,1997,Clinton
1132,607,627,1997,Clinton
1133,608,627,1997,Clinton
1134,608,627,1997,Clinton
1135,608,627,1997,Clinton
1136,608,627,1997,Clinton
1137,608,627,1997,Clinton
1138,609,627,1997,Clinton
1139,609,627,1997,Clinton
1140,609,627,1997,Clinton
1141,609,627,1997,Clinton
1142,609,627,1997,Clinton
1143,609,627,1997,Clinton
1144,609,627,1997,Clinton
1145,610,627,1997,Clinton
1146,610,627,1997,Clinton
1147,610,627,1997,Clinton
1148,610,627,1997,Clinton
1149,611,627,1997,Clinton
1150,611,627,1997,Clinton
1151,612,627,1997,Clinton
1152,613,627,1997,Clinton
1153,613,627,1997,Clinton
1154,613,627,1997,Clinton
1155,613,627,1997,Clinton
1156,613,627,1997,Clinton
1157,613,627,1997,Clinton
1158,614,627,1997,Clinton
1159,614,627,1997,Clinton
1160,614,627,1997,Clinton
1161,614,627,1997,Clinton
1162,614,627,1997,Clinton
1163,614,627,1997,Clinton
1164,615,627,1997,Clinton
1165,615,627,1997,Clinton
1166,615,627,1997,Clinton
1167,615,627,1997,Clinton
1168,616,627,1997,Clinton
1169,616,627,1997,Clinton
1170,617,627,1997,Clinton
1171,618,627,1997,Clinton
1172,618,627,1997,Clinton
1173,619,627,1997,Clinton
1174,620,627,1997,Clinton
1175,621,627,1997,Clinton
1176,622,627,1997,Clinton
1177,622,627,1997,Clinton
1178,622,627,1997,Clinton
1179,622,627,1997,Clinton
1180,622,627,1997,Clinton
1181,623,627,1997,Clinton
1182,623,627,1997,Clinton
1183,624,627,1997,Clinton
1184,625,627,1997,Clinton
1185,625,627,1997,Clinton
1186,625,627,1997,Clinton
1187,625,627,1997,Clinton
1188,626,627,1997,Clinton
1189,626,627,1997,Clinton
1190,626,627,1997,Clinton
1191,627,627,1997,Clinton
1192,627,627,1997,Clinton
